url	canonical	issue_type
	https://equsto.com	WRONG_CANONICAL
	https://equsto.com/sepet	WRONG_CANONICAL
	https://equsto.com/arama	WRONG_CANONICAL
	https://equsto.com/shop/marka	WRONG_CANONICAL
	https://equsto.com/sepet	WRONG_CANONICAL
	https://equsto.com/shop/pisirme	WRONG_CANONICAL
	https://equsto.com/en/shop/pisirme	WRONG_CANONICAL
	https://equsto.com/shop/pisirme	WRONG_CANONICAL
	https://equsto.com/en/shop/pisirme	WRONG_CANONICAL
	https://equsto.com/shop/pisirme	WRONG_CANONICAL
	https://equsto.com/en/shop/pisirme	WRONG_CANONICAL
	https://equsto.com/shop/pisirme	WRONG_CANONICAL
	https://equsto.com/en/shop/pisirme	WRONG_CANONICAL
	https://equsto.com/shop/pisirme	WRONG_CANONICAL
	https://equsto.com/en/shop/pisirme	WRONG_CANONICAL
	https://equsto.com/shop/pisirme	WRONG_CANONICAL
	https://equsto.com/en/shop/pisirme	WRONG_CANONICAL
	https://equsto.com/shop/pisirme	WRONG_CANONICAL
	https://equsto.com/en/shop/pisirme	WRONG_CANONICAL
	https://equsto.com/shop/pisirme	WRONG_CANONICAL
	https://equsto.com/en/shop/pisirme	WRONG_CANONICAL
	https://equsto.com/shop/pisirme	WRONG_CANONICAL
	https://equsto.com/en/shop/pisirme	WRONG_CANONICAL
	https://equsto.com/shop/pisirme	WRONG_CANONICAL
	https://equsto.com/en/shop/pisirme	WRONG_CANONICAL
	https://equsto.com/shop/pisirme	WRONG_CANONICAL
	https://equsto.com/en/shop/pisirme	WRONG_CANONICAL
	https://equsto.com/shop/pisirme	WRONG_CANONICAL
	https://equsto.com/en/shop/pisirme	WRONG_CANONICAL
	https://equsto.com/shop/pisirme	WRONG_CANONICAL
	https://equsto.com/en/shop/pisirme	WRONG_CANONICAL
	https://equsto.com/shop/pisirme	WRONG_CANONICAL
	https://equsto.com/en/shop/pisirme	WRONG_CANONICAL
	https://equsto.com/shop/pisirme	WRONG_CANONICAL
	https://equsto.com/en/shop/pisirme	WRONG_CANONICAL
	https://equsto.com/shop/pisirme	WRONG_CANONICAL
	https://equsto.com/en/shop/pisirme	WRONG_CANONICAL
	https://equsto.com/shop/pisirme	WRONG_CANONICAL
	https://equsto.com/en/shop/pisirme	WRONG_CANONICAL
	https://equsto.com/shop/pisirme	WRONG_CANONICAL
	https://equsto.com/en/shop/pisirme	WRONG_CANONICAL
	https://equsto.com/shop/pisirme	WRONG_CANONICAL
	https://equsto.com/en/shop/pisirme	WRONG_CANONICAL
	https://equsto.com/shop/pisirme	WRONG_CANONICAL
	https://equsto.com/en/shop/pisirme	WRONG_CANONICAL
	https://equsto.com/shop/pisirme	WRONG_CANONICAL
	https://equsto.com/en/shop/pisirme	WRONG_CANONICAL
	https://equsto.com/shop/pisirme	WRONG_CANONICAL
	https://equsto.com/en/shop/pisirme	WRONG_CANONICAL
	https://equsto.com/shop/pisirme	WRONG_CANONICAL
	https://equsto.com/en/shop/pisirme	WRONG_CANONICAL
	https://equsto.com/shop/pisirme	WRONG_CANONICAL
	https://equsto.com/en/shop/pisirme	WRONG_CANONICAL
	https://equsto.com/shop/pisirme	WRONG_CANONICAL
	https://equsto.com/en/shop/pisirme	WRONG_CANONICAL
	https://equsto.com/shop/pisirme	WRONG_CANONICAL
	https://equsto.com/en/shop/pisirme	WRONG_CANONICAL
	https://equsto.com/shop/sogutma	WRONG_CANONICAL
	https://equsto.com/en/shop/sogutma	WRONG_CANONICAL
	https://equsto.com/shop/sogutma	WRONG_CANONICAL
	https://equsto.com/en/shop/sogutma	WRONG_CANONICAL
	https://equsto.com/shop/sogutma	WRONG_CANONICAL
	https://equsto.com/en/shop/sogutma	WRONG_CANONICAL
	https://equsto.com/shop/sogutma	WRONG_CANONICAL
	https://equsto.com/en/shop/sogutma	WRONG_CANONICAL
	https://equsto.com/shop/sogutma	WRONG_CANONICAL
	https://equsto.com/en/shop/sogutma	WRONG_CANONICAL
	https://equsto.com/shop/sogutma	WRONG_CANONICAL
	https://equsto.com/en/shop/sogutma	WRONG_CANONICAL
	https://equsto.com/shop/sogutma	WRONG_CANONICAL
	https://equsto.com/en/shop/sogutma	WRONG_CANONICAL
	https://equsto.com/shop/sogutma	WRONG_CANONICAL
	https://equsto.com/en/shop/sogutma	WRONG_CANONICAL
	https://equsto.com/shop/sogutma	WRONG_CANONICAL
	https://equsto.com/en/shop/sogutma	WRONG_CANONICAL
	https://equsto.com/shop/sogutma	WRONG_CANONICAL
	https://equsto.com/en/shop/sogutma	WRONG_CANONICAL
	https://equsto.com/shop/sogutma	WRONG_CANONICAL
	https://equsto.com/en/shop/sogutma	WRONG_CANONICAL
	https://equsto.com/shop/kahve	WRONG_CANONICAL
	https://equsto.com/en/shop/kahve	WRONG_CANONICAL
	https://equsto.com/shop/kahve	WRONG_CANONICAL
	https://equsto.com/en/shop/kahve	WRONG_CANONICAL
	https://equsto.com/shop/kahve	WRONG_CANONICAL
	https://equsto.com/en/shop/kahve	WRONG_CANONICAL
	https://equsto.com/shop/kahve	WRONG_CANONICAL
	https://equsto.com/en/shop/kahve	WRONG_CANONICAL
	https://equsto.com/shop/kahve	WRONG_CANONICAL
	https://equsto.com/en/shop/kahve	WRONG_CANONICAL
	https://equsto.com/shop/yikama	WRONG_CANONICAL
	https://equsto.com/en/shop/yikama	WRONG_CANONICAL
	https://equsto.com/shop/yikama	WRONG_CANONICAL
	https://equsto.com/en/shop/yikama	WRONG_CANONICAL
	https://equsto.com/shop/yikama	WRONG_CANONICAL
	https://equsto.com/en/shop/yikama	WRONG_CANONICAL
	https://equsto.com/shop/yikama	WRONG_CANONICAL
	https://equsto.com/en/shop/yikama	WRONG_CANONICAL
	https://equsto.com/shop/yikama	WRONG_CANONICAL
	https://equsto.com/en/shop/yikama	WRONG_CANONICAL
	https://equsto.com/shop/yikama	WRONG_CANONICAL
	https://equsto.com/en/shop/yikama	WRONG_CANONICAL
	https://equsto.com/shop/yikama	WRONG_CANONICAL
	https://equsto.com/en/shop/yikama	WRONG_CANONICAL
	https://equsto.com/shop/yikama	WRONG_CANONICAL
	https://equsto.com/en/shop/yikama	WRONG_CANONICAL
	https://equsto.com/shop/yikama	WRONG_CANONICAL
	https://equsto.com/en/shop/yikama	WRONG_CANONICAL
	https://equsto.com/shop/yikama	WRONG_CANONICAL
	https://equsto.com/en/shop/yikama	WRONG_CANONICAL
	https://equsto.com/shop/yikama	WRONG_CANONICAL
	https://equsto.com/en/shop/yikama	WRONG_CANONICAL
	https://equsto.com/shop/hazirlik	WRONG_CANONICAL
	https://equsto.com/en/shop/hazirlik	WRONG_CANONICAL
	https://equsto.com/shop/hazirlik	WRONG_CANONICAL
	https://equsto.com/en/shop/hazirlik	WRONG_CANONICAL
	https://equsto.com/shop/hazirlik	WRONG_CANONICAL
	https://equsto.com/en/shop/hazirlik	WRONG_CANONICAL
	https://equsto.com/shop/hazirlik	WRONG_CANONICAL
	https://equsto.com/en/shop/hazirlik	WRONG_CANONICAL
	https://equsto.com/shop/hazirlik	WRONG_CANONICAL
	https://equsto.com/en/shop/hazirlik	WRONG_CANONICAL
	https://equsto.com/shop/hazirlik	WRONG_CANONICAL
	https://equsto.com/en/shop/hazirlik	WRONG_CANONICAL
	https://equsto.com/shop/hazirlik	WRONG_CANONICAL
	https://equsto.com/en/shop/hazirlik	WRONG_CANONICAL
	https://equsto.com/shop/hazirlik	WRONG_CANONICAL
	https://equsto.com/en/shop/hazirlik	WRONG_CANONICAL
	https://equsto.com/shop/icecek	WRONG_CANONICAL
	https://equsto.com/en/shop/icecek	WRONG_CANONICAL
	https://equsto.com/shop/icecek	WRONG_CANONICAL
	https://equsto.com/en/shop/icecek	WRONG_CANONICAL
	https://equsto.com/shop/icecek	WRONG_CANONICAL
	https://equsto.com/en/shop/icecek	WRONG_CANONICAL
	https://equsto.com/shop/icecek	WRONG_CANONICAL
	https://equsto.com/en/shop/icecek	WRONG_CANONICAL
	https://equsto.com/shop/icecek	WRONG_CANONICAL
	https://equsto.com/en/shop/icecek	WRONG_CANONICAL
	https://equsto.com/shop/icecek	WRONG_CANONICAL
	https://equsto.com/en/shop/icecek	WRONG_CANONICAL
	https://equsto.com/shop/icecek	WRONG_CANONICAL
	https://equsto.com/en/shop/icecek	WRONG_CANONICAL
	https://equsto.com/shop/icecek	WRONG_CANONICAL
	https://equsto.com/en/shop/icecek	WRONG_CANONICAL
	https://equsto.com/shop/icecek	WRONG_CANONICAL
	https://equsto.com/en/shop/icecek	WRONG_CANONICAL
	https://equsto.com/shop/icecek	WRONG_CANONICAL
	https://equsto.com/en/shop/icecek	WRONG_CANONICAL
	https://equsto.com/shop/icecek	WRONG_CANONICAL
	https://equsto.com/en/shop/icecek	WRONG_CANONICAL
	https://equsto.com/shop/icecek	WRONG_CANONICAL
	https://equsto.com/en/shop/icecek	WRONG_CANONICAL
	https://equsto.com/shop/icecek	WRONG_CANONICAL
	https://equsto.com/en/shop/icecek	WRONG_CANONICAL
	https://equsto.com/shop/icecek	WRONG_CANONICAL
	https://equsto.com/en/shop/icecek	WRONG_CANONICAL
	https://equsto.com/shop/icecek	WRONG_CANONICAL
	https://equsto.com/en/shop/icecek	WRONG_CANONICAL
	https://equsto.com/shop/icecek	WRONG_CANONICAL
	https://equsto.com/en/shop/icecek	WRONG_CANONICAL
	https://equsto.com/shop/icecek	WRONG_CANONICAL
	https://equsto.com/en/shop/icecek	WRONG_CANONICAL
	https://equsto.com/shop/icecek	WRONG_CANONICAL
	https://equsto.com/en/shop/icecek	WRONG_CANONICAL
	https://equsto.com/shop/icecek	WRONG_CANONICAL
	https://equsto.com/en/shop/icecek	WRONG_CANONICAL
	https://equsto.com/shop/icecek	WRONG_CANONICAL
	https://equsto.com/en/shop/icecek	WRONG_CANONICAL
	https://equsto.com/shop/icecek	WRONG_CANONICAL
	https://equsto.com/en/shop/icecek	WRONG_CANONICAL
	https://equsto.com/shop/icecek	WRONG_CANONICAL
	https://equsto.com/en/shop/icecek	WRONG_CANONICAL
	https://equsto.com/shop/icecek	WRONG_CANONICAL
	https://equsto.com/en/shop/icecek	WRONG_CANONICAL
	https://equsto.com/shop/tezgah	WRONG_CANONICAL
	https://equsto.com/en/shop/tezgah	WRONG_CANONICAL
	https://equsto.com/shop/tezgah	WRONG_CANONICAL
	https://equsto.com/en/shop/tezgah	WRONG_CANONICAL
	https://equsto.com/shop/tezgah	WRONG_CANONICAL
	https://equsto.com/en/shop/tezgah	WRONG_CANONICAL
	https://equsto.com/shop/market-reyonlari	WRONG_CANONICAL
	https://equsto.com/en/shop/market-reyonlari	WRONG_CANONICAL
	https://equsto.com/shop/market-reyonlari	WRONG_CANONICAL
	https://equsto.com/en/shop/market-reyonlari	WRONG_CANONICAL
	https://equsto.com/shop/market-reyonlari	WRONG_CANONICAL
	https://equsto.com/en/shop/market-reyonlari	WRONG_CANONICAL
	https://equsto.com/shop/market-reyonlari	WRONG_CANONICAL
	https://equsto.com/en/shop/market-reyonlari	WRONG_CANONICAL
	https://equsto.com/shop/market-reyonlari	WRONG_CANONICAL
	https://equsto.com/en/shop/market-reyonlari	WRONG_CANONICAL
	https://equsto.com/shop/market-reyonlari	WRONG_CANONICAL
	https://equsto.com/en/shop/market-reyonlari	WRONG_CANONICAL
	https://equsto.com/shop/market-reyonlari	WRONG_CANONICAL
	https://equsto.com/en/shop/market-reyonlari	WRONG_CANONICAL
	https://equsto.com/shop/market-reyonlari	WRONG_CANONICAL
	https://equsto.com/en/shop/market-reyonlari	WRONG_CANONICAL
	https://equsto.com/shop/market-reyonlari	WRONG_CANONICAL
	https://equsto.com/en/shop/market-reyonlari	WRONG_CANONICAL
	https://equsto.com/shop/market-reyonlari	WRONG_CANONICAL
	https://equsto.com/en/shop/market-reyonlari	WRONG_CANONICAL
	https://equsto.com/shop/market-reyonlari	WRONG_CANONICAL
	https://equsto.com/en/shop/market-reyonlari	WRONG_CANONICAL
	https://equsto.com/shop/market-reyonlari	WRONG_CANONICAL
	https://equsto.com/en/shop/market-reyonlari	WRONG_CANONICAL
	https://equsto.com/shop/market-reyonlari	WRONG_CANONICAL
	https://equsto.com/en/shop/market-reyonlari	WRONG_CANONICAL
	https://equsto.com/shop/market-reyonlari	WRONG_CANONICAL
	https://equsto.com/en/shop/market-reyonlari	WRONG_CANONICAL
	https://equsto.com/shop/market-reyonlari	WRONG_CANONICAL
	https://equsto.com/en/shop/market-reyonlari	WRONG_CANONICAL
	https://equsto.com/shop/market-reyonlari	WRONG_CANONICAL
	https://equsto.com/en/shop/market-reyonlari	WRONG_CANONICAL
	https://equsto.com/shop/market-reyonlari	WRONG_CANONICAL
	https://equsto.com/en/shop/market-reyonlari	WRONG_CANONICAL
	https://equsto.com/shop/market-reyonlari	WRONG_CANONICAL
	https://equsto.com/en/shop/market-reyonlari	WRONG_CANONICAL
	https://equsto.com/shop/market-reyonlari	WRONG_CANONICAL
	https://equsto.com/en/shop/market-reyonlari	WRONG_CANONICAL
	https://equsto.com/shop/market-reyonlari	WRONG_CANONICAL
	https://equsto.com/en/shop/market-reyonlari	WRONG_CANONICAL
	https://equsto.com/shop/market-reyonlari	WRONG_CANONICAL
	https://equsto.com/en/shop/market-reyonlari	WRONG_CANONICAL
	https://equsto.com/shop/market-reyonlari	WRONG_CANONICAL
	https://equsto.com/en/shop/market-reyonlari	WRONG_CANONICAL
	https://equsto.com/shop/market-reyonlari	WRONG_CANONICAL
	https://equsto.com/en/shop/market-reyonlari	WRONG_CANONICAL
	https://equsto.com/shop/market-reyonlari	WRONG_CANONICAL
	https://equsto.com/en/shop/market-reyonlari	WRONG_CANONICAL
	https://equsto.com/shop/market-reyonlari	WRONG_CANONICAL
	https://equsto.com/en/shop/market-reyonlari	WRONG_CANONICAL
	https://equsto.com/shop/market-reyonlari	WRONG_CANONICAL
	https://equsto.com/en/shop/market-reyonlari	WRONG_CANONICAL
	https://equsto.com/shop/market-reyonlari	WRONG_CANONICAL
	https://equsto.com/en/shop/market-reyonlari	WRONG_CANONICAL
	https://equsto.com/shop/market-reyonlari	WRONG_CANONICAL
	https://equsto.com/en/shop/market-reyonlari	WRONG_CANONICAL
	https://equsto.com/shop/market-reyonlari	WRONG_CANONICAL
	https://equsto.com/en/shop/market-reyonlari	WRONG_CANONICAL
	https://equsto.com/shop/market-reyonlari	WRONG_CANONICAL
	https://equsto.com/en/shop/market-reyonlari	WRONG_CANONICAL
	https://equsto.com/shop/market-reyonlari	WRONG_CANONICAL
	https://equsto.com/en/shop/market-reyonlari	WRONG_CANONICAL
	https://equsto.com/shop/market-reyonlari	WRONG_CANONICAL
	https://equsto.com/en/shop/market-reyonlari	WRONG_CANONICAL
	https://equsto.com/shop/market-reyonlari	WRONG_CANONICAL
	https://equsto.com/en/shop/market-reyonlari	WRONG_CANONICAL
	https://equsto.com/shop/market-reyonlari	WRONG_CANONICAL
	https://equsto.com/en/shop/market-reyonlari	WRONG_CANONICAL
	https://equsto.com/shop/market-reyonlari	WRONG_CANONICAL
	https://equsto.com/en/shop/market-reyonlari	WRONG_CANONICAL
	https://equsto.com/shop/market-reyonlari	WRONG_CANONICAL
	https://equsto.com/en/shop/market-reyonlari	WRONG_CANONICAL
	https://equsto.com/shop/set-ustu-mutfak	WRONG_CANONICAL
	https://equsto.com/en/shop/set-ustu-mutfak	WRONG_CANONICAL
	https://equsto.com/shop/set-ustu-mutfak	WRONG_CANONICAL
	https://equsto.com/en/shop/set-ustu-mutfak	WRONG_CANONICAL
	https://equsto.com/shop/set-ustu-mutfak	WRONG_CANONICAL
	https://equsto.com/en/shop/set-ustu-mutfak	WRONG_CANONICAL
	https://equsto.com/shop/set-ustu-mutfak	WRONG_CANONICAL
	https://equsto.com/en/shop/set-ustu-mutfak	WRONG_CANONICAL
	https://equsto.com/shop/set-ustu-mutfak	WRONG_CANONICAL
	https://equsto.com/en/shop/set-ustu-mutfak	WRONG_CANONICAL
	https://equsto.com/shop/set-ustu-mutfak	WRONG_CANONICAL
	https://equsto.com/en/shop/set-ustu-mutfak	WRONG_CANONICAL
	https://equsto.com/shop/set-ustu-mutfak	WRONG_CANONICAL
	https://equsto.com/en/shop/set-ustu-mutfak	WRONG_CANONICAL
	https://equsto.com/shop/set-ustu-mutfak	WRONG_CANONICAL
	https://equsto.com/en/shop/set-ustu-mutfak	WRONG_CANONICAL
	https://equsto.com/shop/set-ustu-mutfak	WRONG_CANONICAL
	https://equsto.com/en/shop/set-ustu-mutfak	WRONG_CANONICAL
	https://equsto.com/shop/set-ustu-mutfak	WRONG_CANONICAL
	https://equsto.com/en/shop/set-ustu-mutfak	WRONG_CANONICAL
	https://equsto.com/shop/set-ustu-mutfak	WRONG_CANONICAL
	https://equsto.com/en/shop/set-ustu-mutfak	WRONG_CANONICAL
	https://equsto.com/shop/set-ustu-mutfak	WRONG_CANONICAL
	https://equsto.com/en/shop/set-ustu-mutfak	WRONG_CANONICAL
	https://equsto.com/shop/set-ustu-mutfak	WRONG_CANONICAL
	https://equsto.com/en/shop/set-ustu-mutfak	WRONG_CANONICAL
	https://equsto.com/shop/set-ustu-mutfak	WRONG_CANONICAL
	https://equsto.com/en/shop/set-ustu-mutfak	WRONG_CANONICAL
	https://equsto.com/shop/set-ustu-mutfak	WRONG_CANONICAL
	https://equsto.com/en/shop/set-ustu-mutfak	WRONG_CANONICAL
	https://equsto.com/shop/set-ustu-mutfak	WRONG_CANONICAL
	https://equsto.com/en/shop/set-ustu-mutfak	WRONG_CANONICAL
	https://equsto.com/shop/set-ustu-mutfak	WRONG_CANONICAL
	https://equsto.com/en/shop/set-ustu-mutfak	WRONG_CANONICAL
	https://equsto.com/shop/set-ustu-mutfak	WRONG_CANONICAL
	https://equsto.com/en/shop/set-ustu-mutfak	WRONG_CANONICAL
	https://equsto.com/shop/set-ustu-mutfak	WRONG_CANONICAL
	https://equsto.com/en/shop/set-ustu-mutfak	WRONG_CANONICAL
	https://equsto.com/shop/set-ustu-mutfak	WRONG_CANONICAL
	https://equsto.com/en/shop/set-ustu-mutfak	WRONG_CANONICAL
	https://equsto.com/shop/set-ustu-mutfak	WRONG_CANONICAL
	https://equsto.com/en/shop/set-ustu-mutfak	WRONG_CANONICAL
	https://equsto.com/shop/set-ustu-mutfak	WRONG_CANONICAL
	https://equsto.com/en/shop/set-ustu-mutfak	WRONG_CANONICAL
	https://equsto.com/shop/set-ustu-mutfak	WRONG_CANONICAL
	https://equsto.com/en/shop/set-ustu-mutfak	WRONG_CANONICAL
	https://equsto.com/shop/set-ustu-mutfak	WRONG_CANONICAL
	https://equsto.com/en/shop/set-ustu-mutfak	WRONG_CANONICAL
	https://equsto.com/shop/kuvetler	WRONG_CANONICAL
	https://equsto.com/en/shop/kuvetler	WRONG_CANONICAL
	https://equsto.com/shop/kuvetler	WRONG_CANONICAL
	https://equsto.com/en/shop/kuvetler	WRONG_CANONICAL
	https://equsto.com/shop/kuvetler	WRONG_CANONICAL
	https://equsto.com/en/shop/kuvetler	WRONG_CANONICAL
	https://equsto.com/shop/kuvetler	WRONG_CANONICAL
	https://equsto.com/en/shop/kuvetler	WRONG_CANONICAL
