urun_adi,sku,oztiryakiler_url,alt_kategoriler,kategori_ana,mevcut_satis_fiyati,liste_fiyati,eslesme_durumu,equsto_fiyat_tl,equsto_urun_kodu,equsto_url
Alüminyum Pizza Tavası Kapaklı,8631.14632.00-tr,https://oztiryakiler.com.tr/urun/aluminyum-pizza-tavasi-kapakli-8631-14632-00/,pisirme-ekipmanlari | pizza-tavalari | tavalar,Yardımcı Mutfak Ekipmanları,,,Equsto katalogunda bu kategori yok,,,
Alüminyum Baklava Tepsisi,8654.33454.00-tr,https://oztiryakiler.com.tr/urun/aluminyum-baklava-tepsisi-8654-33454-00/,pisirme-ekipmanlari,Yardımcı Mutfak Ekipmanları,,,Equsto katalogunda bu kategori yok,,,
Alüminyum Baklava Tepsisi,8654.39514.00-tr,https://oztiryakiler.com.tr/urun/aluminyum-baklava-tepsisi-8654-39514-00/,pisirme-ekipmanlari,Yardımcı Mutfak Ekipmanları,,,Equsto katalogunda bu kategori yok,,,
Alüminyum Baklava Tepsisi,8654.40605.00-tr,https://oztiryakiler.com.tr/urun/aluminyum-baklava-tepsisi-8654-40605-00/,baklava-tepsileri,Yardımcı Mutfak Ekipmanları,,,Equsto katalogunda bu kategori yok,,,
Bakır Sahan,8149.00014.00-tr,https://oztiryakiler.com.tr/urun/bakir-sahan-8149-00014-00/,bakir | pisirme-ekipmanlari | tavalar,Yardımcı Mutfak Ekipmanları,,,Equsto katalogunda bu kategori yok,,,
Bakır Sahan,8149.00016.01-tr,https://oztiryakiler.com.tr/urun/bakir-sahan-8149-00016-01/,bakir | pisirme-ekipmanlari | tavalar,Yardımcı Mutfak Ekipmanları,,,Equsto katalogunda bu kategori yok,,,
Bakır Sahan,8149.00018.02-tr,https://oztiryakiler.com.tr/urun/bakir-sahan-8149-00018-02/,bakir | pisirme-ekipmanlari | tavalar,Yardımcı Mutfak Ekipmanları,,,Equsto katalogunda bu kategori yok,,,
Bakır Sahan,8149.00020.03-tr,https://oztiryakiler.com.tr/urun/bakir-sahan-8149-00020-03/,bakir | pisirme-ekipmanlari | tavalar,Yardımcı Mutfak Ekipmanları,,,Equsto katalogunda bu kategori yok,,,
Bakır Sahan,8149.00022.04-tr,https://oztiryakiler.com.tr/urun/bakir-sahan-8149-00022-04/,bakir | pisirme-ekipmanlari | tavalar,Yardımcı Mutfak Ekipmanları,,,Equsto katalogunda bu kategori yok,,,
Bakır Wok Tava,8149.00497.24-tr,https://oztiryakiler.com.tr/urun/bakir-wok-tava-8149-00497-24/,bakir | pisirme-ekipmanlari | tavalar,Yardımcı Mutfak Ekipmanları,,,Equsto katalogunda bu kategori yok,,,
Bakır Wok Tava,8149.00497.26-tr,https://oztiryakiler.com.tr/urun/bakir-wok-tava-8149-00497-26/,bakir | pisirme-ekipmanlari | tavalar,Yardımcı Mutfak Ekipmanları,,,Equsto katalogunda bu kategori yok,,,
Bakır Wok Tava,8149.00497.28-tr,https://oztiryakiler.com.tr/urun/bakir-wok-tava-8149-00497-28/,bakir | pisirme-ekipmanlari | tavalar,Yardımcı Mutfak Ekipmanları,,,Equsto katalogunda bu kategori yok,,,
Buz Maşası Küçük,8467.00001.07-tr,https://oztiryakiler.com.tr/urun/buz-masasi-kucuk-8467-00001-07/,el-gerecleri | masalar,Yardımcı Mutfak Ekipmanları,,,Equsto katalogunda bu kategori yok,,,
Çırpma Teli Paslanmaz Sapli Telli No 1,8338.00001.03-tr,https://oztiryakiler.com.tr/urun/cirpma-teli-paslanmaz-sapli-telli-no-1-8338-00001-03/,cirpma-telleri | el-gerecleri,Yardımcı Mutfak Ekipmanları,,,Equsto katalogunda bu kategori yok,,,
Çırpma Teli Paslanmaz Sapli Telli No 2,8338.00002.03-tr,https://oztiryakiler.com.tr/urun/cirpma-teli-paslanmaz-sapli-telli-no-2-8338-00002-03/,cirpma-telleri | el-gerecleri,Yardımcı Mutfak Ekipmanları,,,Equsto katalogunda bu kategori yok,,,
Çırpma Teli Paslanmaz Sapli Telli No 3,8338.00003.03-tr,https://oztiryakiler.com.tr/urun/cirpma-teli-paslanmaz-sapli-telli-no-3-8338-00003-03/,cirpma-telleri | el-gerecleri,Yardımcı Mutfak Ekipmanları,,,Equsto katalogunda bu kategori yok,,,
Çırpma Teli Paslanmaz Sapli Telli No 4,8338.00004.03-tr,https://oztiryakiler.com.tr/urun/cirpma-teli-paslanmaz-sapli-telli-no-4-8338-00004-03/,cirpma-telleri | el-gerecleri,Yardımcı Mutfak Ekipmanları,,,Equsto katalogunda bu kategori yok,,,
Çırpma Teli Paslanmaz Sapli Telli No 5,8338.00005.03-tr,https://oztiryakiler.com.tr/urun/cirpma-teli-paslanmaz-sapli-telli-no-5-8338-00005-03/,cirpma-telleri | el-gerecleri,Yardımcı Mutfak Ekipmanları,,,Equsto katalogunda bu kategori yok,,,
Çırpma Teli Paslanmaz Sapli Telli No 6,8338.00006.03-tr,https://oztiryakiler.com.tr/urun/cirpma-teli-paslanmaz-sapli-telli-no-6-8338-00006-03/,cirpma-telleri | el-gerecleri,Yardımcı Mutfak Ekipmanları,,,Equsto katalogunda bu kategori yok,,,
Çırpma Teli Paslanmaz Sapli Telli No 7,8338.00007.03-tr,https://oztiryakiler.com.tr/urun/cirpma-teli-paslanmaz-sapli-telli-no-7-8338-00007-03/,cirpma-telleri | el-gerecleri,Yardımcı Mutfak Ekipmanları,,,Equsto katalogunda bu kategori yok,,,
Çırpma Telı Paslanmaz,8338.00000.30-tr,https://oztiryakiler.com.tr/urun/cirpma-teli-paslanmaz-8338-00000-30/,cirpma-telleri | el-gerecleri,Yardımcı Mutfak Ekipmanları,,,Equsto katalogunda bu kategori yok,,,
Çırpma Telı Paslanmaz,8338.00000.35-tr,https://oztiryakiler.com.tr/urun/cirpma-teli-paslanmaz-8338-00000-35/,cirpma-telleri | el-gerecleri,Yardımcı Mutfak Ekipmanları,,,Equsto katalogunda bu kategori yok,,,
Çırpma Telı Paslanmaz,8338.00000.40-tr,https://oztiryakiler.com.tr/urun/cirpma-teli-paslanmaz-8338-00000-40/,cirpma-telleri | el-gerecleri,Yardımcı Mutfak Ekipmanları,,,Equsto katalogunda bu kategori yok,,,
Çırpma Telı Paslanmaz,8338.00000.50-tr,https://oztiryakiler.com.tr/urun/cirpma-teli-paslanmaz-8338-00000-50/,cirpma-telleri | el-gerecleri,Yardımcı Mutfak Ekipmanları,,,Equsto katalogunda bu kategori yok,,,
Derin Kaşıklık 8317.BO216.00-tr,,https://oztiryakiler.com.tr/urun/derin-kasiklik-8317-bo216-00/,gida-saklama-cozumleri-gida-saklama-ve-tasima-yardimci-mutfak-ekipmanlari | gida-saklama-ve-tasima-yardimci-mutfak-ekipmanlari,Yardımcı Mutfak Ekipmanları,,,Equsto katalogunda bu kategori yok,,,
Döber Küreği Bakalit Saplı 8479.0DKBS.00-tr,,https://oztiryakiler.com.tr/urun/dober-kuregi-bakalit-sapli-8479-0dkbs-00/,doner-kuregi | el-gerecleri,Yardımcı Mutfak Ekipmanları,,,Equsto katalogunda bu kategori yok,,,
Döküm Yayvan Tencere 8130.YST24.K1K-tr,,https://oztiryakiler.com.tr/urun/dokum-yayvan-tencere-8130-yst24-k1k/,dokum-demir | pisirme-ekipmanlari | tencereler,Yardımcı Mutfak Ekipmanları,,,Equsto katalogunda bu kategori yok,,,
Döküm Yayvan Tencere 8130.YST24.K1P-tr,,https://oztiryakiler.com.tr/urun/dokum-yayvan-tencere-8130-yst24-k1p/,dokum-demir | pisirme-ekipmanlari | tencereler,Yardımcı Mutfak Ekipmanları,,,Equsto katalogunda bu kategori yok,,,
Döküm Yayvan Tencere 8130.YST24.K1Y-tr,,https://oztiryakiler.com.tr/urun/dokum-yayvan-tencere-8130-yst24-k1y/,dokum-demir | pisirme-ekipmanlari | tencereler,Yardımcı Mutfak Ekipmanları,,,Equsto katalogunda bu kategori yok,,,
Döküm Yayvan Tencere 8130.YST28.K1K-tr,,https://oztiryakiler.com.tr/urun/dokum-yayvan-tencere-8130-yst28-k1k/,dokum-demir | pisirme-ekipmanlari | tencereler,Yardımcı Mutfak Ekipmanları,,,Equsto katalogunda bu kategori yok,,,
Döküm Yayvan Tencere 8130.YST28.K1P-tr,,https://oztiryakiler.com.tr/urun/dokum-yayvan-tencere-8130-yst28-k1p/,dokum-demir | pisirme-ekipmanlari | tencereler,Yardımcı Mutfak Ekipmanları,,,Equsto katalogunda bu kategori yok,,,
Döküm Yayvan Tencere 8130.YST28.K1Y-tr,,https://oztiryakiler.com.tr/urun/dokum-yayvan-tencere-8130-yst28-k1y/,dokum-demir | pisirme-ekipmanlari | tencereler,Yardımcı Mutfak Ekipmanları,,,Equsto katalogunda bu kategori yok,,,
Döküm Balık Tavası 8149.01524.K4-tr,,https://oztiryakiler.com.tr/urun/dokum-balik-tavasi-8149-01524-k4/,dokum-demir-tavalar | pisirme-ekipmanlari | tavalar,Yardımcı Mutfak Ekipmanları,,,Equsto katalogunda bu kategori yok,,,
Döküm Balık Tavası 8149.01524.T8-tr,,https://oztiryakiler.com.tr/urun/dokum-balik-tavasi-8149-01524-t8/,dokum-demir-tavalar | pisirme-ekipmanlari | tavalar,Yardımcı Mutfak Ekipmanları,,,Equsto katalogunda bu kategori yok,,,
Döküm Balık Tavası 8149.01529.T9-tr,,https://oztiryakiler.com.tr/urun/dokum-balik-tavasi-8149-01529-t9/,dokum-demir-tavalar | pisirme-ekipmanlari | tavalar,Yardımcı Mutfak Ekipmanları,,,Equsto katalogunda bu kategori yok,,,
Döküm Fajita Tava 8149.1723T.11K4-tr,,https://oztiryakiler.com.tr/urun/dokum-fajita-tava-8149-1723t-11k4/,dokum-demir-tavalar | pisirme-ekipmanlari | tavalar,Yardımcı Mutfak Ekipmanları,,,Equsto katalogunda bu kategori yok,,,
Döküm Fajita Tava 8149.20T12.K4-tr,,https://oztiryakiler.com.tr/urun/dokum-fajita-tava-8149-20t12-k4/,dokum-demir-tavalar | pisirme-ekipmanlari | tavalar,Yardımcı Mutfak Ekipmanları,,,Equsto katalogunda bu kategori yok,,,
Döküm Güveç Kabı 8149.GV14K.40-tr,,https://oztiryakiler.com.tr/urun/dokum-guvec-kabi-8149-gv14k-40/,dokum-demir-tavalar | pisirme-ekipmanlari | tavalar,Yardımcı Mutfak Ekipmanları,,,Equsto katalogunda bu kategori yok,,,
Döküm Güveç Kabı 8149.GV17K.40-tr,,https://oztiryakiler.com.tr/urun/dokum-guvec-kabi-8149-gv17k-40/,dokum-demir-tavalar | pisirme-ekipmanlari | tavalar,Yardımcı Mutfak Ekipmanları,,,Equsto katalogunda bu kategori yok,,,
Döküm Hot plate 8149.19T13.K4-tr,,https://oztiryakiler.com.tr/urun/dokum-hot-plate-8149-19t13-k4/,dokum-demir-tavalar | pisirme-ekipmanlari | tavalar,Yardımcı Mutfak Ekipmanları,,,Equsto katalogunda bu kategori yok,,,
Döküm Izgara Tava 8149.263T4.K4-tr,,https://oztiryakiler.com.tr/urun/dokum-izgara-tava-8149-263t4-k4/,dokum-demir-tavalar | pisirme-ekipmanlari | tavalar,Yardımcı Mutfak Ekipmanları,,,Equsto katalogunda bu kategori yok,,,
Döküm Izgara Tavası 8149.02626.K0K-tr,,https://oztiryakiler.com.tr/urun/dokum-izgara-tavasi-8149-02626-k0k/,dokum-demir-tavalar | pisirme-ekipmanlari | tavalar,Yardımcı Mutfak Ekipmanları,,,Equsto katalogunda bu kategori yok,,,
Döküm Izgara Tavası 8149.02626.K0M-tr,,https://oztiryakiler.com.tr/urun/dokum-izgara-tavasi-8149-02626-k0m/,dokum-demir-tavalar | pisirme-ekipmanlari | tavalar,Yardımcı Mutfak Ekipmanları,,,Equsto katalogunda bu kategori yok,,,
Döküm Izgara Tavası 8149.02626.K0P-tr,,https://oztiryakiler.com.tr/urun/dokum-izgara-tavasi-8149-02626-k0p/,dokum-demir-tavalar | pisirme-ekipmanlari | tavalar,Yardımcı Mutfak Ekipmanları,,,Equsto katalogunda bu kategori yok,,,
Döküm Izgara Tavası 8149.02626.K0S-tr,,https://oztiryakiler.com.tr/urun/dokum-izgara-tavasi-8149-02626-k0s/,dokum-demir-tavalar | pisirme-ekipmanlari | tavalar,Yardımcı Mutfak Ekipmanları,,,Equsto katalogunda bu kategori yok,,,
Döküm Izgara Tavası 8149.02626.K0T-tr,,https://oztiryakiler.com.tr/urun/dokum-izgara-tavasi-8149-02626-k0t/,dokum-demir-tavalar | pisirme-ekipmanlari | tavalar,Yardımcı Mutfak Ekipmanları,,,Equsto katalogunda bu kategori yok,,,
Döküm Izgara Tavası 8149.02626.K0Y-tr,,https://oztiryakiler.com.tr/urun/dokum-izgara-tavasi-8149-02626-k0y/,dokum-demir-tavalar | pisirme-ekipmanlari | tavalar,Yardımcı Mutfak Ekipmanları,,,Equsto katalogunda bu kategori yok,,,
Döküm Izgara Tavası 8149.02632.K0K-tr,,https://oztiryakiler.com.tr/urun/dokum-izgara-tavasi-8149-02632-k0k/,dokum-demir-tavalar | pisirme-ekipmanlari | tavalar,Yardımcı Mutfak Ekipmanları,,,Equsto katalogunda bu kategori yok,,,
Döküm Izgara Tavası 8149.02632.K0M-tr,,https://oztiryakiler.com.tr/urun/dokum-izgara-tavasi-8149-02632-k0m/,dokum-demir-tavalar | pisirme-ekipmanlari | tavalar,Yardımcı Mutfak Ekipmanları,,,Equsto katalogunda bu kategori yok,,,
Döküm Izgara Tavası 8149.02632.K0P-tr,,https://oztiryakiler.com.tr/urun/dokum-izgara-tavasi-8149-02632-k0p/,dokum-demir-tavalar | pisirme-ekipmanlari | tavalar,Yardımcı Mutfak Ekipmanları,,,Equsto katalogunda bu kategori yok,,,
Döküm Izgara Tavası 8149.02632.K0S-tr,,https://oztiryakiler.com.tr/urun/dokum-izgara-tavasi-8149-02632-k0s/,dokum-demir-tavalar | pisirme-ekipmanlari | tavalar,Yardımcı Mutfak Ekipmanları,,,Equsto katalogunda bu kategori yok,,,
Döküm Izgara Tavası 8149.02632.K0T-tr,,https://oztiryakiler.com.tr/urun/dokum-izgara-tavasi-8149-02632-k0t/,dokum-demir-tavalar | pisirme-ekipmanlari | tavalar,Yardımcı Mutfak Ekipmanları,,,Equsto katalogunda bu kategori yok,,,
Döküm Izgara Tavası 8149.02632.K0Y-tr,,https://oztiryakiler.com.tr/urun/dokum-izgara-tavasi-8149-02632-k0y/,dokum-demir-tavalar | pisirme-ekipmanlari | tavalar,Yardımcı Mutfak Ekipmanları,,,Equsto katalogunda bu kategori yok,,,
Döküm Izgara Tavası 8149.026T2.K4-tr,,https://oztiryakiler.com.tr/urun/dokum-izgara-tavasi-8149-026t2-k4/,dokum-demir-tavalar | pisirme-ekipmanlari | tavalar,Yardımcı Mutfak Ekipmanları,,,Equsto katalogunda bu kategori yok,,,
Döküm Izgara Tavası 8149.026T3.K4-tr,,https://oztiryakiler.com.tr/urun/dokum-izgara-tavasi-8149-026t3-k4/,dokum-demir-tavalar | pisirme-ekipmanlari | tavalar,Yardımcı Mutfak Ekipmanları,,,Equsto katalogunda bu kategori yok,,,
Döküm Kızartma Tavası 8149.YTV16.K0M-tr,,https://oztiryakiler.com.tr/urun/dokum-kizartma-tavasi-8149-ytv16-k0m/,dokum-demir-tavalar | pisirme-ekipmanlari | tavalar,Yardımcı Mutfak Ekipmanları,,,Equsto katalogunda bu kategori yok,,,
Döküm Kızartma Tavası 8149.YTV16.K0P-tr,,https://oztiryakiler.com.tr/urun/dokum-kizartma-tavasi-8149-ytv16-k0p/,dokum-demir-tavalar | pisirme-ekipmanlari | tavalar,Yardımcı Mutfak Ekipmanları,,,Equsto katalogunda bu kategori yok,,,
Döküm Kızartma Tavası 8149.YTV16.K0S-tr,,https://oztiryakiler.com.tr/urun/dokum-kizartma-tavasi-8149-ytv16-k0s/,dokum-demir-tavalar | pisirme-ekipmanlari | tavalar,Yardımcı Mutfak Ekipmanları,,,Equsto katalogunda bu kategori yok,,,
Döküm Kızartma Tavası 8149.YTV16.K0T-tr,,https://oztiryakiler.com.tr/urun/dokum-kizartma-tavasi-8149-ytv16-k0t/,dokum-demir-tavalar | pisirme-ekipmanlari | tavalar,Yardımcı Mutfak Ekipmanları,,,Equsto katalogunda bu kategori yok,,,
Döküm Kızartma Tavası 8149.YTV16.K0Y-tr,,https://oztiryakiler.com.tr/urun/dokum-kizartma-tavasi-8149-ytv16-k0y/,dokum-demir-tavalar | pisirme-ekipmanlari | tavalar,Yardımcı Mutfak Ekipmanları,,,Equsto katalogunda bu kategori yok,,,
Döküm Kızartma Tavası 8149.YTV16.K44-tr,,https://oztiryakiler.com.tr/urun/dokum-kizartma-tavasi-8149-ytv16-k44/,dokum-demir-tavalar | pisirme-ekipmanlari | tavalar,Yardımcı Mutfak Ekipmanları,,,Equsto katalogunda bu kategori yok,,,
Döküm Kızartma Tavası 8149.YTV20.K0K-tr,,https://oztiryakiler.com.tr/urun/dokum-kizartma-tavasi-8149-ytv20-k0k/,dokum-demir-tavalar | pisirme-ekipmanlari | tavalar,Yardımcı Mutfak Ekipmanları,,,Equsto katalogunda bu kategori yok,,,
Döküm Kızartma Tavası 8149.YTV20.K0M-tr,,https://oztiryakiler.com.tr/urun/dokum-kizartma-tavasi-8149-ytv20-k0m/,dokum-demir-tavalar | pisirme-ekipmanlari | tavalar,Yardımcı Mutfak Ekipmanları,,,Equsto katalogunda bu kategori yok,,,
Döküm Kızartma Tavası 8149.YTV20.K0P-tr,,https://oztiryakiler.com.tr/urun/dokum-kizartma-tavasi-8149-ytv20-k0p/,dokum-demir-tavalar | pisirme-ekipmanlari | tavalar,Yardımcı Mutfak Ekipmanları,,,Equsto katalogunda bu kategori yok,,,
Döküm Kızartma Tavası 8149.YTV20.K0S-tr,,https://oztiryakiler.com.tr/urun/dokum-kizartma-tavasi-8149-ytv20-k0s/,dokum-demir-tavalar | pisirme-ekipmanlari | tavalar,Yardımcı Mutfak Ekipmanları,,,Equsto katalogunda bu kategori yok,,,
Döküm Kızartma Tavası 8149.YTV20.K0T-tr,,https://oztiryakiler.com.tr/urun/dokum-kizartma-tavasi-8149-ytv20-k0t/,dokum-demir-tavalar | pisirme-ekipmanlari | tavalar,Yardımcı Mutfak Ekipmanları,,,Equsto katalogunda bu kategori yok,,,
Döküm Kızartma Tavası 8149.YTV20.K0Y-tr,,https://oztiryakiler.com.tr/urun/dokum-kizartma-tavasi-8149-ytv20-k0y/,dokum-demir-tavalar | pisirme-ekipmanlari | tavalar,Yardımcı Mutfak Ekipmanları,,,Equsto katalogunda bu kategori yok,,,
Döküm Kızartma Tavası 8149.YTV34.K0-tr,,https://oztiryakiler.com.tr/urun/dokum-kizartma-tavasi-8149-ytv34-k0/,dokum-demir-tavalar | pisirme-ekipmanlari | tavalar,Yardımcı Mutfak Ekipmanları,,,Equsto katalogunda bu kategori yok,,,
Döküm Kızartma Tavası 8149.YTV16.K0K-tr,,https://oztiryakiler.com.tr/urun/dokum-kizartma-tavasi-8149-ytv16-k0k/,dokum-tavalar | pisiriciler | tavalar-pisiriciler,Yardımcı Mutfak Ekipmanları,,,Equsto katalogunda bu kategori yok,,,
Döküm Krep Tavası 8149.KRP26.K4-tr,,https://oztiryakiler.com.tr/urun/dokum-krep-tavasi-8149-krp26-k4/,dokum-demir-tavalar | pisirme-ekipmanlari | tavalar,Yardımcı Mutfak Ekipmanları,,,Equsto katalogunda bu kategori yok,,,
Döküm Kulplu Sunum tabak 8149.TV121.5K444PR-tr,,https://oztiryakiler.com.tr/urun/dokum-kulplu-sunum-tabak-8149-tv121-5k444pr/,dokum-demir-tavalar | pisirme-ekipmanlari | tavalar,Yardımcı Mutfak Ekipmanları,,,Equsto katalogunda bu kategori yok,,,
Döküm Mini Izgara Tava 8149.PGT16.16K4-tr,,https://oztiryakiler.com.tr/urun/dokum-mini-izgara-tava-8149-pgt16-16k4/,dokum-demir-tavalar | pisirme-ekipmanlari | tavalar,Yardımcı Mutfak Ekipmanları,,,Equsto katalogunda bu kategori yok,,,
Döküm Mini Izgara Tava 8149.PGT16.16K44-tr,,https://oztiryakiler.com.tr/urun/dokum-mini-izgara-tava-8149-pgt16-16k44/,dokum-demir-tavalar | pisirme-ekipmanlari | tavalar,Yardımcı Mutfak Ekipmanları,,,Equsto katalogunda bu kategori yok,,,
Döküm Mini Tencere 8130.YTC10.K1K-tr,,https://oztiryakiler.com.tr/urun/dokum-mini-tencere-8130-ytc10-k1k/,dokum-demir | pisirme-ekipmanlari | tencereler,Yardımcı Mutfak Ekipmanları,,,Equsto katalogunda bu kategori yok,,,
Döküm Mini Tencere 8130.YTC10.K1P-tr,,https://oztiryakiler.com.tr/urun/dokum-mini-tencere-8130-ytc10-k1p/,dokum-demir | pisirme-ekipmanlari | tencereler,Yardımcı Mutfak Ekipmanları,,,Equsto katalogunda bu kategori yok,,,
Döküm Mini Tencere 8130.YTC10.K1Y-tr,,https://oztiryakiler.com.tr/urun/dokum-mini-tencere-8130-ytc10-k1y/,dokum-demir | pisirme-ekipmanlari | tencereler,Yardımcı Mutfak Ekipmanları,,,Equsto katalogunda bu kategori yok,,,
Döküm Mini Tencere Seti 8149.AS101.BE-tr,,https://oztiryakiler.com.tr/urun/dokum-mini-tencere-seti-8149-as101-be/,dokum-demir-tavalar | pisirme-ekipmanlari | tavalar,Yardımcı Mutfak Ekipmanları,,,Equsto katalogunda bu kategori yok,,,
Döküm Oval Kulplu Tava 8149.TV211.4K4-tr,,https://oztiryakiler.com.tr/urun/dokum-oval-kulplu-tava-8149-tv211-4k4/,dokum-demir-tavalar | pisirme-ekipmanlari | tavalar,Yardımcı Mutfak Ekipmanları,,,Equsto katalogunda bu kategori yok,,,
Döküm Oval Kuplu Tava 8149.TV211.4K444PR-tr,,https://oztiryakiler.com.tr/urun/dokum-oval-kuplu-tava-8149-tv211-4k444pr/,dokum-demir-tavalar | pisirme-ekipmanlari | tavalar,Yardımcı Mutfak Ekipmanları,,,Equsto katalogunda bu kategori yok,,,
Döküm Oval Plate 8149.19T13.00-tr,,https://oztiryakiler.com.tr/urun/dokum-oval-plate-8149-19t13-00/,dokum-demir-tavalar | pisirme-ekipmanlari | tavalar,Yardımcı Mutfak Ekipmanları,,,Equsto katalogunda bu kategori yok,,,
Döküm Oval Sunum Plakası 8149.AS163.IR-tr,,https://oztiryakiler.com.tr/urun/dokum-oval-sunum-plakasi-8149-as163-ir/,dokum-demir-tavalar | pisirme-ekipmanlari | tavalar,Yardımcı Mutfak Ekipmanları,,,Equsto katalogunda bu kategori yok,,,
Döküm Oval Tava 8149.TV151.0K4-tr,,https://oztiryakiler.com.tr/urun/dokum-oval-tava-8149-tv151-0k4/,dokum-demir-tavalar | pisirme-ekipmanlari | tavalar,Yardımcı Mutfak Ekipmanları,,,Equsto katalogunda bu kategori yok,,,
Döküm Oval Tava 8149.1914A.H220BE-tr,,https://oztiryakiler.com.tr/urun/dokum-oval-tava-8149-1914a-h220be/,dokum-demir-tavalar | pisirme-ekipmanlari | tavalar,Yardımcı Mutfak Ekipmanları,,,Equsto katalogunda bu kategori yok,,,
Döküm Oval Tava 8149.2317A.H221BE-tr,,https://oztiryakiler.com.tr/urun/dokum-oval-tava-8149-2317a-h221be/,dokum-demir-tavalar | pisirme-ekipmanlari | tavalar,Yardımcı Mutfak Ekipmanları,,,Equsto katalogunda bu kategori yok,,,
Döküm Oval Tencere 8130.0TC25.K1K-tr,,https://oztiryakiler.com.tr/urun/dokum-oval-tencere-8130-0tc25-k1k/,dokum-demir | pisirme-ekipmanlari | tencereler,Yardımcı Mutfak Ekipmanları,,,Equsto katalogunda bu kategori yok,,,
Döküm Oval Tencere 8130.0TC25.K1M-tr,,https://oztiryakiler.com.tr/urun/dokum-oval-tencere-8130-0tc25-k1m/,dokum-demir | pisirme-ekipmanlari | tencereler,Yardımcı Mutfak Ekipmanları,,,Equsto katalogunda bu kategori yok,,,
Döküm Oval Tencere 8130.0TC25.K1P-tr,,https://oztiryakiler.com.tr/urun/dokum-oval-tencere-8130-0tc25-k1p/,dokum-demir | pisirme-ekipmanlari | tencereler,Yardımcı Mutfak Ekipmanları,,,Equsto katalogunda bu kategori yok,,,
Döküm Oval Tencere 8130.0TC25.K1S-tr,,https://oztiryakiler.com.tr/urun/dokum-oval-tencere-8130-0tc25-k1s/,dokum-demir | pisirme-ekipmanlari | tencereler,Yardımcı Mutfak Ekipmanları,,,Equsto katalogunda bu kategori yok,,,
Döküm Oval Tencere 8130.0TC25.K1T-tr,,https://oztiryakiler.com.tr/urun/dokum-oval-tencere-8130-0tc25-k1t/,dokum-demir | pisirme-ekipmanlari | tencereler,Yardımcı Mutfak Ekipmanları,,,Equsto katalogunda bu kategori yok,,,
Döküm Oval Tencere 8130.0TC25.K1Y-tr,,https://oztiryakiler.com.tr/urun/dokum-oval-tencere-8130-0tc25-k1y/,dokum-demir | pisirme-ekipmanlari | tencereler,Yardımcı Mutfak Ekipmanları,,,Equsto katalogunda bu kategori yok,,,
Döküm Oval Tencere 8130.0TC27.K1K-tr,,https://oztiryakiler.com.tr/urun/dokum-oval-tencere-8130-0tc27-k1k/,dokum-demir | pisirme-ekipmanlari | tencereler,Yardımcı Mutfak Ekipmanları,,,Equsto katalogunda bu kategori yok,,,
Döküm Oval Tencere 8130.0TC27.K1M-tr,,https://oztiryakiler.com.tr/urun/dokum-oval-tencere-8130-0tc27-k1m/,dokum-demir | pisirme-ekipmanlari | tencereler,Yardımcı Mutfak Ekipmanları,,,Equsto katalogunda bu kategori yok,,,
Döküm Oval Tencere 8130.0TC27.K1P-tr,,https://oztiryakiler.com.tr/urun/dokum-oval-tencere-8130-0tc27-k1p/,dokum-demir | pisirme-ekipmanlari | tencereler,Yardımcı Mutfak Ekipmanları,,,Equsto katalogunda bu kategori yok,,,
Döküm Oval Tencere 8130.0TC27.K1S-tr,,https://oztiryakiler.com.tr/urun/dokum-oval-tencere-8130-0tc27-k1s/,dokum-demir | pisirme-ekipmanlari | tencereler,Yardımcı Mutfak Ekipmanları,,,Equsto katalogunda bu kategori yok,,,
Döküm Oval Tencere 8130.0TC27.K1T-tr,,https://oztiryakiler.com.tr/urun/dokum-oval-tencere-8130-0tc27-k1t/,dokum-demir | pisirme-ekipmanlari | tencereler,Yardımcı Mutfak Ekipmanları,,,Equsto katalogunda bu kategori yok,,,
Döküm Oval Tencere 8130.0TC27.K1Y-tr,,https://oztiryakiler.com.tr/urun/dokum-oval-tencere-8130-0tc27-k1y/,dokum-demir | pisirme-ekipmanlari | tencereler,Yardımcı Mutfak Ekipmanları,,,Equsto katalogunda bu kategori yok,,,
Döküm Oval Tencere 8130.0TC29.K1K-tr,,https://oztiryakiler.com.tr/urun/dokum-oval-tencere-8130-0tc29-k1k/,dokum-demir | pisirme-ekipmanlari | tencereler,Yardımcı Mutfak Ekipmanları,,,Equsto katalogunda bu kategori yok,,,
Döküm Oval Tencere 8130.0TC29.K1M-tr,,https://oztiryakiler.com.tr/urun/dokum-oval-tencere-8130-0tc29-k1m/,dokum-demir | pisirme-ekipmanlari | tencereler,Yardımcı Mutfak Ekipmanları,,,Equsto katalogunda bu kategori yok,,,
Döküm Oval Tencere 8130.0TC29.K1P-tr,,https://oztiryakiler.com.tr/urun/dokum-oval-tencere-8130-0tc29-k1p/,dokum-demir | pisirme-ekipmanlari | tencereler,Yardımcı Mutfak Ekipmanları,,,Equsto katalogunda bu kategori yok,,,
Döküm Oval Tencere 8130.0TC29.K1S-tr,,https://oztiryakiler.com.tr/urun/dokum-oval-tencere-8130-0tc29-k1s/,dokum-demir | pisirme-ekipmanlari | tencereler,Yardımcı Mutfak Ekipmanları,,,Equsto katalogunda bu kategori yok,,,
Döküm Oval Tencere 8130.0TC29.K1T-tr,,https://oztiryakiler.com.tr/urun/dokum-oval-tencere-8130-0tc29-k1t/,dokum-demir | pisirme-ekipmanlari | tencereler,Yardımcı Mutfak Ekipmanları,,,Equsto katalogunda bu kategori yok,,,
Döküm Oval Tencere 8130.0TC29.K1Y-tr,,https://oztiryakiler.com.tr/urun/dokum-oval-tencere-8130-0tc29-k1y/,dokum-demir | pisirme-ekipmanlari | tencereler,Yardımcı Mutfak Ekipmanları,,,Equsto katalogunda bu kategori yok,,,
Döküm Plate 8149.2215T.K42-tr,,https://oztiryakiler.com.tr/urun/dokum-plate-8149-2215t-k42/,dokum-demir-tavalar | pisirme-ekipmanlari | tavalar,Yardımcı Mutfak Ekipmanları,,,Equsto katalogunda bu kategori yok,,,
Döküm Saç Kavurma Tavası 8149.020T7.K4-tr,,https://oztiryakiler.com.tr/urun/dokum-sac-kavurma-tavasi-8149-020t7-k4/,dokum-demir-tavalar | pisirme-ekipmanlari | tavalar,Yardımcı Mutfak Ekipmanları,,,Equsto katalogunda bu kategori yok,,,
Döküm Saç Kavurma Tavası 8149.028T7.00-tr,,https://oztiryakiler.com.tr/urun/dokum-sac-kavurma-tavasi-8149-028t7-00/,dokum-demir-tavalar | pisirme-ekipmanlari | tavalar,Yardımcı Mutfak Ekipmanları,,,Equsto katalogunda bu kategori yok,,,
Döküm Saç kavurma Tavası Ahşap Altlıklı 8149.028T7.K4-tr,,https://oztiryakiler.com.tr/urun/dokum-sac-kavurma-tavasi-ahsap-altlikli-8149-028t7-k4/,dokum-demir-tavalar | pisirme-ekipmanlari | tavalar,Yardımcı Mutfak Ekipmanları,,,Equsto katalogunda bu kategori yok,,,
Döküm Saç Kavurma Tavası Cam Kapaklı Ahşap Altlıklı 8149.028T7.K3-tr,,https://oztiryakiler.com.tr/urun/dokum-sac-kavurma-tavasi-cam-kapakli-ahsap-altlikli-8149-028t7-k3/,dokum-demir-tavalar | pisirme-ekipmanlari | tavalar,Yardımcı Mutfak Ekipmanları,,,Equsto katalogunda bu kategori yok,,,
Döküm Sahan 8149.0TV16.AH222BE-tr,,https://oztiryakiler.com.tr/urun/dokum-sahan-8149-0tv16-ah222be/,dokum-demir-tavalar | pisirme-ekipmanlari | tavalar,Yardımcı Mutfak Ekipmanları,,,Equsto katalogunda bu kategori yok,,,
Döküm Servis Tabağı 8149.0ST36.24K4-tr,,https://oztiryakiler.com.tr/urun/dokum-servis-tabagi-8149-0st36-24k4/,dokum-demir-tavalar | pisirme-ekipmanlari | tavalar,Yardımcı Mutfak Ekipmanları,,,Equsto katalogunda bu kategori yok,,,
Döküm Sunum Plakası 8149.AS161.IR-tr,,https://oztiryakiler.com.tr/urun/dokum-sunum-plakasi-8149-as161-ir/,dokum-demir-tavalar | pisirme-ekipmanlari | tavalar,Yardımcı Mutfak Ekipmanları,,,Equsto katalogunda bu kategori yok,,,
Döküm Sunum Tavası 8149.0YSTV.16K4-tr,,https://oztiryakiler.com.tr/urun/dokum-sunum-tavasi-8149-0ystv-16k4/,dokum-demir-tavalar | pisirme-ekipmanlari | tavalar,Yardımcı Mutfak Ekipmanları,,,Equsto katalogunda bu kategori yok,,,
Döküm Tava 8149.PTV12.15K4-tr,,https://oztiryakiler.com.tr/urun/dokum-tava-8149-ptv12-15k4/,dokum-demir-tavalar | pisirme-ekipmanlari | tavalar,Yardımcı Mutfak Ekipmanları,,,Equsto katalogunda bu kategori yok,,,
Döküm Tava 8149.PTV12.15K44-tr,,https://oztiryakiler.com.tr/urun/dokum-tava-8149-ptv12-15k44/,dokum-demir-tavalar | pisirme-ekipmanlari | tavalar,Yardımcı Mutfak Ekipmanları,,,Equsto katalogunda bu kategori yok,,,
Döküm Tencere 8130.YTC20.K1M-tr,,https://oztiryakiler.com.tr/urun/dokum-tencere-8130-ytc20-k1m/,dokum-demir | pisirme-ekipmanlari | tencereler,Yardımcı Mutfak Ekipmanları,,,Equsto katalogunda bu kategori yok,,,
Döküm Tencere 8130.YTC20.K1S-tr,,https://oztiryakiler.com.tr/urun/dokum-tencere-8130-ytc20-k1s/,dokum-demir | pisirme-ekipmanlari | tencereler,Yardımcı Mutfak Ekipmanları,,,Equsto katalogunda bu kategori yok,,,
Döküm Tencere 8130.YTC20.K1T-tr,,https://oztiryakiler.com.tr/urun/dokum-tencere-8130-ytc20-k1t/,dokum-demir | pisirme-ekipmanlari | tencereler,Yardımcı Mutfak Ekipmanları,,,Equsto katalogunda bu kategori yok,,,
Döküm Tencere 8130.YTC24.K1M-tr,,https://oztiryakiler.com.tr/urun/dokum-tencere-8130-ytc24-k1m/,dokum-demir | pisirme-ekipmanlari | tencereler,Yardımcı Mutfak Ekipmanları,,,Equsto katalogunda bu kategori yok,,,
Döküm Tencere 8130.YTC24.K1S-tr,,https://oztiryakiler.com.tr/urun/dokum-tencere-8130-ytc24-k1s/,dokum-demir | pisirme-ekipmanlari | tencereler,Yardımcı Mutfak Ekipmanları,,,Equsto katalogunda bu kategori yok,,,
Döküm Tencere 8130.YTC24.K1T-tr,,https://oztiryakiler.com.tr/urun/dokum-tencere-8130-ytc24-k1t/,dokum-demir | pisirme-ekipmanlari | tencereler,Yardımcı Mutfak Ekipmanları,,,Equsto katalogunda bu kategori yok,,,
Döküm Tencere 8130.YTC28.K1M-tr,,https://oztiryakiler.com.tr/urun/dokum-tencere-8130-ytc28-k1m/,dokum-demir | pisirme-ekipmanlari | tencereler,Yardımcı Mutfak Ekipmanları,,,Equsto katalogunda bu kategori yok,,,
Döküm Tencere 8130.YTC28.K1S-tr,,https://oztiryakiler.com.tr/urun/dokum-tencere-8130-ytc28-k1s/,dokum-demir | pisirme-ekipmanlari | tencereler,Yardımcı Mutfak Ekipmanları,,,Equsto katalogunda bu kategori yok,,,
Döküm Tencere 8130.YTC28.K1T-tr,,https://oztiryakiler.com.tr/urun/dokum-tencere-8130-ytc28-k1t/,dokum-tencereler | pisiriciler | tencereler-pisiriciler,Yardımcı Mutfak Ekipmanları,,,Equsto katalogunda bu kategori yok,,,
Döküm Tencere Mini 8130.YTC10.K1M-tr,,https://oztiryakiler.com.tr/urun/dokum-tencere-mini-8130-ytc10-k1m/,dokum-demir | pisirme-ekipmanlari | tencereler,Yardımcı Mutfak Ekipmanları,,,Equsto katalogunda bu kategori yok,,,
Döküm Tencere Mini 8130.YTC10.K1S-tr,,https://oztiryakiler.com.tr/urun/dokum-tencere-mini-8130-ytc10-k1s/,dokum-demir | pisirme-ekipmanlari | tencereler,Yardımcı Mutfak Ekipmanları,,,Equsto katalogunda bu kategori yok,,,
Döküm Tencere Mini 8130.YTC10.K1T-tr,,https://oztiryakiler.com.tr/urun/dokum-tencere-mini-8130-ytc10-k1t/,dokum-demir | pisirme-ekipmanlari | tencereler,Yardımcı Mutfak Ekipmanları,,,Equsto katalogunda bu kategori yok,,,
Döküm Tencere Yayvan 8130.YST24.K1M-tr,,https://oztiryakiler.com.tr/urun/dokum-tencere-yayvan-8130-yst24-k1m/,dokum-demir | pisirme-ekipmanlari | tencereler,Yardımcı Mutfak Ekipmanları,,,Equsto katalogunda bu kategori yok,,,
Döküm Tencere Yayvan 8130.YST24.K1S-tr,,https://oztiryakiler.com.tr/urun/dokum-tencere-yayvan-8130-yst24-k1s/,dokum-demir | pisirme-ekipmanlari | tencereler,Yardımcı Mutfak Ekipmanları,,,Equsto katalogunda bu kategori yok,,,
Döküm Tencere Yayvan 8130.YST24.K1T-tr,,https://oztiryakiler.com.tr/urun/dokum-tencere-yayvan-8130-yst24-k1t/,dokum-demir | pisirme-ekipmanlari | tencereler,Yardımcı Mutfak Ekipmanları,,,Equsto katalogunda bu kategori yok,,,
Döküm Tencere Yayvan 8130.YST28.K1M-tr,,https://oztiryakiler.com.tr/urun/dokum-tencere-yayvan-8130-yst28-k1m/,dokum-demir | pisirme-ekipmanlari | tencereler,Yardımcı Mutfak Ekipmanları,,,Equsto katalogunda bu kategori yok,,,
Döküm Tencere Yayvan 8130.YST28.K1S-tr,,https://oztiryakiler.com.tr/urun/dokum-tencere-yayvan-8130-yst28-k1s/,dokum-demir | pisirme-ekipmanlari | tencereler,Yardımcı Mutfak Ekipmanları,,,Equsto katalogunda bu kategori yok,,,
Döküm Tencere Yayvan 8130.YST28.K1T-tr,,https://oztiryakiler.com.tr/urun/dokum-tencere-yayvan-8130-yst28-k1t/,dokum-demir | pisirme-ekipmanlari | tencereler,Yardımcı Mutfak Ekipmanları,,,Equsto katalogunda bu kategori yok,,,
Döküm Wok Tava 8149.WOK38.00-tr,,https://oztiryakiler.com.tr/urun/dokum-wok-tava-8149-wok38-00/,dokum-tavalar | pisiriciler | tavalar-pisiriciler,Yardımcı Mutfak Ekipmanları,,,Equsto katalogunda bu kategori yok,,,
Döküm Yayvan Tencere Kubbe Kapak 8130.YST28.KDM-tr,,https://oztiryakiler.com.tr/urun/dokum-yayvan-tencere-kubbe-kapak-8130-yst28-kdm/,dokum-demir | pisirme-ekipmanlari | tencereler,Yardımcı Mutfak Ekipmanları,,,Equsto katalogunda bu kategori yok,,,
Döküm Yuvarlak Servis Plakası 8149.HRC23.557-tr,,https://oztiryakiler.com.tr/urun/dokum-yuvarlak-servis-plakasi-8149-hrc23-557/,dokum-demir-tavalar | pisirme-ekipmanlari | tavalar,Yardımcı Mutfak Ekipmanları,,,Equsto katalogunda bu kategori yok,,,
Döküm Yuvarlak Tencere 8130.YTC28.K1Y-tr,,https://oztiryakiler.com.tr/urun/dokum-yuvarlak-tencere-8130-ytc28-k1y/,dokum-demir | pisirme-ekipmanlari | tencereler,Yardımcı Mutfak Ekipmanları,,,Equsto katalogunda bu kategori yok,,,
Döküm Yuvarlak Tencere 8130.YTC20.K1K-tr,,https://oztiryakiler.com.tr/urun/dokum-yuvarlak-tencere-8130-ytc20-k1k/,dokum-demir | pisirme-ekipmanlari | tencereler,Yardımcı Mutfak Ekipmanları,,,Equsto katalogunda bu kategori yok,,,
Döküm Yuvarlak Tencere 8130.YTC20.K1P-tr,,https://oztiryakiler.com.tr/urun/dokum-yuvarlak-tencere-8130-ytc20-k1p/,dokum-demir | pisirme-ekipmanlari | tencereler,Yardımcı Mutfak Ekipmanları,,,Equsto katalogunda bu kategori yok,,,
Döküm Yuvarlak Tencere 8130.YTC20.K1Y-tr,,https://oztiryakiler.com.tr/urun/dokum-yuvarlak-tencere-8130-ytc20-k1y/,dokum-demir | pisirme-ekipmanlari | tencereler,Yardımcı Mutfak Ekipmanları,,,Equsto katalogunda bu kategori yok,,,
Döküm Yuvarlak Tencere 8130.YTC24.K1K-tr,,https://oztiryakiler.com.tr/urun/dokum-yuvarlak-tencere-8130-ytc24-k1k/,dokum-demir | pisirme-ekipmanlari | tencereler,Yardımcı Mutfak Ekipmanları,,,Equsto katalogunda bu kategori yok,,,
Döküm Yuvarlak Tencere 8130.YTC24.K1P-tr,,https://oztiryakiler.com.tr/urun/dokum-yuvarlak-tencere-8130-ytc24-k1p/,dokum-demir | pisirme-ekipmanlari | tencereler,Yardımcı Mutfak Ekipmanları,,,Equsto katalogunda bu kategori yok,,,
Döküm Yuvarlak Tencere 8130.YTC24.K1Y-tr,,https://oztiryakiler.com.tr/urun/dokum-yuvarlak-tencere-8130-ytc24-k1y/,dokum-demir | pisirme-ekipmanlari | tencereler,Yardımcı Mutfak Ekipmanları,,,Equsto katalogunda bu kategori yok,,,
Döküm Yuvarlak Tencere 8130.YTC28.K1K-tr,,https://oztiryakiler.com.tr/urun/dokum-yuvarlak-tencere-8130-ytc28-k1k/,dokum-demir | pisirme-ekipmanlari | tencereler,Yardımcı Mutfak Ekipmanları,,,Equsto katalogunda bu kategori yok,,,
Döküm Yuvarlak Tencere 8130.YTC28.K1P-tr,,https://oztiryakiler.com.tr/urun/dokum-yuvarlak-tencere-8130-ytc28-k1p/,dokum-demir | pisirme-ekipmanlari | tencereler,Yardımcı Mutfak Ekipmanları,,,Equsto katalogunda bu kategori yok,,,
Et Çengeli İkili 10 mm,8360.00007.08-tr,https://oztiryakiler.com.tr/urun/et-cengeli-ikili-10-mm-8360-00007-08/,cengeller | el-gerecleri,Yardımcı Mutfak Ekipmanları,,,Equsto katalogunda bu kategori yok,,,
Et Çengeli Tekli 10 mm,8360.00007.00-tr,https://oztiryakiler.com.tr/urun/et-cengeli-tekli-10-mm-8360-00007-00/,cengeller | el-gerecleri,Yardımcı Mutfak Ekipmanları,,,Equsto katalogunda bu kategori yok,,,
Et Çengeli Tekli 8 mm,8360.00007.01-tr,https://oztiryakiler.com.tr/urun/et-cengeli-tekli-8-mm-8360-00007-01/,cengeller | el-gerecleri,Yardımcı Mutfak Ekipmanları,,,Equsto katalogunda bu kategori yok,,,
Et Döveceği Paslanmaz 8355.81016.0B-tr,,https://oztiryakiler.com.tr/urun/et-dovecegi-paslanmaz-8355-81016-0b/,el-gerecleri | et-dovecekleri,Yardımcı Mutfak Ekipmanları,,,Equsto katalogunda bu kategori yok,,,
Fritoz Teli (Sanayı Tıp Tava),8150.06014.01-tr,https://oztiryakiler.com.tr/urun/fritoz-teli-sanayi-tip-tava-8150-06014-01/,el-gerecleri | suzgec-ve-elekler,Yardımcı Mutfak Ekipmanları,,,Equsto katalogunda bu kategori yok,,,
Fritoz Teli (Tava),8150.07015.01-tr,https://oztiryakiler.com.tr/urun/fritoz-teli-tava-8150-07015-01/,el-gerecleri | suzgec-ve-elekler,Yardımcı Mutfak Ekipmanları,,,Equsto katalogunda bu kategori yok,,,
Fritoz Teli (Tava),8150.08016.01-tr,https://oztiryakiler.com.tr/urun/fritoz-teli-tava-8150-08016-01/,el-gerecleri | suzgec-ve-elekler,Yardımcı Mutfak Ekipmanları,,,Equsto katalogunda bu kategori yok,,,
Fritoz Teli (Tencere),8150.03015.01-tr,https://oztiryakiler.com.tr/urun/fritoz-teli-tencere-8150-03015-01/,el-gerecleri | suzgec-ve-elekler,Yardımcı Mutfak Ekipmanları,,,Equsto katalogunda bu kategori yok,,,
Fritoz Teli (Tencere),8150.06520.01-tr,https://oztiryakiler.com.tr/urun/fritoz-teli-tencere-8150-06520-01/,el-gerecleri | suzgec-ve-elekler,Yardımcı Mutfak Ekipmanları,,,Equsto katalogunda bu kategori yok,,,
Fritoz Teli (Tencere),8150.07030.01-tr,https://oztiryakiler.com.tr/urun/fritoz-teli-tencere-8150-07030-01/,el-gerecleri | suzgec-ve-elekler,Yardımcı Mutfak Ekipmanları,,,Equsto katalogunda bu kategori yok,,,
Fritoz Teli (Tencere),8150.08030.01-tr,https://oztiryakiler.com.tr/urun/fritoz-teli-tencere-8150-08030-01/,el-gerecleri | suzgec-ve-elekler,Yardımcı Mutfak Ekipmanları,,,Equsto katalogunda bu kategori yok,,,
Fritoz Teli Telı (Tava),8150.04011.01-tr,https://oztiryakiler.com.tr/urun/fritoz-teli-teli-tava-8150-04011-01/,el-gerecleri | suzgec-ve-elekler,Yardımcı Mutfak Ekipmanları,,,Equsto katalogunda bu kategori yok,,,
Gastronom Dondurma Kuveti Polipropilen 8310.0PPIC.00-tr,,https://oztiryakiler.com.tr/urun/gastronom-dondurma-kuveti-polipropilen-8310-0ppic-00/,dondurma-kuveti | gastronom-kuvetler,Yardımcı Mutfak Ekipmanları,,,Equsto katalogunda bu kategori yok,,,
Gastronom Kuvet Kapak Policarbon 1/1,8315.00011.00-tr,https://oztiryakiler.com.tr/urun/gastronom-kuvet-kapak-policarbon-1-1-8315-00011-00/,gastronom-kuvetler | polikarbonat-gn-kuvet,Yardımcı Mutfak Ekipmanları,,,Equsto katalogunda bu kategori yok,,,
Gastronom Kuvet Kapak Policarbon 1/2,8315.00012.00-tr,https://oztiryakiler.com.tr/urun/gastronom-kuvet-kapak-policarbon-1-2-8315-00012-00/,gastronom-kuvetler | polikarbonat-gn-kuvet,Yardımcı Mutfak Ekipmanları,,,Equsto katalogunda bu kategori yok,,,
Gastronom Kuvet Kapak Policarbon 1/3,8315.00013.00-tr,https://oztiryakiler.com.tr/urun/gastronom-kuvet-kapak-policarbon-1-3-8315-00013-00/,gastronom-kuvetler | polikarbonat-gn-kuvet,Yardımcı Mutfak Ekipmanları,,,Equsto katalogunda bu kategori yok,,,
Gastronom Kuvet Kapak Policarbon 1/4,8315.00014.00-tr,https://oztiryakiler.com.tr/urun/gastronom-kuvet-kapak-policarbon-1-4-8315-00014-00/,gastronom-kuvetler | polikarbonat-gn-kuvet,Yardımcı Mutfak Ekipmanları,,,Equsto katalogunda bu kategori yok,,,
Gastronom Kuvet Kapak Policarbon 1/6,8315.00016.00-tr,https://oztiryakiler.com.tr/urun/gastronom-kuvet-kapak-policarbon-1-6-8315-00016-00/,gastronom-kuvetler | polikarbonat-gn-kuvet,Yardımcı Mutfak Ekipmanları,,,Equsto katalogunda bu kategori yok,,,
Gastronom Kuvet Kapak Policarbon 1/9,8315.00019.00-tr,https://oztiryakiler.com.tr/urun/gastronom-kuvet-kapak-policarbon-1-9-8315-00019-00/,gastronom-kuvetler | polikarbonat-gn-kuvet,Yardımcı Mutfak Ekipmanları,,,Equsto katalogunda bu kategori yok,,,
Gastronom Kuvet Kapak Polipropilen 1/1 8315.PPL11.00-tr,,https://oztiryakiler.com.tr/urun/gastronom-kuvet-kapak-polipropilen-1-1-8315-ppl11-00/,gastronom-kuvetler | poliprobilen-gn-kuvet,Yardımcı Mutfak Ekipmanları,,,Equsto katalogunda bu kategori yok,,,
Gastronom Kuvet Kapak Polipropilen 1/2 8315.PPL12.00-tr,,https://oztiryakiler.com.tr/urun/gastronom-kuvet-kapak-polipropilen-1-2-8315-ppl12-00/,gastronom-kuvetler | poliprobilen-gn-kuvet,Yardımcı Mutfak Ekipmanları,,,Equsto katalogunda bu kategori yok,,,
Gastronom Kuvet Kapak Polipropilen 1/3 8315.PPL13.00-tr,,https://oztiryakiler.com.tr/urun/gastronom-kuvet-kapak-polipropilen-1-3-8315-ppl13-00/,gastronom-kuvetler | poliprobilen-gn-kuvet,Yardımcı Mutfak Ekipmanları,,,Equsto katalogunda bu kategori yok,,,
Gastronom Kuvet Kapak Polipropilen 1/4 8315.PPL14.00-tr,,https://oztiryakiler.com.tr/urun/gastronom-kuvet-kapak-polipropilen-1-4-8315-ppl14-00/,gastronom-kuvetler | poliprobilen-gn-kuvet,Yardımcı Mutfak Ekipmanları,,,Equsto katalogunda bu kategori yok,,,
Gastronom Kuvet Kapak Polipropilen 1/6 8315.PPL16.00-tr,,https://oztiryakiler.com.tr/urun/gastronom-kuvet-kapak-polipropilen-1-6-8315-ppl16-00/,gastronom-kuvetler | poliprobilen-gn-kuvet,Yardımcı Mutfak Ekipmanları,,,Equsto katalogunda bu kategori yok,,,
Gastronom Kuvet Kapak Polipropilen 1/9 8315.PPL19.00-tr,,https://oztiryakiler.com.tr/urun/gastronom-kuvet-kapak-polipropilen-1-9-8315-ppl19-00/,gastronom-kuvetler | poliprobilen-gn-kuvet,Yardımcı Mutfak Ekipmanları,,,Equsto katalogunda bu kategori yok,,,
Gastronom Kuvet Policarbon 1/1-065,8310.11065.00-tr,https://oztiryakiler.com.tr/urun/gastronom-kuvet-policarbon-1-1-065-8310-11065-00/,gastronom-kuvetler | polikarbon-gn-kuvetler,Yardımcı Mutfak Ekipmanları,,,Equsto katalogunda bu kategori yok,,,
Gastronom Kuvet Policarbon 1/1-100,8310.11100.00-tr,https://oztiryakiler.com.tr/urun/gastronom-kuvet-policarbon-1-1-100-8310-11100-00/,gastronom-kuvetler | polikarbon-gn-kuvetler,Yardımcı Mutfak Ekipmanları,,,Equsto katalogunda bu kategori yok,,,
Gastronom Kuvet Policarbon 1/1-150,8310.11150.00-tr,https://oztiryakiler.com.tr/urun/gastronom-kuvet-policarbon-1-1-150-8310-11150-00/,gastronom-kuvetler | polikarbon-gn-kuvetler,Yardımcı Mutfak Ekipmanları,,,Equsto katalogunda bu kategori yok,,,
Gastronom Kuvet Policarbon 1/1-200,8310.11200.00-tr,https://oztiryakiler.com.tr/urun/gastronom-kuvet-policarbon-1-1-200-8310-11200-00/,gastronom-kuvetler | polikarbon-gn-kuvetler,Yardımcı Mutfak Ekipmanları,,,Equsto katalogunda bu kategori yok,,,
Gastronom Kuvet Policarbon 1/2 -200,8310.12200.00-tr,https://oztiryakiler.com.tr/urun/gastronom-kuvet-policarbon-1-2-200-8310-12200-00/,gastronom-kuvetler | polikarbon-gn-kuvetler,Yardımcı Mutfak Ekipmanları,,,Equsto katalogunda bu kategori yok,,,
Gastronom Kuvet Policarbon 1/2-065,8310.12065.00-tr,https://oztiryakiler.com.tr/urun/gastronom-kuvet-policarbon-1-2-065-8310-12065-00/,gastronom-kuvetler | polikarbon-gn-kuvetler,Yardımcı Mutfak Ekipmanları,,,Equsto katalogunda bu kategori yok,,,
Gastronom Kuvet Policarbon 1/2-100,8310.12100.00-tr,https://oztiryakiler.com.tr/urun/gastronom-kuvet-policarbon-1-2-100-8310-12100-00/,gastronom-kuvetler | polikarbon-gn-kuvetler,Yardımcı Mutfak Ekipmanları,,,Equsto katalogunda bu kategori yok,,,
Gastronom Kuvet Policarbon 1/2-150,8310.12150.00-tr,https://oztiryakiler.com.tr/urun/gastronom-kuvet-policarbon-1-2-150-8310-12150-00/,gastronom-kuvetler | polikarbon-gn-kuvetler,Yardımcı Mutfak Ekipmanları,,,Equsto katalogunda bu kategori yok,,,
Gastronom Kuvet Policarbon 1/3-065,8310.13065.00-tr,https://oztiryakiler.com.tr/urun/gastronom-kuvet-policarbon-1-3-065-8310-13065-00/,gastronom-kuvetler | polikarbon-gn-kuvetler,Yardımcı Mutfak Ekipmanları,,,Equsto katalogunda bu kategori yok,,,
Gastronom Kuvet Policarbon 1/3-100,8310.13100.00-tr,https://oztiryakiler.com.tr/urun/gastronom-kuvet-policarbon-1-3-100-8310-13100-00/,gastronom-kuvetler | polikarbon-gn-kuvetler,Yardımcı Mutfak Ekipmanları,,,Equsto katalogunda bu kategori yok,,,
Gastronom Kuvet Policarbon 1/3-150,8310.13150.00-tr,https://oztiryakiler.com.tr/urun/gastronom-kuvet-policarbon-1-3-150-8310-13150-00/,gastronom-kuvetler | polikarbon-gn-kuvetler,Yardımcı Mutfak Ekipmanları,,,Equsto katalogunda bu kategori yok,,,
Gastronom Kuvet Policarbon 1/4-065,8310.14065.00-tr,https://oztiryakiler.com.tr/urun/gastronom-kuvet-policarbon-1-4-065-8310-14065-00/,gastronom-kuvetler | polikarbon-gn-kuvetler,Yardımcı Mutfak Ekipmanları,,,Equsto katalogunda bu kategori yok,,,
Gastronom Kuvet Policarbon 1/4-100,8310.14100.00-tr,https://oztiryakiler.com.tr/urun/gastronom-kuvet-policarbon-1-4-100-8310-14100-00/,gastronom-kuvetler | polikarbon-gn-kuvetler,Yardımcı Mutfak Ekipmanları,,,Equsto katalogunda bu kategori yok,,,
Gastronom Kuvet Policarbon 1/4-150,8310.14150.00-tr,https://oztiryakiler.com.tr/urun/gastronom-kuvet-policarbon-1-4-150-8310-14150-00/,gastronom-kuvetler | polikarbon-gn-kuvetler,Yardımcı Mutfak Ekipmanları,,,Equsto katalogunda bu kategori yok,,,
Gastronom Kuvet Policarbon 1/6-065,8310.16065.00-tr,https://oztiryakiler.com.tr/urun/gastronom-kuvet-policarbon-1-6-065-8310-16065-00/,gastronom-kuvetler | polikarbon-gn-kuvetler,Yardımcı Mutfak Ekipmanları,,,Equsto katalogunda bu kategori yok,,,
Gastronom Kuvet Policarbon 1/6-100,8310.16100.00-tr,https://oztiryakiler.com.tr/urun/gastronom-kuvet-policarbon-1-6-100-8310-16100-00/,gastronom-kuvetler | polikarbon-gn-kuvetler,Yardımcı Mutfak Ekipmanları,,,Equsto katalogunda bu kategori yok,,,
Gastronom Kuvet Policarbon 1/6-150,8310.16150.00-tr,https://oztiryakiler.com.tr/urun/gastronom-kuvet-policarbon-1-6-150-8310-16150-00/,gastronom-kuvetler | polikarbon-gn-kuvetler,Yardımcı Mutfak Ekipmanları,,,Equsto katalogunda bu kategori yok,,,
Gastronom Kuvet Policarbon 1/9-065,8310.19065.00-tr,https://oztiryakiler.com.tr/urun/gastronom-kuvet-policarbon-1-9-065-8310-19065-00/,gastronom-kuvetler | polikarbon-gn-kuvetler,Yardımcı Mutfak Ekipmanları,,,Equsto katalogunda bu kategori yok,,,
Gastronom Kuvet Policarbon 1/9-100,8310.19100.00-tr,https://oztiryakiler.com.tr/urun/gastronom-kuvet-policarbon-1-9-100-8310-19100-00/,gastronom-kuvetler | polikarbon-gn-kuvetler,Yardımcı Mutfak Ekipmanları,,,Equsto katalogunda bu kategori yok,,,
Gastronom Kuvet Policarbon 1/9-150,8310.19150.00-tr,https://oztiryakiler.com.tr/urun/gastronom-kuvet-policarbon-1-9-150-8310-19150-00/,gastronom-kuvetler | polikarbon-gn-kuvetler,Yardımcı Mutfak Ekipmanları,,,Equsto katalogunda bu kategori yok,,,
Gastronom Kuvet Polipropilen 1/1 - 065 8310.0PP11.65-tr,,https://oztiryakiler.com.tr/urun/gastronom-kuvet-polipropilen-1-1-065-8310-0pp11-65/,gastronom-kuvetler | poliprobilen-gn-kuvet,Yardımcı Mutfak Ekipmanları,,,Equsto katalogunda bu kategori yok,,,
Gastronom Kuvet Polipropilen 1/1 - 100 8310.0PP11.100-tr,,https://oztiryakiler.com.tr/urun/gastronom-kuvet-polipropilen-1-1-100-8310-0pp11-100/,gastronom-kuvetler | poliprobilen-gn-kuvet,Yardımcı Mutfak Ekipmanları,,,Equsto katalogunda bu kategori yok,,,
Gastronom Kuvet Polipropilen 1/1 - 150 8310.0PP11.150-tr,,https://oztiryakiler.com.tr/urun/gastronom-kuvet-polipropilen-1-1-150-8310-0pp11-150/,gastronom-kuvetler | poliprobilen-gn-kuvet,Yardımcı Mutfak Ekipmanları,,,Equsto katalogunda bu kategori yok,,,
Gastronom Kuvet Polipropilen 1/1 - 200 8310.0PP11.200-tr,,https://oztiryakiler.com.tr/urun/gastronom-kuvet-polipropilen-1-1-200-8310-0pp11-200/,gastronom-kuvetler | poliprobilen-gn-kuvet,Yardımcı Mutfak Ekipmanları,,,Equsto katalogunda bu kategori yok,,,
Gastronom Kuvet Polipropilen 1/2 - 065 8310.0PP12.65-tr,,https://oztiryakiler.com.tr/urun/gastronom-kuvet-polipropilen-1-2-065-8310-0pp12-65/,gastronom-kuvetler | poliprobilen-gn-kuvet,Yardımcı Mutfak Ekipmanları,,,Equsto katalogunda bu kategori yok,,,
Gastronom Kuvet Polipropilen 1/2 - 100 8310.0PP12.100-tr,,https://oztiryakiler.com.tr/urun/gastronom-kuvet-polipropilen-1-2-100-8310-0pp12-100/,gastronom-kuvetler | poliprobilen-gn-kuvet,Yardımcı Mutfak Ekipmanları,,,Equsto katalogunda bu kategori yok,,,
Gastronom Kuvet Polipropilen 1/2 - 150 8310.0PP12.150-tr,,https://oztiryakiler.com.tr/urun/gastronom-kuvet-polipropilen-1-2-150-8310-0pp12-150/,gastronom-kuvetler | poliprobilen-gn-kuvet,Yardımcı Mutfak Ekipmanları,,,Equsto katalogunda bu kategori yok,,,
Gastronom Kuvet Polipropilen 1/2 - 200 8310.0PP12.200-tr,,https://oztiryakiler.com.tr/urun/gastronom-kuvet-polipropilen-1-2-200-8310-0pp12-200/,gastronom-kuvetler | poliprobilen-gn-kuvet,Yardımcı Mutfak Ekipmanları,,,Equsto katalogunda bu kategori yok,,,
Gastronom Kuvet Polipropilen 1/3 - 065 8310.0PP13.65-tr,,https://oztiryakiler.com.tr/urun/gastronom-kuvet-polipropilen-1-3-065-8310-0pp13-65/,gastronom-kuvetler | poliprobilen-gn-kuvet,Yardımcı Mutfak Ekipmanları,,,Equsto katalogunda bu kategori yok,,,
Gastronom Kuvet Polipropilen 1/3 - 100 8310.0PP13.100-tr,,https://oztiryakiler.com.tr/urun/gastronom-kuvet-polipropilen-1-3-100-8310-0pp13-100/,gastronom-kuvetler | poliprobilen-gn-kuvet,Yardımcı Mutfak Ekipmanları,,,Equsto katalogunda bu kategori yok,,,
Gastronom Kuvet Polipropilen 1/3 - 150 8310.0PP13.150-tr,,https://oztiryakiler.com.tr/urun/gastronom-kuvet-polipropilen-1-3-150-8310-0pp13-150/,gastronom-kuvetler | poliprobilen-gn-kuvet,Yardımcı Mutfak Ekipmanları,,,Equsto katalogunda bu kategori yok,,,
Gastronom Kuvet Polipropilen 1/4 - 065 8310.0PP14.65-tr,,https://oztiryakiler.com.tr/urun/gastronom-kuvet-polipropilen-1-4-065-8310-0pp14-65/,gastronom-kuvetler | poliprobilen-gn-kuvet,Yardımcı Mutfak Ekipmanları,,,Equsto katalogunda bu kategori yok,,,
Gastronom Kuvet Polipropilen 1/4 - 100 8310.0PP14.100-tr,,https://oztiryakiler.com.tr/urun/gastronom-kuvet-polipropilen-1-4-100-8310-0pp14-100/,gastronom-kuvetler | poliprobilen-gn-kuvet,Yardımcı Mutfak Ekipmanları,,,Equsto katalogunda bu kategori yok,,,
Gastronom Kuvet Polipropilen 1/4 - 150 8310.0PP14.150-tr,,https://oztiryakiler.com.tr/urun/gastronom-kuvet-polipropilen-1-4-150-8310-0pp14-150/,gastronom-kuvetler | poliprobilen-gn-kuvet,Yardımcı Mutfak Ekipmanları,,,Equsto katalogunda bu kategori yok,,,
Gastronom Kuvet Polipropilen 1/6 - 065 8310.0PP16.65-tr,,https://oztiryakiler.com.tr/urun/gastronom-kuvet-polipropilen-1-6-065-8310-0pp16-65/,gastronom-kuvetler | poliprobilen-gn-kuvet,Yardımcı Mutfak Ekipmanları,,,Equsto katalogunda bu kategori yok,,,
Gastronom Kuvet Polipropilen 1/6 - 100 8310.0PP16.100-tr,,https://oztiryakiler.com.tr/urun/gastronom-kuvet-polipropilen-1-6-100-8310-0pp16-100/,gastronom-kuvetler | poliprobilen-gn-kuvet,Yardımcı Mutfak Ekipmanları,,,Equsto katalogunda bu kategori yok,,,
Gastronom Kuvet Polipropilen 1/6 - 150 8310.0PP16.150-tr,,https://oztiryakiler.com.tr/urun/gastronom-kuvet-polipropilen-1-6-150-8310-0pp16-150/,gastronom-kuvetler | poliprobilen-gn-kuvet,Yardımcı Mutfak Ekipmanları,,,Equsto katalogunda bu kategori yok,,,
Gastronom Kuvet Polipropilen 1/9 - 065 8310.0PP19.65-tr,,https://oztiryakiler.com.tr/urun/gastronom-kuvet-polipropilen-1-9-065-8310-0pp19-65/,gastronom-kuvetler | poliprobilen-gn-kuvet,Yardımcı Mutfak Ekipmanları,,,Equsto katalogunda bu kategori yok,,,
Gastronom Kuvet Polipropilen 1/9 - 100 8310.0PP19.100-tr,,https://oztiryakiler.com.tr/urun/gastronom-kuvet-polipropilen-1-9-100-8310-0pp19-100/,gastronom-kuvetler | poliprobilen-gn-kuvet,Yardımcı Mutfak Ekipmanları,,,Equsto katalogunda bu kategori yok,,,
Gastronom Kuvet Polipropilen 1/9 - 150 8310.0PP19.150-tr,,https://oztiryakiler.com.tr/urun/gastronom-kuvet-polipropilen-1-9-150-8310-0pp19-150/,gastronom-kuvetler | poliprobilen-gn-kuvet,Yardımcı Mutfak Ekipmanları,,,Equsto katalogunda bu kategori yok,,,
Gurmeaıd Baklava Bıçağı Beyaz 8350.91172.0B-tr,,https://oztiryakiler.com.tr/urun/gurmeaid-baklava-bicagi-beyaz-8350-91172-0b/,bicaklar | pasta-borek-bicaklari,Yardımcı Mutfak Ekipmanları,,,Equsto katalogunda bu kategori yok,,,
Gurmeaıd Baklava Bıçağı Siyah 8350.91172.0S-tr,,https://oztiryakiler.com.tr/urun/gurmeaid-baklava-bicagi-siyah-8350-91172-0s/,bicaklar | pasta-borek-bicaklari,Yardımcı Mutfak Ekipmanları,,,Equsto katalogunda bu kategori yok,,,
Gurmeaıd Börek Bıçağı Plastık Saplı Orta Siyah 8350.71081.0S-tr,,https://oztiryakiler.com.tr/urun/gurmeaid-borek-bicagi-plastik-sapli-orta-siyah-8350-71081-0s/,bicaklar | pasta-borek-bicaklari,Yardımcı Mutfak Ekipmanları,,,Equsto katalogunda bu kategori yok,,,
Gurmeaıd Garnitür Bıçağı Siyah 8350.91101.0S-tr,,https://oztiryakiler.com.tr/urun/gurmeaid-garnitur-bicagi-siyah-8350-91101-0s/,bicaklar | dilimleme-bicaklari,Yardımcı Mutfak Ekipmanları,,,Equsto katalogunda bu kategori yok,,,
Gurmeaıd Kasap Bıçağı Plastık Saplı No:1 Kırmızı 8350.31041.0K-tr,,https://oztiryakiler.com.tr/urun/gurmeaid-kasap-bicagi-plastik-sapli-no1-kirmizi-8350-31041-0k/,bicaklar | kasap-bicaklari,Yardımcı Mutfak Ekipmanları,,,Equsto katalogunda bu kategori yok,,,
Gurmeaıd Kasap Bıçağı Plastık Saplı No:1 Siyah 8350.31041.0S-tr,,https://oztiryakiler.com.tr/urun/gurmeaid-kasap-bicagi-plastik-sapli-no1-siyah-8350-31041-0s/,bicaklar | kasap-bicaklari,Yardımcı Mutfak Ekipmanları,,,Equsto katalogunda bu kategori yok,,,
Gurmeaıd Kasap Bıçağı Plastık Saplı No:2 Kırmızı 8350.31042.0K-tr,,https://oztiryakiler.com.tr/urun/gurmeaid-kasap-bicagi-plastik-sapli-no2-kirmizi-8350-31042-0k/,bicaklar | kasap-bicaklari,Yardımcı Mutfak Ekipmanları,,,Equsto katalogunda bu kategori yok,,,
Gurmeaıd Kasap Bıçağı Plastık Saplı No:2 Siyah 8350.31042.0S-tr,,https://oztiryakiler.com.tr/urun/gurmeaid-kasap-bicagi-plastik-sapli-no2-siyah-8350-31042-0s/,bicaklar | kasap-bicaklari,Yardımcı Mutfak Ekipmanları,,,Equsto katalogunda bu kategori yok,,,
Gurmeaıd Kasap Bıçağı Plastık Saplı No:0 Siyah 8350.31040.0S-tr,,https://oztiryakiler.com.tr/urun/gurmeaid-kasap-bicagi-plastik-sapli-no0-siyah-8350-31040-0s/,bicaklar | kasap-bicaklari,Yardımcı Mutfak Ekipmanları,,,Equsto katalogunda bu kategori yok,,,
Gurmeaıd Kasap Bıçağı Plastık Saplı No:0 Kırmızı 8350.31040.0K-tr,,https://oztiryakiler.com.tr/urun/gurmeaid-kasap-bicagi-plastik-sapli-no0-kirmizi-8350-31040-0k/,bicaklar | kasap-bicaklari,Yardımcı Mutfak Ekipmanları,,,Equsto katalogunda bu kategori yok,,,
Gurmeaıd Kasap Bıçağı Plastık Saplı No:3 Siyah 8350.31043.0S-tr,,https://oztiryakiler.com.tr/urun/gurmeaid-kasap-bicagi-plastik-sapli-no3-siyah-8350-31043-0s/,bicaklar | kasap-bicaklari,Yardımcı Mutfak Ekipmanları,,,Equsto katalogunda bu kategori yok,,,
Gurmeaıd Kasap Bıçağı Plastık Saplı No:3 Kırmızı 8350.31043.0K-tr,,https://oztiryakiler.com.tr/urun/gurmeaid-kasap-bicagi-plastik-sapli-no3-kirmizi-8350-31043-0k/,bicaklar | kasap-bicaklari,Yardımcı Mutfak Ekipmanları,,,Equsto katalogunda bu kategori yok,,,
Gurmeaıd Kasap Bıçağı Plastık Saplı No:4 Kırmızı 8350.31044.0K-tr,,https://oztiryakiler.com.tr/urun/gurmeaid-kasap-bicagi-plastik-sapli-no4-kirmizi-8350-31044-0k/,bicaklar | kasap-bicaklari,Yardımcı Mutfak Ekipmanları,,,Equsto katalogunda bu kategori yok,,,
Gurmeaıd Kasap Bıçağı Plastık Saplı No:4 Siyah 8350.31044.0S-tr,,https://oztiryakiler.com.tr/urun/gurmeaid-kasap-bicagi-plastik-sapli-no4-siyah-8350-31044-0s/,bicaklar | kasap-bicaklari,Yardımcı Mutfak Ekipmanları,,,Equsto katalogunda bu kategori yok,,,
Gurmeaıd Kasap Bıçağı Plastık Saplı No:5 Kırmızı 8350.31045.0K-tr,,https://oztiryakiler.com.tr/urun/gurmeaid-kasap-bicagi-plastik-sapli-no5-kirmizi-8350-31045-0k/,bicaklar | kasap-bicaklari,Yardımcı Mutfak Ekipmanları,,,Equsto katalogunda bu kategori yok,,,
Gurmeaıd Kasap Bıçağı Plastık Saplı No:5 Siyah 8350.31045.0S-tr,,https://oztiryakiler.com.tr/urun/gurmeaid-kasap-bicagi-plastik-sapli-no5-siyah-8350-31045-0s/,bicaklar | kasap-bicaklari,Yardımcı Mutfak Ekipmanları,,,Equsto katalogunda bu kategori yok,,,
Gurmeaıd Şef Bıçağı No:1 Siyah 8350.91160.0S-tr,,https://oztiryakiler.com.tr/urun/gurmeaid-sef-bicagi-no1-siyah-8350-91160-0s/,bicaklar | sef-bicaklari,Yardımcı Mutfak Ekipmanları,,,Equsto katalogunda bu kategori yok,,,
Gurmeaıd Şef Bıçağı No:2 Kırmızı 8350.91161.0K-tr,,https://oztiryakiler.com.tr/urun/gurmeaid-sef-bicagi-no2-kirmizi-8350-91161-0k/,bicaklar | sef-bicaklari,Yardımcı Mutfak Ekipmanları,,,Equsto katalogunda bu kategori yok,,,
Gurmeaıd Şef Bıçağı No:2 Siyah 8350.91161.0S-tr,,https://oztiryakiler.com.tr/urun/gurmeaid-sef-bicagi-no2-siyah-8350-91161-0s/,bicaklar | sef-bicaklari,Yardımcı Mutfak Ekipmanları,,,Equsto katalogunda bu kategori yok,,,
Gurmeaıd Şef Bıçağı No:3 Siyah 8350.91162.0S-tr,,https://oztiryakiler.com.tr/urun/gurmeaid-sef-bicagi-no3-siyah-8350-91162-0s/,bicaklar | sef-bicaklari,Yardımcı Mutfak Ekipmanları,,,Equsto katalogunda bu kategori yok,,,
Güveç Yarım Sırlı 8151.ISG10.00-tr,,https://oztiryakiler.com.tr/urun/guvec-yarim-sirli-8151-isg10-00/,guvec | pisirme-ekipmanlari | tavalar,Yardımcı Mutfak Ekipmanları,,,Equsto katalogunda bu kategori yok,,,
Güveç Yarım Sırlı 8151.ISG10.10-tr,,https://oztiryakiler.com.tr/urun/guvec-yarim-sirli-8151-isg10-10/,guvec | pisirme-ekipmanlari | tavalar,Yardımcı Mutfak Ekipmanları,,,Equsto katalogunda bu kategori yok,,,
Güveç Yarım Sırlı 8151.ISG10.30-tr,,https://oztiryakiler.com.tr/urun/guvec-yarim-sirli-8151-isg10-30/,guvec | pisirme-ekipmanlari | tavalar,Yardımcı Mutfak Ekipmanları,,,Equsto katalogunda bu kategori yok,,,
Güveç Yarım Sırlı 8151.ISG10.40-tr,,https://oztiryakiler.com.tr/urun/guvec-yarim-sirli-8151-isg10-40/,guvec | pisirme-ekipmanlari | tavalar,Yardımcı Mutfak Ekipmanları,,,Equsto katalogunda bu kategori yok,,,
Güveç Yarım Sırlı 8151.ISG10.50-tr,,https://oztiryakiler.com.tr/urun/guvec-yarim-sirli-8151-isg10-50/,guvec | pisirme-ekipmanlari | tavalar,Yardımcı Mutfak Ekipmanları,,,Equsto katalogunda bu kategori yok,,,
Güveç Yarım Sırlı 8151.ISG10.60-tr,,https://oztiryakiler.com.tr/urun/guvec-yarim-sirli-8151-isg10-60/,guvec | pisirme-ekipmanlari | tavalar,Yardımcı Mutfak Ekipmanları,,,Equsto katalogunda bu kategori yok,,,
Havan Pirinç,8354.00005.01-tr,https://oztiryakiler.com.tr/urun/havan-pirinc-8354-00005-01/,el-gerecleri | havan,Yardımcı Mutfak Ekipmanları,,,Equsto katalogunda bu kategori yok,,,
Havan Polietilen Orta,8354.00004.01-tr,https://oztiryakiler.com.tr/urun/havan-polietilen-orta-8354-00004-01/,el-gerecleri | havan,Yardımcı Mutfak Ekipmanları,,,Equsto katalogunda bu kategori yok,,,
İçecek Termosu 20 Lt 8224.0ST20.00-tr,,https://oztiryakiler.com.tr/urun/icecek-termosu-20-lt-8224-0st20-00/,gida-saklama-ve-tasima-yardimci-mutfak-ekipmanlari | izolasyonlu-yemek-tasima-kutulari,Yardımcı Mutfak Ekipmanları,,,Equsto katalogunda bu kategori yok,,,
Izgara Fırçası,8640.00002.00-tr,https://oztiryakiler.com.tr/urun/izgara-fircasi-8640-00002-00/,el-gerecleri | fircalar,Yardımcı Mutfak Ekipmanları,,,Equsto katalogunda bu kategori yok,,,
"Izgara Tava Yuvarlak, Döküm,Metal Kulplu 8149.00030.T5-tr",,https://oztiryakiler.com.tr/urun/izgara-tava-yuvarlak-dokummetal-kulplu-8149-00030-t5/,dokum-demir-tavalar | pisirme-ekipmanlari | tavalar,Yardımcı Mutfak Ekipmanları,,,Equsto katalogunda bu kategori yok,,,
Kızartma Maşası No: 1,8467.00001.01-tr,https://oztiryakiler.com.tr/urun/kizartma-masasi-no-1-8467-00001-01/,el-gerecleri | masalar,Yardımcı Mutfak Ekipmanları,,,Equsto katalogunda bu kategori yok,,,
Kızartma Maşaşı No: 2,8467.00001.02-tr,https://oztiryakiler.com.tr/urun/kizartma-masasi-no-2-8467-00001-02/,el-gerecleri | masalar,Yardımcı Mutfak Ekipmanları,,,Equsto katalogunda bu kategori yok,,,
Kızartma Maşaşı No: 3,8467.00001.03-tr,https://oztiryakiler.com.tr/urun/kizartma-masasi-no-3-8467-00001-03/,el-gerecleri | masalar,Yardımcı Mutfak Ekipmanları,,,Equsto katalogunda bu kategori yok,,,
Krep Tavası Aluminyum,8149.00138.14-tr,https://oztiryakiler.com.tr/urun/krep-tavasi-aluminyum-8149-00138-14/,aluminyum-tavalar | pisirme-ekipmanlari | tavalar,Yardımcı Mutfak Ekipmanları,,,Equsto katalogunda bu kategori yok,,,
Krep Tavası Aluminyum,8149.00138.18-tr,https://oztiryakiler.com.tr/urun/krep-tavasi-aluminyum-8149-00138-18/,aluminyum-tavalar | pisirme-ekipmanlari | tavalar,Yardımcı Mutfak Ekipmanları,,,Equsto katalogunda bu kategori yok,,,
Krep Tavası Aluminyum,8149.00138.22-tr,https://oztiryakiler.com.tr/urun/krep-tavasi-aluminyum-8149-00138-22/,aluminyum-tavalar | pisirme-ekipmanlari | tavalar,Yardımcı Mutfak Ekipmanları,,,Equsto katalogunda bu kategori yok,,,
Krep Tavası Aluminyum,8149.00138.24-tr,https://oztiryakiler.com.tr/urun/krep-tavasi-aluminyum-8149-00138-24/,aluminyum-tavalar | pisirme-ekipmanlari | tavalar,Yardımcı Mutfak Ekipmanları,,,Equsto katalogunda bu kategori yok,,,
Krep Tavası Aluminyum,8149.00138.26-tr,https://oztiryakiler.com.tr/urun/krep-tavasi-aluminyum-8149-00138-26/,aluminyum-tavalar | pisirme-ekipmanlari | tavalar,Yardımcı Mutfak Ekipmanları,,,Equsto katalogunda bu kategori yok,,,
Krep Tavası Aluminyum,8149.00138.28-tr,https://oztiryakiler.com.tr/urun/krep-tavasi-aluminyum-8149-00138-28/,aluminyum-tavalar | pisirme-ekipmanlari | tavalar,Yardımcı Mutfak Ekipmanları,,,Equsto katalogunda bu kategori yok,,,
Krep Tavası Aluminyum,8149.00138.30-tr,https://oztiryakiler.com.tr/urun/krep-tavasi-aluminyum-8149-00138-30/,aluminyum-tavalar | pisirme-ekipmanlari | tavalar,Yardımcı Mutfak Ekipmanları,,,Equsto katalogunda bu kategori yok,,,
Krep Tavası Aluminyum,8149.00138.32-tr,https://oztiryakiler.com.tr/urun/krep-tavasi-aluminyum-8149-00138-32/,aluminyum-tavalar | pisirme-ekipmanlari | tavalar,Yardımcı Mutfak Ekipmanları,,,Equsto katalogunda bu kategori yok,,,
Künefe Tabak Alüminyum 8420.0000B.00-tr,,https://oztiryakiler.com.tr/urun/kunefe-tabak-aluminyum-8420-0000b-00/,aluminyum-pisirme-ekipmanlari-mutfak-setustu-malzemeleri | mutfak-setustu-malzemeleri | pisirme-ekipmanlari-mutfak-setustu-malzemeleri,Yardımcı Mutfak Ekipmanları,,,Equsto katalogunda bu kategori yok,,,
Lamine Dikdortgen Tepsi,8448.02435.00-tr,https://oztiryakiler.com.tr/urun/lamine-dikdortgen-tepsi-8448-02435-00/,lamine-tepsiler | tepsiler,Yardımcı Mutfak Ekipmanları,,,Equsto katalogunda bu kategori yok,,,
Lamine Dikdortgen Tepsi,8448.03244.00-tr,https://oztiryakiler.com.tr/urun/lamine-dikdortgen-tepsi-8448-03244-00/,lamine-tepsiler | tepsiler,Yardımcı Mutfak Ekipmanları,,,Equsto katalogunda bu kategori yok,,,
Lamine Dikdortgen Tepsi,8448.03646.00-tr,https://oztiryakiler.com.tr/urun/lamine-dikdortgen-tepsi-8448-03646-00/,lamine-tepsiler | tepsiler,Yardımcı Mutfak Ekipmanları,,,Equsto katalogunda bu kategori yok,,,
Lamine Dikdortgen Tepsi,8448.03753.00-tr,https://oztiryakiler.com.tr/urun/lamine-dikdortgen-tepsi-8448-03753-00/,lamine-tepsiler | tepsiler,Yardımcı Mutfak Ekipmanları,,,Equsto katalogunda bu kategori yok,,,
Lamine Dikdortgen Tepsi,8448.04361.00-tr,https://oztiryakiler.com.tr/urun/lamine-dikdortgen-tepsi-8448-04361-00/,lamine-tepsiler | tepsiler,Yardımcı Mutfak Ekipmanları,,,Equsto katalogunda bu kategori yok,,,
Lamine Dikdortgen Tepsi Kaymaz,8448.02435.01-tr,https://oztiryakiler.com.tr/urun/lamine-dikdortgen-tepsi-kaymaz-8448-02435-01/,lamine-tepsiler | tepsiler,Yardımcı Mutfak Ekipmanları,,,Equsto katalogunda bu kategori yok,,,
Lamine Dikdortgen Tepsi Kaymaz,8448.03244.01-tr,https://oztiryakiler.com.tr/urun/lamine-dikdortgen-tepsi-kaymaz-8448-03244-01/,lamine-tepsiler | tepsiler,Yardımcı Mutfak Ekipmanları,,,Equsto katalogunda bu kategori yok,,,
Lamine Dikdortgen Tepsi Kaymaz,8448.03646.01-tr,https://oztiryakiler.com.tr/urun/lamine-dikdortgen-tepsi-kaymaz-8448-03646-01/,lamine-tepsiler | tepsiler,Yardımcı Mutfak Ekipmanları,,,Equsto katalogunda bu kategori yok,,,
Lamine Dikdortgen Tepsi Kaymaz,8448.03753.01-tr,https://oztiryakiler.com.tr/urun/lamine-dikdortgen-tepsi-kaymaz-8448-03753-01/,lamine-tepsiler | tepsiler,Yardımcı Mutfak Ekipmanları,,,Equsto katalogunda bu kategori yok,,,
Lamine Dikdortgen Tepsi Kaymaz,8448.04361.01-tr,https://oztiryakiler.com.tr/urun/lamine-dikdortgen-tepsi-kaymaz-8448-04361-01/,lamine-tepsiler | tepsiler,Yardımcı Mutfak Ekipmanları,,,Equsto katalogunda bu kategori yok,,,
Lamine Yuvarlak Tepsi 8448.00R32.00-tr,,https://oztiryakiler.com.tr/urun/lamine-yuvarlak-tepsi-8448-00r32-00/,lamine-tepsiler | tepsiler,Yardımcı Mutfak Ekipmanları,,,Equsto katalogunda bu kategori yok,,,
Lamine Yuvarlak Tepsi 8448.00R38.00-tr,,https://oztiryakiler.com.tr/urun/lamine-yuvarlak-tepsi-8448-00r38-00/,lamine-tepsiler | tepsiler,Yardımcı Mutfak Ekipmanları,,,Equsto katalogunda bu kategori yok,,,
Lamine Yuvarlak Tepsi 8448.00R43.00-tr,,https://oztiryakiler.com.tr/urun/lamine-yuvarlak-tepsi-8448-00r43-00/,lamine-tepsiler | tepsiler,Yardımcı Mutfak Ekipmanları,,,Equsto katalogunda bu kategori yok,,,
Lamine Yuvarlak Tepsi Kaymaz 8448.00R32.01-tr,,https://oztiryakiler.com.tr/urun/lamine-yuvarlak-tepsi-kaymaz-8448-00r32-01/,lamine-tepsiler | tepsiler,Yardımcı Mutfak Ekipmanları,,,Equsto katalogunda bu kategori yok,,,
Lamine Yuvarlak Tepsi Kaymaz 8448.00R43.01-tr,,https://oztiryakiler.com.tr/urun/lamine-yuvarlak-tepsi-kaymaz-8448-00r43-01/,lamine-tepsiler | tepsiler,Yardımcı Mutfak Ekipmanları,,,Equsto katalogunda bu kategori yok,,,
Lamine Yuvarlak Tepsi Kaymaz 8448.00R38.01-tr,,https://oztiryakiler.com.tr/urun/lamine-yuvarlak-tepsi-kaymaz-8448-00r38-01/,lamine-tepsiler | tepsiler,Yardımcı Mutfak Ekipmanları,,,Equsto katalogunda bu kategori yok,,,
Makarna Salata Maşası,8467.00001.06-tr,https://oztiryakiler.com.tr/urun/makarna-salata-masasi-8467-00001-06/,el-gerecleri | masalar,Yardımcı Mutfak Ekipmanları,,,Equsto katalogunda bu kategori yok,,,
Oval Tava Yarım Sırlı 8151.ISK10.00-tr,,https://oztiryakiler.com.tr/urun/oval-tava-yarim-sirli-8151-isk10-00/,guvec | pisirme-ekipmanlari | tavalar,Yardımcı Mutfak Ekipmanları,,,Equsto katalogunda bu kategori yok,,,
Oval Tava Yarım Sırlı 8151.ISK10.10-tr,,https://oztiryakiler.com.tr/urun/oval-tava-yarim-sirli-8151-isk10-10/,guvec | pisirme-ekipmanlari | tavalar,Yardımcı Mutfak Ekipmanları,,,Equsto katalogunda bu kategori yok,,,
Oval Tava Yarım Sırlı 8151.ISK10.20-tr,,https://oztiryakiler.com.tr/urun/oval-tava-yarim-sirli-8151-isk10-20/,guvec | pisirme-ekipmanlari | tavalar,Yardımcı Mutfak Ekipmanları,,,Equsto katalogunda bu kategori yok,,,
Paslanmaz Çelik Litre 5 Lt,8649.00001.05-tr,https://oztiryakiler.com.tr/urun/paslanmaz-celik-litre-5-lt-8649-00001-05/,diger-ekipmanlar-yardimci-mutfak-ekipmanlari,Yardımcı Mutfak Ekipmanları,,,Equsto katalogunda bu kategori yok,,,
Paslanmaz Elek,8652.00040.02-tr,https://oztiryakiler.com.tr/urun/paslanmaz-elek-8652-00040-02/,el-gerecleri,Yardımcı Mutfak Ekipmanları,,,Equsto katalogunda bu kategori yok,,,
Paslanmaz Elek,8652.00050.02-tr,https://oztiryakiler.com.tr/urun/paslanmaz-elek-8652-00050-02/,el-gerecleri,Yardımcı Mutfak Ekipmanları,,,Equsto katalogunda bu kategori yok,,,
Paslanmaz Kalbur,8652.00030.01-tr,https://oztiryakiler.com.tr/urun/paslanmaz-kalbur-8652-00030-01/,el-gerecleri | elek-kalburlar,Yardımcı Mutfak Ekipmanları,,,Equsto katalogunda bu kategori yok,,,
Paslanmaz Kalbur,8652.00040.01-tr,https://oztiryakiler.com.tr/urun/paslanmaz-kalbur-8652-00040-01/,el-gerecleri | elek-kalburlar,Yardımcı Mutfak Ekipmanları,,,Equsto katalogunda bu kategori yok,,,
Paslanmaz Kalbur,8652.00050.01-tr,https://oztiryakiler.com.tr/urun/paslanmaz-kalbur-8652-00050-01/,el-gerecleri | elek-kalburlar,Yardımcı Mutfak Ekipmanları,,,Equsto katalogunda bu kategori yok,,,
Pasta Maşası,8467.00002.03-tr,https://oztiryakiler.com.tr/urun/pasta-masasi-8467-00002-03/,el-gerecleri | masalar,Yardımcı Mutfak Ekipmanları,,,Equsto katalogunda bu kategori yok,,,
Pataşu Sopası Ulpolen,8653.00030.01-tr,https://oztiryakiler.com.tr/urun/patasu-sopasi-ulpolen-8653-00030-01/,el-gerecleri | spatulalar,Yardımcı Mutfak Ekipmanları,,,Equsto katalogunda bu kategori yok,,,
Pataşu Sopası Ulpolen,8653.00035.01-tr,https://oztiryakiler.com.tr/urun/patasu-sopasi-ulpolen-8653-00035-01/,el-gerecleri | spatulalar,Yardımcı Mutfak Ekipmanları,,,Equsto katalogunda bu kategori yok,,,
Pataşu Sopası Ulpolen,8653.00045.01-tr,https://oztiryakiler.com.tr/urun/patasu-sopasi-ulpolen-8653-00045-01/,el-gerecleri | spatulalar,Yardımcı Mutfak Ekipmanları,,,Equsto katalogunda bu kategori yok,,,
Pataşu Sopası Ulpolen,8653.00055.01-tr,https://oztiryakiler.com.tr/urun/patasu-sopasi-ulpolen-8653-00055-01/,el-gerecleri | spatulalar,Yardımcı Mutfak Ekipmanları,,,Equsto katalogunda bu kategori yok,,,
Pataşu Sopası Ulpolen,8653.00065.01-tr,https://oztiryakiler.com.tr/urun/patasu-sopasi-ulpolen-8653-00065-01/,el-gerecleri | spatulalar,Yardımcı Mutfak Ekipmanları,,,Equsto katalogunda bu kategori yok,,,
Pataşu Sopası Ulpolen,8653.00075.01-tr,https://oztiryakiler.com.tr/urun/patasu-sopasi-ulpolen-8653-00075-01/,el-gerecleri | spatulalar,Yardımcı Mutfak Ekipmanları,,,Equsto katalogunda bu kategori yok,,,
Pataşu Sopası Ulpolen,8653.00100.01-tr,https://oztiryakiler.com.tr/urun/patasu-sopasi-ulpolen-8653-00100-01/,el-gerecleri | spatulalar,Yardımcı Mutfak Ekipmanları,,,Equsto katalogunda bu kategori yok,,,
Pataşu Sopası Ulpolen,8653.00120.01-tr,https://oztiryakiler.com.tr/urun/patasu-sopasi-ulpolen-8653-00120-01/,pisirme-ekipmanlari,Yardımcı Mutfak Ekipmanları,,,Equsto katalogunda bu kategori yok,,,
Pizza Pişirme Teli,8631.17017.00-tr,https://oztiryakiler.com.tr/urun/pizza-pisirme-teli-8631-17017-00/,pisirme-ekipmanlari | pizza-tavalari | tavalar,Yardımcı Mutfak Ekipmanları,,,Equsto katalogunda bu kategori yok,,,
Pizza Pişirme Teli,8631.17021.00-tr,https://oztiryakiler.com.tr/urun/pizza-pisirme-teli-8631-17021-00/,pisirme-ekipmanlari | pizza-tavalari | tavalar,Yardımcı Mutfak Ekipmanları,,,Equsto katalogunda bu kategori yok,,,
Pizza Pişirme Teli,8631.17026.00-tr,https://oztiryakiler.com.tr/urun/pizza-pisirme-teli-8631-17026-00/,pisirme-ekipmanlari | pizza-tavalari | tavalar,Yardımcı Mutfak Ekipmanları,,,Equsto katalogunda bu kategori yok,,,
Pizza Pişirme Teli,8631.17031.00-tr,https://oztiryakiler.com.tr/urun/pizza-pisirme-teli-8631-17031-00/,pisirme-ekipmanlari | pizza-tavalari | tavalar,Yardımcı Mutfak Ekipmanları,,,Equsto katalogunda bu kategori yok,,,
Pizza Pişirme Teli,8631.17033.00-tr,https://oztiryakiler.com.tr/urun/pizza-pisirme-teli-8631-17033-00/,pisirme-ekipmanlari | pizza-tavalari | tavalar,Yardımcı Mutfak Ekipmanları,,,Equsto katalogunda bu kategori yok,,,
Pizza Pişirme Teli,8631.17036.00-tr,https://oztiryakiler.com.tr/urun/pizza-pisirme-teli-8631-17036-00/,pisirme-ekipmanlari | pizza-tavalari | tavalar,Yardımcı Mutfak Ekipmanları,,,Equsto katalogunda bu kategori yok,,,
Pizza Pisirme Teli,8631.17043.00-tr,https://oztiryakiler.com.tr/urun/pizza-pisirme-teli-8631-17043-00/,pisirme-ekipmanlari | pizza-tavalari | tavalar,Yardımcı Mutfak Ekipmanları,,,Equsto katalogunda bu kategori yok,,,
Pizza Tabağı Delikli No.18 Yapısmaz,8631.00018.01-tr,https://oztiryakiler.com.tr/urun/pizza-tabagi-delikli-no-18-yapismaz-8631-00018-01/,delikli-pizza-tavalari | pisiriciler | pizza-pisirme-ekipmanlari,Yardımcı Mutfak Ekipmanları,,,Equsto katalogunda bu kategori yok,,,
Pizza Tabağı Delikli No.20 Yapısmaz,8631.00020.01-tr,https://oztiryakiler.com.tr/urun/pizza-tabagi-delikli-no-20-yapismaz-8631-00020-01/,delikli-pizza-tavalari | pisiriciler | pizza-pisirme-ekipmanlari,Yardımcı Mutfak Ekipmanları,,,Equsto katalogunda bu kategori yok,,,
Pizza Tabağı Delikli No.22 Yapısmaz,8631.00022.01-tr,https://oztiryakiler.com.tr/urun/pizza-tabagi-delikli-no-22-yapismaz-8631-00022-01/,delikli-pizza-tavalari | pisiriciler | pizza-pisirme-ekipmanlari,Yardımcı Mutfak Ekipmanları,,,Equsto katalogunda bu kategori yok,,,
Pizza Tabağı Delikli No.24 Yapısmaz,8631.00024.01-tr,https://oztiryakiler.com.tr/urun/pizza-tabagi-delikli-no-24-yapismaz-8631-00024-01/,delikli-pizza-tavalari | pisiriciler | pizza-pisirme-ekipmanlari,Yardımcı Mutfak Ekipmanları,,,Equsto katalogunda bu kategori yok,,,
Pizza Tabağı Delikli No.26 Yapısmaz,8631.00026.01-tr,https://oztiryakiler.com.tr/urun/pizza-tabagi-delikli-no-26-yapismaz-8631-00026-01/,delikli-pizza-tavalari | pisiriciler | pizza-pisirme-ekipmanlari,Yardımcı Mutfak Ekipmanları,,,Equsto katalogunda bu kategori yok,,,
Pizza Tabağı Delikli No.30 Yapısmaz,8631.00030.01-tr,https://oztiryakiler.com.tr/urun/pizza-tabagi-delikli-no-30-yapismaz-8631-00030-01/,pisirme-ekipmanlari | pizza-tavalari | tavalar,Yardımcı Mutfak Ekipmanları,,,Equsto katalogunda bu kategori yok,,,
Pizza Tavası,8631.00028.00-tr,https://oztiryakiler.com.tr/urun/pizza-tavasi-8631-00028-00/,pisirme-ekipmanlari | pizza-tavalari | tavalar,Yardımcı Mutfak Ekipmanları,,,Equsto katalogunda bu kategori yok,,,
Pizza Tavası,8631.00030.00-tr,https://oztiryakiler.com.tr/urun/pizza-tavasi-8631-00030-00/,pisirme-ekipmanlari | pizza-tavalari | tavalar,Yardımcı Mutfak Ekipmanları,,,Equsto katalogunda bu kategori yok,,,
Pizza Tavası,8631.00018.00-tr,https://oztiryakiler.com.tr/urun/pizza-tavasi-8631-00018-00/,aluminyum-pizza-tavalari | pisiriciler | pizza-pisirme-ekipmanlari,Yardımcı Mutfak Ekipmanları,,,Equsto katalogunda bu kategori yok,,,
Pizza Tavası,8631.00020.00-tr,https://oztiryakiler.com.tr/urun/pizza-tavasi-8631-00020-00/,aluminyum-pizza-tavalari | pisiriciler | pizza-pisirme-ekipmanlari,Yardımcı Mutfak Ekipmanları,,,Equsto katalogunda bu kategori yok,,,
Pizza Tavası,8631.00024.00-tr,https://oztiryakiler.com.tr/urun/pizza-tavasi-8631-00024-00/,aluminyum-pizza-tavalari | pisiriciler | pizza-pisirme-ekipmanlari,Yardımcı Mutfak Ekipmanları,,,Equsto katalogunda bu kategori yok,,,
Pizza Tavası,8631.00026.00-tr,https://oztiryakiler.com.tr/urun/pizza-tavasi-8631-00026-00/,aluminyum-pizza-tavalari | pisiriciler | pizza-pisirme-ekipmanlari,Yardımcı Mutfak Ekipmanları,,,Equsto katalogunda bu kategori yok,,,
Pizza Tavası Delikli 28 Cm Yapısmaz,8631.00028.01-tr,https://oztiryakiler.com.tr/urun/pizza-tavasi-delikli-28-cm-yapismaz-8631-00028-01/,pisirme-ekipmanlari | pizza-tavalari | tavalar,Yardımcı Mutfak Ekipmanları,,,Equsto katalogunda bu kategori yok,,,
Polietilen Levha Beyaz,8356.32526.00-tr,https://oztiryakiler.com.tr/urun/polietilen-levha-beyaz-8356-32526-00/,duz | polieliten-levhalar | polieliten-levhalar-polieliten-levhalar,Yardımcı Mutfak Ekipmanları,,,Equsto katalogunda bu kategori yok,,,
Polietilen Levha Beyaz-Oluklu Yuv. Köşeli,8356.32526.01-tr,https://oztiryakiler.com.tr/urun/polietilen-levha-beyaz-oluklu-yuv-koseli-8356-32526-01/,oluklu | polieliten-levhalar | polieliten-levhalar-polieliten-levhalar,Yardımcı Mutfak Ekipmanları,,,Equsto katalogunda bu kategori yok,,,
Polietilen Levha Kırmızı,8356.32526.10-tr,https://oztiryakiler.com.tr/urun/polietilen-levha-kirmizi-8356-32526-10/,duz | polieliten-levhalar | polieliten-levhalar-polieliten-levhalar,Yardımcı Mutfak Ekipmanları,,,Equsto katalogunda bu kategori yok,,,
Polietilen Levha Seti 6'lı,8356.02371.00-tr,https://oztiryakiler.com.tr/urun/polietilen-levha-seti-6li-8356-02371-00/,polieliten-levhalar,Yardımcı Mutfak Ekipmanları,,,Equsto katalogunda bu kategori yok,,,
Polietilen Tabla Temizleme Fırçası,8499.00000.04-tr,https://oztiryakiler.com.tr/urun/polietilen-tabla-temizleme-fircasi-8499-00000-04/,polieliten-levhalar | polietilen-temizlik-malzemeleri,Yardımcı Mutfak Ekipmanları,,,Equsto katalogunda bu kategori yok,,,
Polietilen Tabla Temizleme Rendesi,8499.00000.09-tr,https://oztiryakiler.com.tr/urun/polietilen-tabla-temizleme-rendesi-8499-00000-09/,polieliten-levhalar | polietilen-temizlik-malzemeleri,Yardımcı Mutfak Ekipmanları,,,Equsto katalogunda bu kategori yok,,,
Polıetilen Levha Kırmızı-Oluklu Yuv. Köşeli,8356.32526.11-tr,https://oztiryakiler.com.tr/urun/polietilen-levha-kirmizi-oluklu-yuv-koseli-8356-32526-11/,oluklu | polieliten-levhalar | polieliten-levhalar-polieliten-levhalar,Yardımcı Mutfak Ekipmanları,,,Equsto katalogunda bu kategori yok,,,
Polıetılen Levha,8356.50304.00-tr,https://oztiryakiler.com.tr/urun/polietilen-levha-8356-50304-00/,duz | polieliten-levhalar | polieliten-levhalar-polieliten-levhalar,Yardımcı Mutfak Ekipmanları,,,Equsto katalogunda bu kategori yok,,,
Polıetılen Levha,8356.60304.00-tr,https://oztiryakiler.com.tr/urun/polietilen-levha-8356-60304-00/,duz | polieliten-levhalar | polieliten-levhalar-polieliten-levhalar,Yardımcı Mutfak Ekipmanları,,,Equsto katalogunda bu kategori yok,,,
Polıetılen Levha Bej,8356.32526.50-tr,https://oztiryakiler.com.tr/urun/polietilen-levha-bej-8356-32526-50/,duz | polieliten-levhalar | polieliten-levhalar-polieliten-levhalar,Yardımcı Mutfak Ekipmanları,,,Equsto katalogunda bu kategori yok,,,
Polıetılen Levha Bej,8356.50302.50-tr,https://oztiryakiler.com.tr/urun/polietilen-levha-bej-8356-50302-50/,duz | polieliten-levhalar-polieliten-levhalar | polieliten-levhalar,Yardımcı Mutfak Ekipmanları,,,Equsto katalogunda bu kategori yok,,,
Polıetılen Levha Bej,8356.53325.50-tr,https://oztiryakiler.com.tr/urun/polietilen-levha-bej-8356-53325-50/,duz | polieliten-levhalar-polieliten-levhalar | polieliten-levhalar,Yardımcı Mutfak Ekipmanları,,,Equsto katalogunda bu kategori yok,,,
Polıetılen Levha Bej Oluklu Yuv. Kköşeli,8356.60402.51-tr,https://oztiryakiler.com.tr/urun/polietilen-levha-bej-oluklu-yuv-kkoseli-8356-60402-51/,oluklu | polieliten-levhalar-polieliten-levhalar | polieliten-levhalar,Yardımcı Mutfak Ekipmanları,,,Equsto katalogunda bu kategori yok,,,
Polıetılen Levha Bej Oluklu Yuv. Köşeli,8356.53325.51-tr,https://oztiryakiler.com.tr/urun/polietilen-levha-bej-oluklu-yuv-koseli-8356-53325-51/,oluklu | polieliten-levhalar | polieliten-levhalar-polieliten-levhalar,Yardımcı Mutfak Ekipmanları,,,Equsto katalogunda bu kategori yok,,,
Polıetılen Levha Bej Oluklu Yuv. Köşeli,8356.50302.51-tr,https://oztiryakiler.com.tr/urun/polietilen-levha-bej-oluklu-yuv-koseli-8356-50302-51/,oluklu | polieliten-levhalar | polieliten-levhalar-polieliten-levhalar,Yardımcı Mutfak Ekipmanları,,,Equsto katalogunda bu kategori yok,,,
Polıetılen Levha Bej-Oluklu Yuv. Köşeli,8356.32526.51-tr,https://oztiryakiler.com.tr/urun/polietilen-levha-bej-oluklu-yuv-koseli-8356-32526-51/,oluklu | polieliten-levhalar | polieliten-levhalar-polieliten-levhalar,Yardımcı Mutfak Ekipmanları,,,Equsto katalogunda bu kategori yok,,,
Polıetılen Levha Beyaz,8356.53325.00-tr,https://oztiryakiler.com.tr/urun/polietilen-levha-beyaz-8356-53325-00/,duz | polieliten-levhalar | polieliten-levhalar-polieliten-levhalar,Yardımcı Mutfak Ekipmanları,,,Equsto katalogunda bu kategori yok,,,
Polıetılen Levha Beyaz,8356.50302.00-tr,https://oztiryakiler.com.tr/urun/polietilen-levha-beyaz-8356-50302-00/,duz | polieliten-levhalar | polieliten-levhalar-polieliten-levhalar,Yardımcı Mutfak Ekipmanları,,,Equsto katalogunda bu kategori yok,,,
Polıetılen Levha Beyaz Oluklu Yuv. Köşeli,8356.50302.01-tr,https://oztiryakiler.com.tr/urun/polietilen-levha-beyaz-oluklu-yuv-koseli-8356-50302-01/,oluklu | polieliten-levhalar | polieliten-levhalar-polieliten-levhalar,Yardımcı Mutfak Ekipmanları,,,Equsto katalogunda bu kategori yok,,,
Polıetılen Levha Beyaz Oluklu Yuv. Köşeli,8356.60402.01-tr,https://oztiryakiler.com.tr/urun/polietilen-levha-beyaz-oluklu-yuv-koseli-8356-60402-01/,oluklu | polieliten-levhalar | polieliten-levhalar-polieliten-levhalar,Yardımcı Mutfak Ekipmanları,,,Equsto katalogunda bu kategori yok,,,
Polıetılen Levha Beyaz Oluklu Yuv. Köşeli,8356.53325.01-tr,https://oztiryakiler.com.tr/urun/polietilen-levha-beyaz-oluklu-yuv-koseli-8356-53325-01/,oluklu | polieliten-levhalar | polieliten-levhalar-polieliten-levhalar,Yardımcı Mutfak Ekipmanları,,,Equsto katalogunda bu kategori yok,,,
Polıetılen Levha Kırmızı,8356.50302.10-tr,https://oztiryakiler.com.tr/urun/polietilen-levha-kirmizi-8356-50302-10/,duz | polieliten-levhalar | polieliten-levhalar-polieliten-levhalar,Yardımcı Mutfak Ekipmanları,,,Equsto katalogunda bu kategori yok,,,
Polıetılen Levha Kırmızı,8356.53325.10-tr,https://oztiryakiler.com.tr/urun/polietilen-levha-kirmizi-8356-53325-10/,duz | polieliten-levhalar | polieliten-levhalar-polieliten-levhalar,Yardımcı Mutfak Ekipmanları,,,Equsto katalogunda bu kategori yok,,,
Polıetılen Levha Kırmızı,8356.60404.10-tr,https://oztiryakiler.com.tr/urun/polietilen-levha-kirmizi-8356-60404-10/,duz | polieliten-levhalar | polieliten-levhalar-polieliten-levhalar,Yardımcı Mutfak Ekipmanları,,,Equsto katalogunda bu kategori yok,,,
Polıetılen Levha Kırmızı Oluklu Yuv. Köşeli,8356.60402.11-tr,https://oztiryakiler.com.tr/urun/polietilen-levha-kirmizi-oluklu-yuv-koseli-8356-60402-11/,oluklu | polieliten-levhalar | polieliten-levhalar-polieliten-levhalar,Yardımcı Mutfak Ekipmanları,,,Equsto katalogunda bu kategori yok,,,
Polıetılen Levha Kırmızı Oluklu Yuv. Köşeli,8356.53325.11-tr,https://oztiryakiler.com.tr/urun/polietilen-levha-kirmizi-oluklu-yuv-koseli-8356-53325-11/,oluklu | polieliten-levhalar | polieliten-levhalar-polieliten-levhalar,Yardımcı Mutfak Ekipmanları,,,Equsto katalogunda bu kategori yok,,,
Polıetılen Levha Mavı,8356.32526.20-tr,https://oztiryakiler.com.tr/urun/polietilen-levha-mavi-8356-32526-20/,duz | polieliten-levhalar | polieliten-levhalar-polieliten-levhalar,Yardımcı Mutfak Ekipmanları,,,Equsto katalogunda bu kategori yok,,,
Polıetılen Levha Mavı,8356.53325.20-tr,https://oztiryakiler.com.tr/urun/polietilen-levha-mavi-8356-53325-20/,duz | polieliten-levhalar-polieliten-levhalar | polieliten-levhalar,Yardımcı Mutfak Ekipmanları,,,Equsto katalogunda bu kategori yok,,,
Polıetılen Levha Mavı,8356.60402.20-tr,https://oztiryakiler.com.tr/urun/polietilen-levha-mavi-8356-60402-20/,duz | polieliten-levhalar | polieliten-levhalar-polieliten-levhalar,Yardımcı Mutfak Ekipmanları,,,Equsto katalogunda bu kategori yok,,,
Polıetılen Levha Mavı,8356.60404.20-tr,https://oztiryakiler.com.tr/urun/polietilen-levha-mavi-8356-60404-20/,duz | polieliten-levhalar | polieliten-levhalar-polieliten-levhalar,Yardımcı Mutfak Ekipmanları,,,Equsto katalogunda bu kategori yok,,,
Polıetılen Levha Mavı,8356.50302.20-tr,https://oztiryakiler.com.tr/urun/polietilen-levha-mavi-8356-50302-20/,duz | polieliten-levhalar | polieliten-levhalar-polieliten-levhalar,Yardımcı Mutfak Ekipmanları,,,Equsto katalogunda bu kategori yok,,,
Polıetılen Levha Mavı Oluklu Yuv. Köşeli,8356.50302.21-tr,https://oztiryakiler.com.tr/urun/polietilen-levha-mavi-oluklu-yuv-koseli-8356-50302-21/,oluklu | polieliten-levhalar-polieliten-levhalar | polieliten-levhalar,Yardımcı Mutfak Ekipmanları,,,Equsto katalogunda bu kategori yok,,,
Polıetılen Levha Mavı Oluklu Yuv. Köşeli,8356.60402.21-tr,https://oztiryakiler.com.tr/urun/polietilen-levha-mavi-oluklu-yuv-koseli-8356-60402-21/,oluklu | polieliten-levhalar | polieliten-levhalar-polieliten-levhalar,Yardımcı Mutfak Ekipmanları,,,Equsto katalogunda bu kategori yok,,,
Polıetılen Levha Mavı-Oluklu Yuv. Köşeli,8356.32526.21-tr,https://oztiryakiler.com.tr/urun/polietilen-levha-mavi-oluklu-yuv-koseli-8356-32526-21/,oluklu | polieliten-levhalar | polieliten-levhalar-polieliten-levhalar,Yardımcı Mutfak Ekipmanları,,,Equsto katalogunda bu kategori yok,,,
Polıetılen Levha Sarı,8356.32526.30-tr,https://oztiryakiler.com.tr/urun/polietilen-levha-sari-8356-32526-30/,duz | polieliten-levhalar-polieliten-levhalar | polieliten-levhalar,Yardımcı Mutfak Ekipmanları,,,Equsto katalogunda bu kategori yok,,,
Polıetılen Levha Sarı,8356.50302.30-tr,https://oztiryakiler.com.tr/urun/polietilen-levha-sari-8356-50302-30/,duz | polieliten-levhalar | polieliten-levhalar-polieliten-levhalar,Yardımcı Mutfak Ekipmanları,,,Equsto katalogunda bu kategori yok,,,
Polıetılen Levha Sarı,8356.53325.30-tr,https://oztiryakiler.com.tr/urun/polietilen-levha-sari-8356-53325-30/,duz | polieliten-levhalar | polieliten-levhalar-polieliten-levhalar,Yardımcı Mutfak Ekipmanları,,,Equsto katalogunda bu kategori yok,,,
Polıetılen Levha Sarı Oluklu Yuv. Köşeli,8356.50302.31-tr,https://oztiryakiler.com.tr/urun/polietilen-levha-sari-oluklu-yuv-koseli-8356-50302-31/,oluklu | polieliten-levhalar | polieliten-levhalar-polieliten-levhalar,Yardımcı Mutfak Ekipmanları,,,Equsto katalogunda bu kategori yok,,,
Polıetılen Levha Sarı-Oluklu Yuv. Köşeli,8356.32526.31-tr,https://oztiryakiler.com.tr/urun/polietilen-levha-sari-oluklu-yuv-koseli-8356-32526-31/,oluklu | polieliten-levhalar | polieliten-levhalar-polieliten-levhalar,Yardımcı Mutfak Ekipmanları,,,Equsto katalogunda bu kategori yok,,,
Polıetılen Levha Yesıl,8356.32526.40-tr,https://oztiryakiler.com.tr/urun/polietilen-levha-yesil-8356-32526-40/,duz | polieliten-levhalar | polieliten-levhalar-polieliten-levhalar,Yardımcı Mutfak Ekipmanları,,,Equsto katalogunda bu kategori yok,,,
Polıetılen Levha Yesıl,8356.50302.40-tr,https://oztiryakiler.com.tr/urun/polietilen-levha-yesil-8356-50302-40/,duz | polieliten-levhalar | polieliten-levhalar-polieliten-levhalar,Yardımcı Mutfak Ekipmanları,,,Equsto katalogunda bu kategori yok,,,
Polıetılen Levha Yesıl,8356.60402.40-tr,https://oztiryakiler.com.tr/urun/polietilen-levha-yesil-8356-60402-40/,duz | polieliten-levhalar-polieliten-levhalar | polieliten-levhalar,Yardımcı Mutfak Ekipmanları,,,Equsto katalogunda bu kategori yok,,,
Polıetılen Levha Yesıl,8356.60404.40-tr,https://oztiryakiler.com.tr/urun/polietilen-levha-yesil-8356-60404-40/,duz | polieliten-levhalar-polieliten-levhalar | polieliten-levhalar,Yardımcı Mutfak Ekipmanları,,,Equsto katalogunda bu kategori yok,,,
Polıetılen Levha Yesıl Oluklu Yuv. Köşeli,8356.60402.41-tr,https://oztiryakiler.com.tr/urun/polietilen-levha-yesil-oluklu-yuv-koseli-8356-60402-41/,oluklu | polieliten-levhalar | polieliten-levhalar-polieliten-levhalar,Yardımcı Mutfak Ekipmanları,,,Equsto katalogunda bu kategori yok,,,
Polıetılen Levha Yesıl Oluklu Yuv. Köşeli,8356.50302.41-tr,https://oztiryakiler.com.tr/urun/polietilen-levha-yesil-oluklu-yuv-koseli-8356-50302-41/,oluklu | polieliten-levhalar-polieliten-levhalar | polieliten-levhalar,Yardımcı Mutfak Ekipmanları,,,Equsto katalogunda bu kategori yok,,,
Polıetılen Levha Yesıl-Oluklu Yuv. Köşeli,8356.32526.41-tr,https://oztiryakiler.com.tr/urun/polietilen-levha-yesil-oluklu-yuv-koseli-8356-32526-41/,oluklu | polieliten-levhalar-polieliten-levhalar | polieliten-levhalar,Yardımcı Mutfak Ekipmanları,,,Equsto katalogunda bu kategori yok,,,
Polıetılen Levha Bej,8356.60402.50-tr,https://oztiryakiler.com.tr/urun/polietilen-levha-bej-8356-60402-50/,duz | polieliten-levhalar | polieliten-levhalar-polieliten-levhalar,Yardımcı Mutfak Ekipmanları,,,Equsto katalogunda bu kategori yok,,,
Polıetılen Levha Bej,8356.60404.50-tr,https://oztiryakiler.com.tr/urun/polietilen-levha-bej-8356-60404-50/,duz | polieliten-levhalar | polieliten-levhalar-polieliten-levhalar,Yardımcı Mutfak Ekipmanları,,,Equsto katalogunda bu kategori yok,,,
Polıetılen Levha Beyaz,8356.60402.00-tr,https://oztiryakiler.com.tr/urun/polietilen-levha-beyaz-8356-60402-00/,duz | polieliten-levhalar | polieliten-levhalar-polieliten-levhalar,Yardımcı Mutfak Ekipmanları,,,Equsto katalogunda bu kategori yok,,,
Polıetılen Levha Beyaz,8356.60404.00-tr,https://oztiryakiler.com.tr/urun/polietilen-levha-beyaz-8356-60404-00/,duz | polieliten-levhalar | polieliten-levhalar-polieliten-levhalar,Yardımcı Mutfak Ekipmanları,,,Equsto katalogunda bu kategori yok,,,
Polıetılen Levha Beyaz,8356.40304.00-tr,https://oztiryakiler.com.tr/urun/polietilen-levha-beyaz-8356-40304-00/,duz | polieliten-levhalar | polieliten-levhalar-polieliten-levhalar,Yardımcı Mutfak Ekipmanları,,,Equsto katalogunda bu kategori yok,,,
Polıetılen Levha Kırmızı,8356.60402.10-tr,https://oztiryakiler.com.tr/urun/polietilen-levha-kirmizi-8356-60402-10/,duz | polieliten-levhalar | polieliten-levhalar-polieliten-levhalar,Yardımcı Mutfak Ekipmanları,,,Equsto katalogunda bu kategori yok,,,
Polıetılen Levha Kırmızı Oluklu Yuv. Köşeli,8356.50302.11-tr,https://oztiryakiler.com.tr/urun/polietilen-levha-kirmizi-oluklu-yuv-koseli-8356-50302-11/,oluklu | polieliten-levhalar | polieliten-levhalar-polieliten-levhalar,Yardımcı Mutfak Ekipmanları,,,Equsto katalogunda bu kategori yok,,,
Polıetılen Levha Mavı Oluklu Yuv. Köşeli,8356.53325.21-tr,https://oztiryakiler.com.tr/urun/polietilen-levha-mavi-oluklu-yuv-koseli-8356-53325-21/,oluklu | polieliten-levhalar | polieliten-levhalar-polieliten-levhalar,Yardımcı Mutfak Ekipmanları,,,Equsto katalogunda bu kategori yok,,,
Polıetılen Levha Sarı,8356.60402.30-tr,https://oztiryakiler.com.tr/urun/polietilen-levha-sari-8356-60402-30/,duz | polieliten-levhalar | polieliten-levhalar-polieliten-levhalar,Yardımcı Mutfak Ekipmanları,,,Equsto katalogunda bu kategori yok,,,
Polıetılen Levha Sarı,8356.60404.30-tr,https://oztiryakiler.com.tr/urun/polietilen-levha-sari-8356-60404-30/,duz | polieliten-levhalar | polieliten-levhalar-polieliten-levhalar,Yardımcı Mutfak Ekipmanları,,,Equsto katalogunda bu kategori yok,,,
Polıetılen Levha Sarı Oluklu Yuv. Kköşeli,8356.60402.31-tr,https://oztiryakiler.com.tr/urun/polietilen-levha-sari-oluklu-yuv-kkoseli-8356-60402-31/,oluklu | polieliten-levhalar | polieliten-levhalar-polieliten-levhalar,Yardımcı Mutfak Ekipmanları,,,Equsto katalogunda bu kategori yok,,,
Polıetılen Levha Sarı Oluklu Yuv. Köşeli,8356.53325.31-tr,https://oztiryakiler.com.tr/urun/polietilen-levha-sari-oluklu-yuv-koseli-8356-53325-31/,oluklu | polieliten-levhalar | polieliten-levhalar-polieliten-levhalar,Yardımcı Mutfak Ekipmanları,,,Equsto katalogunda bu kategori yok,,,
Polıetılen Levha Yesıl,8356.53325.40-tr,https://oztiryakiler.com.tr/urun/polietilen-levha-yesil-8356-53325-40/,duz | polieliten-levhalar | polieliten-levhalar-polieliten-levhalar,Yardımcı Mutfak Ekipmanları,,,Equsto katalogunda bu kategori yok,,,
Polıetılen Levha Yesıl Oluklu Yuv. Köşeli,8356.53325.41-tr,https://oztiryakiler.com.tr/urun/polietilen-levha-yesil-oluklu-yuv-koseli-8356-53325-41/,oluklu | polieliten-levhalar-polieliten-levhalar | polieliten-levhalar,Yardımcı Mutfak Ekipmanları,,,Equsto katalogunda bu kategori yok,,,
Porselen Servis Plakası 8149.AS162.00-tr,,https://oztiryakiler.com.tr/urun/porselen-servis-plakasi-8149-as162-00/,dokum-demir-tavalar | pisirme-ekipmanlari | tavalar,Yardımcı Mutfak Ekipmanları,,,Equsto katalogunda bu kategori yok,,,
Porselen Servis Plakası 8149.AS164.00-tr,,https://oztiryakiler.com.tr/urun/porselen-servis-plakasi-8149-as164-00/,dokum-demir-tavalar | pisirme-ekipmanlari | tavalar,Yardımcı Mutfak Ekipmanları,,,Equsto katalogunda bu kategori yok,,,
Servis Arabası Procart 221 8959.PR221.00-tr,,https://oztiryakiler.com.tr/urun/servis-arabasi-procart-221-8959-pr221-00/,gastronom-kuvetler | polikarbon-gn-kuvetler,Yardımcı Mutfak Ekipmanları,,,Equsto katalogunda bu kategori yok,,,
Servis Arabası Procart 230 8959.PR230.01-tr,,https://oztiryakiler.com.tr/urun/servis-arabasi-procart-230-8959-pr230-01/,gastronom-kuvetler | polikarbon-gn-kuvetler,Yardımcı Mutfak Ekipmanları,,,Equsto katalogunda bu kategori yok,,,
Servis Çatalı Paslanmaz Çelik,8481.02004.01-tr,https://oztiryakiler.com.tr/urun/servis-catali-paslanmaz-celik-8481-02004-01/,el-gerecleri | servis-catali,Yardımcı Mutfak Ekipmanları,,,Equsto katalogunda bu kategori yok,,,
Servis Kapağı Delikli,8481.02005.02-tr,https://oztiryakiler.com.tr/urun/servis-kapagi-delikli-8481-02005-02/,el-gerecleri | servis-kasigi,Yardımcı Mutfak Ekipmanları,,,Equsto katalogunda bu kategori yok,,,
Servis Kapağı Deliksiz,8481.02005.01-tr,https://oztiryakiler.com.tr/urun/servis-kapagi-deliksiz-8481-02005-01/,el-gerecleri | servis-kasigi,Yardımcı Mutfak Ekipmanları,,,Equsto katalogunda bu kategori yok,,,
Servis Maşaşı,8467.00001.04-tr,https://oztiryakiler.com.tr/urun/servis-masasi-8467-00001-04/,el-gerecleri | masalar,Yardımcı Mutfak Ekipmanları,,,Equsto katalogunda bu kategori yok,,,
Servis Spatulası Deliksiz,8481.02005.04-tr,https://oztiryakiler.com.tr/urun/servis-spatulasi-deliksiz-8481-02005-04/,el-gerecleri | spatulalar,Yardımcı Mutfak Ekipmanları,,,Equsto katalogunda bu kategori yok,,,
Sütlaç Kase Yarım Sırlı 8151.ISG10.20-tr,,https://oztiryakiler.com.tr/urun/sutlac-kase-yarim-sirli-8151-isg10-20/,guvec | pisirme-ekipmanlari | tavalar,Yardımcı Mutfak Ekipmanları,,,Equsto katalogunda bu kategori yok,,,
Tam Yassı Döner Bıçağı Masat No:12 Siyah 8353.81088.0S-tr,,https://oztiryakiler.com.tr/urun/tam-yassi-doner-bicagi-masat-no12-siyah-8353-81088-0s/,bicaklar | masatlar,Yardımcı Mutfak Ekipmanları,,,Equsto katalogunda bu kategori yok,,,
Tel Kevgır Ince,8340.00014.04-tr,https://oztiryakiler.com.tr/urun/tel-kevgir-ince-8340-00014-04/,el-gerecleri | tel-suzgec-ve-kevgirler,Yardımcı Mutfak Ekipmanları,,,Equsto katalogunda bu kategori yok,,,
Tel Kevgır Ince,8340.00017.04-tr,https://oztiryakiler.com.tr/urun/tel-kevgir-ince-8340-00017-04/,el-gerecleri | tel-suzgec-ve-kevgirler,Yardımcı Mutfak Ekipmanları,,,Equsto katalogunda bu kategori yok,,,
Tel Kevgır Ince,8340.00019.04-tr,https://oztiryakiler.com.tr/urun/tel-kevgir-ince-8340-00019-04/,el-gerecleri | tel-suzgec-ve-kevgirler,Yardımcı Mutfak Ekipmanları,,,Equsto katalogunda bu kategori yok,,,
Tel Kevgır Ince,8340.00022.04-tr,https://oztiryakiler.com.tr/urun/tel-kevgir-ince-8340-00022-04/,el-gerecleri | tel-suzgec-ve-kevgirler,Yardımcı Mutfak Ekipmanları,,,Equsto katalogunda bu kategori yok,,,
Tel Kevgır Ince,8340.00024.04-tr,https://oztiryakiler.com.tr/urun/tel-kevgir-ince-8340-00024-04/,el-gerecleri | tel-suzgec-ve-kevgirler,Yardımcı Mutfak Ekipmanları,,,Equsto katalogunda bu kategori yok,,,
Tel Kevgır Ince,8340.00027.04-tr,https://oztiryakiler.com.tr/urun/tel-kevgir-ince-8340-00027-04/,el-gerecleri | tel-suzgec-ve-kevgirler,Yardımcı Mutfak Ekipmanları,,,Equsto katalogunda bu kategori yok,,,
Tel Kevgır Ince,8340.00030.04-tr,https://oztiryakiler.com.tr/urun/tel-kevgir-ince-8340-00030-04/,el-gerecleri | tel-suzgec-ve-kevgirler,Yardımcı Mutfak Ekipmanları,,,Equsto katalogunda bu kategori yok,,,
Tel Kevgır Kalın,8340.00014.03-tr,https://oztiryakiler.com.tr/urun/tel-kevgir-kalin-8340-00014-03/,el-gerecleri | tel-suzgec-ve-kevgirler,Yardımcı Mutfak Ekipmanları,,,Equsto katalogunda bu kategori yok,,,
Tel Kevgır Kalın,8340.00017.03-tr,https://oztiryakiler.com.tr/urun/tel-kevgir-kalin-8340-00017-03/,el-gerecleri | tel-suzgec-ve-kevgirler,Yardımcı Mutfak Ekipmanları,,,Equsto katalogunda bu kategori yok,,,
Tel Kevgır Kalın,8340.00019.03-tr,https://oztiryakiler.com.tr/urun/tel-kevgir-kalin-8340-00019-03/,el-gerecleri | tel-suzgec-ve-kevgirler,Yardımcı Mutfak Ekipmanları,,,Equsto katalogunda bu kategori yok,,,
Tel Kevgır Kalın,8340.00022.03-tr,https://oztiryakiler.com.tr/urun/tel-kevgir-kalin-8340-00022-03/,el-gerecleri | tel-suzgec-ve-kevgirler,Yardımcı Mutfak Ekipmanları,,,Equsto katalogunda bu kategori yok,,,
Tel Kevgır Kalın,8340.00024.03-tr,https://oztiryakiler.com.tr/urun/tel-kevgir-kalin-8340-00024-03/,el-gerecleri | tel-suzgec-ve-kevgirler,Yardımcı Mutfak Ekipmanları,,,Equsto katalogunda bu kategori yok,,,
Tel Kevgır Kalın,8340.00027.03-tr,https://oztiryakiler.com.tr/urun/tel-kevgir-kalin-8340-00027-03/,el-gerecleri | tel-suzgec-ve-kevgirler,Yardımcı Mutfak Ekipmanları,,,Equsto katalogunda bu kategori yok,,,
Tel Kevgır Kalın,8340.00030.03-tr,https://oztiryakiler.com.tr/urun/tel-kevgir-kalin-8340-00030-03/,el-gerecleri | tel-suzgec-ve-kevgirler,Yardımcı Mutfak Ekipmanları,,,Equsto katalogunda bu kategori yok,,,
Temizlik Arabası Procart 311 8959.PR311.00-tr,,https://oztiryakiler.com.tr/urun/temizlik-arabasi-procart-311-8959-pr311-00/,el-gerecleri,Yardımcı Mutfak Ekipmanları,,,Equsto katalogunda bu kategori yok,,,
Tezgah Fırçası,8640.00001.02-tr,https://oztiryakiler.com.tr/urun/tezgah-fircasi-8640-00001-02/,el-gerecleri | fircalar,Yardımcı Mutfak Ekipmanları,,,Equsto katalogunda bu kategori yok,,,
Turta Testeresı,8350.07250.00-tr,https://oztiryakiler.com.tr/urun/turta-testeresi-8350-07250-00/,el-gerecleri | rende-dilimleme-ve-kesme-gerecleri,Yardımcı Mutfak Ekipmanları,,,Equsto katalogunda bu kategori yok,,,
Wok Tava Alumınyum,8149.00141.24-tr,https://oztiryakiler.com.tr/urun/wok-tava-aluminyum-8149-00141-24/,aluminyum-tavalar | pisirme-ekipmanlari | tavalar,Yardımcı Mutfak Ekipmanları,,,Equsto katalogunda bu kategori yok,,,
Wok Tava Alumınyum,8149.00141.26-tr,https://oztiryakiler.com.tr/urun/wok-tava-aluminyum-8149-00141-26/,aluminyum-tavalar | pisirme-ekipmanlari | tavalar,Yardımcı Mutfak Ekipmanları,,,Equsto katalogunda bu kategori yok,,,
Wok Tava Alumınyum,8149.00141.28-tr,https://oztiryakiler.com.tr/urun/wok-tava-aluminyum-8149-00141-28/,aluminyum-tavalar | pisirme-ekipmanlari | tavalar,Yardımcı Mutfak Ekipmanları,,,Equsto katalogunda bu kategori yok,,,
Wok Tava Alumınyum,8149.00141.30-tr,https://oztiryakiler.com.tr/urun/wok-tava-aluminyum-8149-00141-30/,aluminyum-tavalar | pisirme-ekipmanlari | tavalar,Yardımcı Mutfak Ekipmanları,,,Equsto katalogunda bu kategori yok,,,
Wok Tava Alumınyum,8149.00141.32-tr,https://oztiryakiler.com.tr/urun/wok-tava-aluminyum-8149-00141-32/,aluminyum-tavalar | pisirme-ekipmanlari | tavalar,Yardımcı Mutfak Ekipmanları,,,Equsto katalogunda bu kategori yok,,,
Wok Tava Alumınyum,8149.00141.36-tr,https://oztiryakiler.com.tr/urun/wok-tava-aluminyum-8149-00141-36/,aluminyum-tavalar | pisirme-ekipmanlari | tavalar,Yardımcı Mutfak Ekipmanları,,,Equsto katalogunda bu kategori yok,,,
Yapışmaz Tava Maksı Alumınyum,8149.00140.24-tr,https://oztiryakiler.com.tr/urun/yapismaz-tava-maksi-aluminyum-8149-00140-24/,aluminyum-tavalar | pisirme-ekipmanlari | tavalar,Yardımcı Mutfak Ekipmanları,,,Equsto katalogunda bu kategori yok,,,
Yapışmaz Tava Maksı Alumınyum,8149.00140.26-tr,https://oztiryakiler.com.tr/urun/yapismaz-tava-maksi-aluminyum-8149-00140-26/,aluminyum-tavalar | pisirme-ekipmanlari | tavalar,Yardımcı Mutfak Ekipmanları,,,Equsto katalogunda bu kategori yok,,,
Yapışmaz Tava Maksı Alumınyum,8149.00140.28-tr,https://oztiryakiler.com.tr/urun/yapismaz-tava-maksi-aluminyum-8149-00140-28/,aluminyum-tavalar | pisirme-ekipmanlari | tavalar,Yardımcı Mutfak Ekipmanları,,,Equsto katalogunda bu kategori yok,,,
Yapışmaz Tava Maksı Alumınyum,8149.00140.30-tr,https://oztiryakiler.com.tr/urun/yapismaz-tava-maksi-aluminyum-8149-00140-30/,aluminyum-tavalar | pisirme-ekipmanlari | tavalar,Yardımcı Mutfak Ekipmanları,,,Equsto katalogunda bu kategori yok,,,
Yapışmaz Tava Maksı Alumınyum,8149.00140.32-tr,https://oztiryakiler.com.tr/urun/yapismaz-tava-maksi-aluminyum-8149-00140-32/,aluminyum-tavalar | pisirme-ekipmanlari | tavalar,Yardımcı Mutfak Ekipmanları,,,Equsto katalogunda bu kategori yok,,,
Yapışmaz Tava Maksı Alumınyum,8149.00140.36-tr,https://oztiryakiler.com.tr/urun/yapismaz-tava-maksi-aluminyum-8149-00140-36/,aluminyum-tavalar | pisirme-ekipmanlari | tavalar,Yardımcı Mutfak Ekipmanları,,,Equsto katalogunda bu kategori yok,,,
Yapışmaz Tava Maksı Alumınyum,8149.00140.40-tr,https://oztiryakiler.com.tr/urun/yapismaz-tava-maksi-aluminyum-8149-00140-40/,aluminyum-tavalar | pisirme-ekipmanlari | tavalar,Yardımcı Mutfak Ekipmanları,,,Equsto katalogunda bu kategori yok,,,
Yumurta Kıl Fırça No:5,8640.00002.05-tr,https://oztiryakiler.com.tr/urun/yumurta-kil-firca-no5-8640-00002-05/,el-gerecleri | fircalar,Yardımcı Mutfak Ekipmanları,,,Equsto katalogunda bu kategori yok,,,
Yumurta Kıl Fırça No:6,8640.00002.06-tr,https://oztiryakiler.com.tr/urun/yumurta-kil-firca-no6-8640-00002-06/,el-gerecleri | fircalar,Yardımcı Mutfak Ekipmanları,,,Equsto katalogunda bu kategori yok,,,
Yuvarlak Suffle/Sos Kabı 8133.0SK8T.14-tr,,https://oztiryakiler.com.tr/urun/yuvarlak-suffle-sos-kabi-8133-0sk8t-14/,dokum-demir-kacarolalar | kacarolalar | pisirme-ekipmanlari,Yardımcı Mutfak Ekipmanları,,,Equsto katalogunda bu kategori yok,,,
