model;fix_tip;before_tl;after_tl;diff_tl;before_iskonto;after_iskonto;pdf_usd;pdf_eur;kaynak
VXY-SJ15X2S;site_tl;74672;83667;8995;52;52;;;vosco-site-tl
VXY-SJ15X2SR;site_tl;74672;83667;8995;52;52;;;vosco-site-tl
VKM-NG5R;fiyat;31226;39522;8296;52;52;1450;0;vosco-pdf-2026
VXY-SJ15X1S;site_tl;54307;60848;6541;52;52;;;vosco-site-tl
VXY-SJ15X1SR;site_tl;54307;60848;6541;52;52;;;vosco-site-tl
VKM-G5R;site_tl;33942;40105;6163;52;52;;;vosco-site-tl
VKM-G4R;site_tl;31226;34573;3347;52;52;;;vosco-site-tl
VSC-500C;fiyat;244379;245310;931;52;52;9000;0;vosco-pdf-2026
VSC-250C;fiyat;203650;204425;775;52;52;7500;0;vosco-pdf-2026
VSC-200C;fiyat;190073;190797;724;52;52;7000;0;vosco-pdf-2026
VSC-28F;fiyat;176496;177168;672;52;52;6500;0;vosco-pdf-2026
VSC-32F;fiyat;176496;177168;672;52;52;6500;0;vosco-pdf-2026
VSC-150C;fiyat;176496;177168;672;52;52;6500;0;vosco-pdf-2026
VSC-6;site_tl;679;1337;658;52;52;;;vosco-site-tl
VXY-PT965S;fiyat;162920;163540;620;52;52;6000;0;vosco-pdf-2026
VSC-28T;fiyat;156131;156726;595;52;52;5750;0;vosco-pdf-2026
VSC-32T;fiyat;156131;156726;595;52;52;5750;0;vosco-pdf-2026
VWJG-8P;fiyat;123547;124018;471;52;52;4550;0;vosco-pdf-2026
VWJG-7P;fiyat;114044;114478;434;52;52;4200;0;vosco-pdf-2026
VST-16EB;fiyat;104540;104938;398;52;52;3850;0;vosco-pdf-2026
VST-16EM;fiyat;104540;104938;398;52;52;3850;0;vosco-pdf-2026
VST-16ES;fiyat;104540;104938;398;52;52;3850;0;vosco-pdf-2026
VWJG-6P;fiyat;104540;104938;398;52;52;3850;0;vosco-pdf-2026
VSC-600B;site_tl;950;1337;387;52;52;;;vosco-site-tl
VICM-15A;site_tl;20365;20744;379;52;52;;;vosco-site-tl
VSC-120C;fiyat;97752;98124;372;52;52;3600;0;vosco-pdf-2026
VXY-SJ15X3S;fiyat;95036;95398;362;52;52;3500;0;vosco-pdf-2026
VXY-SJ15X3SR;fiyat;95036;95398;362;52;52;3500;0;vosco-pdf-2026
VSC-100B;fiyat;88248;88584;336;52;52;3250;0;vosco-pdf-2026
VSC-100C;fiyat;88248;88584;336;52;52;3250;0;vosco-pdf-2026
VSC-100T;fiyat;88248;88584;336;52;52;3250;0;vosco-pdf-2026
FT-280LB;fiyat;80102;80407;305;52;52;2950;0;vosco-pdf-2026
FT-280LS;fiyat;80102;80407;305;52;52;2950;0;vosco-pdf-2026
VWG-10T;fiyat;77387;77681;294;52;52;2850;0;vosco-pdf-2026
VSC-65/S;fiyat;57022;57239;217;52;52;2100;0;vosco-pdf-2026
VWK-120C;fiyat;57022;57239;217;52;52;2100;0;vosco-pdf-2026
VSL-FRT2C12B;fiyat;55664;55876;212;52;52;2050;0;vosco-pdf-2026
VWG-6T;fiyat;55664;55876;212;52;52;2050;0;vosco-pdf-2026
FT-100R-1;fiyat;55664;55876;212;52;52;2050;0;vosco-pdf-2026
VSC-45/S;fiyat;51591;51788;197;52;52;1900;0;vosco-pdf-2026
VFTW-160L;fiyat;50234;50425;191;52;52;1850;0;vosco-pdf-2026
VFTW-160LYP;fiyat;50234;50425;191;52;52;1850;0;vosco-pdf-2026
VSC-40C;fiyat;48876;49062;186;52;52;1800;0;vosco-pdf-2026
VAF-74B;fiyat;48876;49062;186;52;52;1800;0;vosco-pdf-2026
VAF-74K;fiyat;48876;49062;186;52;52;1800;0;vosco-pdf-2026
VAF-74S;fiyat;48876;49062;186;52;52;1800;0;vosco-pdf-2026
VSC-FRT2C08BB;fiyat;47518;47699;181;52;52;1750;0;vosco-pdf-2026
VXB-74S;fiyat;43445;43611;166;52;52;1600;0;vosco-pdf-2026
VXB-74K;fiyat;43445;43611;166;52;52;1600;0;vosco-pdf-2026
VXB-74B;fiyat;43445;43611;166;52;52;1600;0;vosco-pdf-2026
VWG-5T;fiyat;43445;43611;166;52;52;1600;0;vosco-pdf-2026
VSC-25C;fiyat;38015;38159;144;52;52;1400;0;vosco-pdf-2026
VKM-NG4R;fiyat;33942;34071;129;52;52;1250;0;vosco-pdf-2026
VS-ER268;fiyat;33942;34071;129;52;52;1250;0;vosco-pdf-2026
VCG-835B;fiyat;32584;32708;124;52;52;1200;0;vosco-pdf-2026
VA-80SR;fiyat;32584;32708;124;52;52;1200;0;vosco-pdf-2026
VA-80S;fiyat;32584;32708;124;52;52;1200;0;vosco-pdf-2026
VA-80M;fiyat;32584;32708;124;52;52;1200;0;vosco-pdf-2026
VA-80K;fiyat;32584;32708;124;52;52;1200;0;vosco-pdf-2026
VA-80B;fiyat;32584;32708;124;52;52;1200;0;vosco-pdf-2026
VAF-68B;fiyat;32584;32708;124;52;52;1200;0;vosco-pdf-2026
VAF-68K;fiyat;32584;32708;124;52;52;1200;0;vosco-pdf-2026
VAF-68S;fiyat;32584;32708;124;52;52;1200;0;vosco-pdf-2026
VWG-3T;fiyat;32584;32708;124;52;52;1200;0;vosco-pdf-2026
VKM-NG3R;fiyat;31226;31345;119;52;52;1150;0;vosco-pdf-2026
VSL-FRT1C12BB;fiyat;31226;31345;119;52;52;1150;0;vosco-pdf-2026
FT-78LB;fiyat;31226;31345;119;52;52;1150;0;vosco-pdf-2026
VSC-23CG;fiyat;29869;29982;113;52;52;1100;0;vosco-pdf-2026
VSC-23CS;fiyat;29869;29982;113;52;52;1100;0;vosco-pdf-2026
VLJH-20;fiyat;28511;28619;108;52;52;1050;0;vosco-pdf-2026
VXY-520C;fiyat;27153;27257;104;52;52;1000;0;vosco-pdf-2026
VSC-616DE;fiyat;25796;25894;98;52;52;950;0;vosco-pdf-2026
VSC-FRT1C08BB;fiyat;25796;25894;98;52;52;950;0;vosco-pdf-2026
VKB-450;fiyat;25796;25894;98;52;52;950;0;vosco-pdf-2026
VZM-H2;fiyat;25796;25894;98;52;52;950;0;vosco-pdf-2026
VKB-300;fiyat;23080;23168;88;52;52;850;0;vosco-pdf-2026
VAS-CME01;fiyat;20636;20715;79;52;52;760;0;vosco-pdf-2026
VHZB-20/A;fiyat;19007;19080;73;52;52;700;0;vosco-pdf-2026
VBL-813E;fiyat;17650;17717;67;52;52;650;0;vosco-pdf-2026
VKD-P25B;fiyat;17107;17172;65;52;52;630;0;vosco-pdf-2026
VKD-P25S;fiyat;17107;17172;65;52;52;630;0;vosco-pdf-2026
VKD-P50B;fiyat;17107;17172;65;52;52;630;0;vosco-pdf-2026
VKD-P50S;fiyat;17107;17172;65;52;52;630;0;vosco-pdf-2026
VZA-803;fiyat;16292;16354;62;52;52;600;0;vosco-pdf-2026
VHS-211E;fiyat;14934;14991;57;52;52;550;0;vosco-pdf-2026
VHS-212C;fiyat;14934;14991;57;52;52;550;0;vosco-pdf-2026
VHZB-12CG;fiyat;14934;14991;57;52;52;550;0;vosco-pdf-2026
VHZB-12CK;fiyat;14934;14991;57;52;52;550;0;vosco-pdf-2026
VHZB-12CS;fiyat;14934;14991;57;52;52;550;0;vosco-pdf-2026
VBL-813;fiyat;14934;14991;57;52;52;550;0;vosco-pdf-2026
VXY-520;fiyat;13577;13628;51;52;52;500;0;vosco-pdf-2026
VHZB-12HB;fiyat;13577;13628;51;52;52;500;0;vosco-pdf-2026
VHZB-12HK;fiyat;13577;13628;51;52;52;500;0;vosco-pdf-2026
VHZB-12HS;fiyat;13577;13628;51;52;52;500;0;vosco-pdf-2026
VKD-25K;fiyat;13034;13083;49;52;52;480;0;vosco-pdf-2026
VKD-25S;fiyat;13034;13083;49;52;52;480;0;vosco-pdf-2026
VKD-25G;fiyat;13034;13083;49;52;52;480;0;vosco-pdf-2026
VHS-608;fiyat;12491;12538;47;52;52;460;0;vosco-pdf-2026
VHS-608CG;fiyat;12491;12538;47;52;52;460;0;vosco-pdf-2026
VHS-608CDG;fiyat;12491;12538;47;52;52;460;0;vosco-pdf-2026
VSS-08C;fiyat;12219;12266;47;52;52;450;0;vosco-pdf-2026
VBBC-350S;fiyat;46591;46546;-45;52;52;0;1500;vosco-pdf-2026
VGBC-350G;fiyat;46591;46546;-45;52;52;0;1500;vosco-pdf-2026
VBBC-250S;fiyat;45038;44994;-44;52;52;0;1450;vosco-pdf-2026
VGBC-250G;fiyat;45038;44994;-44;52;52;0;1450;vosco-pdf-2026
VALP-A83;fiyat;10861;10903;42;52;52;400;0;vosco-pdf-2026
VHS-360CG;fiyat;10318;10358;40;52;52;380;0;vosco-pdf-2026
VHS-360CS;fiyat;10318;10358;40;52;52;380;0;vosco-pdf-2026
VHF-F4;fiyat;10318;10358;40;52;52;380;0;vosco-pdf-2026
VALP-C09D;fiyat;10182;10221;39;52;52;375;0;vosco-pdf-2026
VALP-C05D;fiyat;9504;9540;36;52;52;350;0;vosco-pdf-2026
VALP-DIC126;fiyat;9504;9540;36;52;52;350;0;vosco-pdf-2026
VBL-811E;fiyat;8146;8177;31;52;52;300;0;vosco-pdf-2026
VF-2S;fiyat;8146;8177;31;52;52;300;0;vosco-pdf-2026
VBBC-150S;fiyat;32613;32582;-31;52;52;0;1050;vosco-pdf-2026
VGBC-150G;fiyat;32613;32582;-31;52;52;0;1050;vosco-pdf-2026
VHS-200EG;fiyat;7874;7904;30;52;52;290;0;vosco-pdf-2026
VHS-200EK;fiyat;7874;7904;30;52;52;290;0;vosco-pdf-2026
VHS-200ES;fiyat;7874;7904;30;52;52;290;0;vosco-pdf-2026
VHS-602CG;fiyat;7874;7904;30;52;52;290;0;vosco-pdf-2026
VHS-602CS;fiyat;7874;7904;30;52;52;290;0;vosco-pdf-2026
VKS-100T;fiyat;7467;7496;29;52;52;275;0;vosco-pdf-2026
VBD-CG018;fiyat;7331;7359;28;52;52;270;0;vosco-pdf-2026
VHS-J606;fiyat;6788;6814;26;52;52;250;0;vosco-pdf-2026
VHS-206CM;fiyat;6788;6814;26;52;52;250;0;vosco-pdf-2026
VHS-JE2106A;fiyat;6788;6814;26;52;52;250;0;vosco-pdf-2026
VHS-206CK;fiyat;5159;5179;20;52;52;190;0;vosco-pdf-2026
VHS-206CS;fiyat;5159;5179;20;52;52;190;0;vosco-pdf-2026
VHS-206K;fiyat;5159;5179;20;52;52;190;0;vosco-pdf-2026
VHS-206M;fiyat;5159;5179;20;52;52;190;0;vosco-pdf-2026
VHS-206S;fiyat;5159;5179;20;52;52;190;0;vosco-pdf-2026
VALP-DC50;fiyat;4888;4906;18;52;52;180;0;vosco-pdf-2026
VSC-900B;fiyat;2064;2072;8;52;52;76;0;vosco-pdf-2026
VKB1-601901;fiyat;1629;1635;6;52;52;60;0;vosco-pdf-2026
VSC-7;fiyat;1358;1363;5;52;52;50;0;vosco-pdf-2026
VSC-700B;fiyat;1358;1363;5;52;52;50;0;vosco-pdf-2026
VSC-1;fiyat;950;954;4;52;52;35;0;vosco-pdf-2026
VSC-3;fiyat;1195;1199;4;52;52;44;0;vosco-pdf-2026
VSC-300B;fiyat;1195;1199;4;52;52;44;0;vosco-pdf-2026
VSCG-3;fiyat;1086;1090;4;52;52;40;0;vosco-pdf-2026