severity,category,item,detail
ok,sitemap_gap,catalog_coverage,All 15406 expected shop entity URLs present in sitemap
info,sitemap_stats,total_locs,15496 URLs across sitemap*.xml files
warn,duplicate_title,ISTIF RAFI IZGARA TABLA 46*91*183 PASLANMAZ 4 KATLI · Öztiryakiler Endüstriyel Mutfak · Equsto,"2 products: oztiryakiler-endustriyel-mutfak__8897-11ip4-07, oztiryakiler-endustriyel-mutfak__8897-11ip4-073"
warn,duplicate_title,ISTIF RAFI IZGARA TABLA 46*107*183 PASLANMAZ 4 KATLI · Öztiryakiler Endüstriyel Mutfak · Equsto,"2 products: oztiryakiler-endustriyel-mutfak__8897-12ip4-07, oztiryakiler-endustriyel-mutfak__8897-12ip4-073"
warn,duplicate_title,ISTIF RAFI IZGARA TABLA 46*122*183 PASLANMAZ 4 KATLI · Öztiryakiler Endüstriyel Mutfak · Equsto,"2 products: oztiryakiler-endustriyel-mutfak__8897-13ip4-07, oztiryakiler-endustriyel-mutfak__8897-13ip4-073"
warn,duplicate_title,ISTIF RAFI IZGARA TABLA 46*137*183 PASLANMAZ 4 KATLI · Öztiryakiler Endüstriyel Mutfak · Equsto,"2 products: oztiryakiler-endustriyel-mutfak__8897-14ip4-07, oztiryakiler-endustriyel-mutfak__8897-14ip4-073"
warn,duplicate_title,ISTIF RAFI IZGARA TABLA 46*152*183 PASLANMAZ 4 KATLI · Öztiryakiler Endüstriyel Mutfak · Equsto,"2 products: oztiryakiler-endustriyel-mutfak__8897-15ip4-07, oztiryakiler-endustriyel-mutfak__8897-15ip4-073"
warn,duplicate_title,ISTIF RAFI IZGARA TABLA 46*183*183 PASLANMAZ 4 KATLI · Öztiryakiler Endüstriyel Mutfak · Equsto,"2 products: oztiryakiler-endustriyel-mutfak__8897-16ip4-07, oztiryakiler-endustriyel-mutfak__8897-16ip4-073"
warn,duplicate_title,ISTIF RAFI IZGARA TABLA 53*91*183 PASLANMAZ 4 KATLI · Öztiryakiler Endüstriyel Mutfak · Equsto,"2 products: oztiryakiler-endustriyel-mutfak__8897-19ip4-07, oztiryakiler-endustriyel-mutfak__8897-19ip4-073"
warn,duplicate_title,ISTIF RAFI IZGARA TABLA 53*107*183 PASLANMAZ 4 KATLI · Öztiryakiler Endüstriyel Mutfak · Equsto,"2 products: oztiryakiler-endustriyel-mutfak__8897-20ip4-07, oztiryakiler-endustriyel-mutfak__8897-20ip4-073"
warn,duplicate_title,ISTIF RAFI IZGARA TABLA 53*122*183 PASLANMAZ 4 KATLI · Öztiryakiler Endüstriyel Mutfak · Equsto,"2 products: oztiryakiler-endustriyel-mutfak__8897-21ip4-07, oztiryakiler-endustriyel-mutfak__8897-21ip4-073"
warn,duplicate_title,ISTIF RAFI IZGARA TABLA 53*137*183 PASLANMAZ 4 KATLI · Öztiryakiler Endüstriyel Mutfak · Equsto,"2 products: oztiryakiler-endustriyel-mutfak__8897-22ip4-07, oztiryakiler-endustriyel-mutfak__8897-22ip4-073"
warn,duplicate_title,ISTIF RAFI IZGARA TABLA 53*152*183 PASLANMAZ 4 KATLI · Öztiryakiler Endüstriyel Mutfak · Equsto,"2 products: oztiryakiler-endustriyel-mutfak__8897-23ip4-07, oztiryakiler-endustriyel-mutfak__8897-23ip4-073"
warn,duplicate_title,ISTIF RAFI IZGARA TABLA 53*183*183 PASLANMAZ 4 KATLI · Öztiryakiler Endüstriyel Mutfak · Equsto,"2 products: oztiryakiler-endustriyel-mutfak__8897-24ip4-07, oztiryakiler-endustriyel-mutfak__8897-24ip4-073"
warn,duplicate_title,ISTIF RAFI IZGARA TABLA 61*91*183  PASLANMAZ 4 KATLI · Öztiryakiler Endüstriyel Mutfak · Equsto,"2 products: oztiryakiler-endustriyel-mutfak__8897-27ip4-07, oztiryakiler-endustriyel-mutfak__8897-27ip4-073"
warn,duplicate_title,ISTIF RAFI IZGARA TABLA 61*107*183 PASLANMAZ 4 KATLI · Öztiryakiler Endüstriyel Mutfak · Equsto,"2 products: oztiryakiler-endustriyel-mutfak__8897-28ip4-07, oztiryakiler-endustriyel-mutfak__8897-28ip4-073"
warn,duplicate_title,ISTIF RAFI IZGARA TABLA 61*122*183 PASLANMAZ 4 KATLI · Öztiryakiler Endüstriyel Mutfak · Equsto,"2 products: oztiryakiler-endustriyel-mutfak__8897-29ip4-07, oztiryakiler-endustriyel-mutfak__8897-29ip4-073"
warn,duplicate_title,ISTIF RAFI IZGARA TABLA 61*137*183 PASLANMAZ 4 KATLI · Öztiryakiler Endüstriyel Mutfak · Equsto,"2 products: oztiryakiler-endustriyel-mutfak__8897-30ip4-07, oztiryakiler-endustriyel-mutfak__8897-30ip4-073"
warn,duplicate_title,ISTIF RAFI IZGARA TABLA 61*152*183 PASLANMAZ 4 KATLI · Öztiryakiler Endüstriyel Mutfak · Equsto,"2 products: oztiryakiler-endustriyel-mutfak__8897-31ip4-07, oztiryakiler-endustriyel-mutfak__8897-31ip4-073"
warn,duplicate_title,ISTIF RAFI IZGARA TABLA 61*183*183 PASLANMAZ 4 KATLI · Öztiryakiler Endüstriyel Mutfak · Equsto,"2 products: oztiryakiler-endustriyel-mutfak__8897-32ip4-07, oztiryakiler-endustriyel-mutfak__8897-32ip4-073"
warn,duplicate_title,"RATIONAL MOBIL TABAK STANDI TİP 20-1/1, 60 TABAK · Öztiryakiler Endüstriyel Mutfak · Equsto","2 products: oztiryakiler-endustriyel-mutfak__5rrx-60212-93, oztiryakiler-endustriyel-mutfak__5rrx-60212-94"
warn,duplicate_title,REMOTE UNITE · Öztiryakiler Endüstriyel Mutfak · Equsto,"4 products: oztiryakiler-endustriyel-mutfak__2919-rmtcu-n1, oztiryakiler-endustriyel-mutfak__2919-rmtcu-n3, oztiryakiler-endustriyel-mutfak__2919-rmtcu-l1…"
warn,duplicate_title,6 CM SIRTLI ÜST TABLA · Öztiryakiler Endüstriyel Mutfak · Equsto,"6 products: oztiryakiler-endustriyel-mutfak__2920-13260-03, oztiryakiler-endustriyel-mutfak__2920-17860-03, oztiryakiler-endustriyel-mutfak__2920-22560-03…"
warn,duplicate_title,"SİLİNDİRİK TEN. KAPAKLI 32*27,5 İNDÜK.M.İ. · Öztiryakiler Endüstriyel Mutfak · Equsto","2 products: oztiryakiler-endustriyel-mutfak__0120-32275-21, oztiryakiler-endustriyel-mutfak__0120-03636-21"
warn,duplicate_title,GURMEAID PARIZYEN KASIGI 22 MM · Öztiryakiler Endüstriyel Mutfak · Equsto,"2 products: oztiryakiler-endustriyel-mutfak__9350-10942-22, oztiryakiler-endustriyel-mutfak__9350-10936-22"
warn,duplicate_title,GURMEAID SOYACAK · Öztiryakiler Endüstriyel Mutfak · Equsto,"2 products: oztiryakiler-endustriyel-mutfak__9350-10925-55, oztiryakiler-endustriyel-mutfak__9350-10925-ss"
warn,duplicate_title,GURMEAID KRUVASAN KESICI 18/14 · Öztiryakiler Endüstriyel Mutfak · Equsto,"2 products: oztiryakiler-endustriyel-mutfak__9615-tccs1-814, oztiryakiler-endustriyel-mutfak__9615-tccs1-820"
warn,duplicate_title,GURMEAID KESICI · Öztiryakiler Endüstriyel Mutfak · Equsto,"2 products: oztiryakiler-endustriyel-mutfak__9615-rdpsa-70, oztiryakiler-endustriyel-mutfak__9615-rdppp-12"
warn,duplicate_title,GURMEAID KESICI PLASTIK · Öztiryakiler Endüstriyel Mutfak · Equsto,"2 products: oztiryakiler-endustriyel-mutfak__9615-lcrpp-p12, oztiryakiler-endustriyel-mutfak__9615-ppp60-00"
warn,duplicate_title,GURMEAID PLASTIK KAZIYICI · Öztiryakiler Endüstriyel Mutfak · Equsto,"8 products: oztiryakiler-endustriyel-mutfak__9620-scppp-02, oztiryakiler-endustriyel-mutfak__9620-scppp-04, oztiryakiler-endustriyel-mutfak__9620-scppp-05…"
warn,duplicate_title,GURMEAID DUY · Öztiryakiler Endüstriyel Mutfak · Equsto,"2 products: oztiryakiler-endustriyel-mutfak__9999-pnlar-ge, oztiryakiler-endustriyel-mutfak__9999-pnsma-ll"
warn,duplicate_title,GURMEAID EKMEK SEPETI 24X18X8 CM BEJ RENK · Öztiryakiler Endüstriyel Mutfak · Equsto,"2 products: oztiryakiler-endustriyel-mutfak__9478-jq100-40, oztiryakiler-endustriyel-mutfak__9478-jq510-04"
warn,duplicate_title,GURMEAID EKMEK SEPETI 24X18X8 CM SİYAH RENK · Öztiryakiler Endüstriyel Mutfak · Equsto,"2 products: oztiryakiler-endustriyel-mutfak__9478-jq100-40b, oztiryakiler-endustriyel-mutfak__9478-jq510-04b"
warn,duplicate_title,GURMEAID EKMEK SEPETI 26X24X8 CM BEJ RENK · Öztiryakiler Endüstriyel Mutfak · Equsto,"2 products: oztiryakiler-endustriyel-mutfak__9478-jq101-10, oztiryakiler-endustriyel-mutfak__9478-jq510-01"
warn,duplicate_title,GURMEAID SILIKON KALIP YARIM KURE 6'LI · Öztiryakiler Endüstriyel Mutfak · Equsto,"2 products: oztiryakiler-endustriyel-mutfak__9610-0d002-00, oztiryakiler-endustriyel-mutfak__9610-0d003-00"
warn,duplicate_title,GURMEAID PECETE DISPENSERI · Öztiryakiler Endüstriyel Mutfak · Equsto,"2 products: oztiryakiler-endustriyel-mutfak__9474-00nd5-00, oztiryakiler-endustriyel-mutfak__9474-00nd7-00"
warn,duplicate_title,GURMEAID MASAUSTU SERVIS 30X45 CM · Öztiryakiler Endüstriyel Mutfak · Equsto,"15 products: oztiryakiler-endustriyel-mutfak__9999-pm880-031, oztiryakiler-endustriyel-mutfak__9999-pm880-032, oztiryakiler-endustriyel-mutfak__9999-pm880-033…"
warn,duplicate_title,GURMEAID TIRBUSON · Öztiryakiler Endüstriyel Mutfak · Equsto,"2 products: oztiryakiler-endustriyel-mutfak__9595-cks75-00, oztiryakiler-endustriyel-mutfak__9595-ckstb-00"
warn,duplicate_title,GN 600 NMV TEK INOX KAPI DIK TIP BUZDOLABI K TİP · Öztiryakiler Endüstriyel Mutfak · Equsto,"2 products: oztiryakiler-endustriyel-mutfak__79k3-06nmv-00, oztiryakiler-endustriyel-mutfak__79k4-06nmv-00"
warn,duplicate_title,GN 1200 NMV CIFT INOX KAPI DIK TIP BUZDOLABI K TİP · Öztiryakiler Endüstriyel Mutfak · Equsto,"2 products: oztiryakiler-endustriyel-mutfak__79k3-12nmv-00, oztiryakiler-endustriyel-mutfak__79k4-12nmv-00"
warn,duplicate_title,TAG 270 NMV CIFT INOX KAPI YATAY TIP BUZDOLABI · Öztiryakiler Endüstriyel Mutfak · Equsto,"2 products: oztiryakiler-endustriyel-mutfak__79e3-27nmv-00, oztiryakiler-endustriyel-mutfak__79e4-27nmv-00"
warn,duplicate_title,TAG 370 NMV 3 INOX KAPI YATAY TIP BUZDOLABI · Öztiryakiler Endüstriyel Mutfak · Equsto,"2 products: oztiryakiler-endustriyel-mutfak__79e3-37nmv-00, oztiryakiler-endustriyel-mutfak__79e4-37nmv-00"
warn,duplicate_title,TAG 470 NMV 4 INOX KAPI YATAY TIP BUZDOLABI · Öztiryakiler Endüstriyel Mutfak · Equsto,"2 products: oztiryakiler-endustriyel-mutfak__79e3-47nmv-00, oztiryakiler-endustriyel-mutfak__79e4-47nmv-00"
warn,duplicate_title,TAG 270 LMV CIFT INOX KAPI YATAY TIP DERIN DONDURUCU · Öztiryakiler Endüstriyel Mutfak · Equsto,"2 products: oztiryakiler-endustriyel-mutfak__79e3-27lmv-00, oztiryakiler-endustriyel-mutfak__79e4-27lmv-00"
warn,duplicate_title,TAG 370 LMV 3 INOX KAPI YATAY TIP DERIN DONDURUCU · Öztiryakiler Endüstriyel Mutfak · Equsto,"2 products: oztiryakiler-endustriyel-mutfak__79e3-37lmv-00, oztiryakiler-endustriyel-mutfak__79e4-37lmv-00"
warn,duplicate_title,TAG 470 LMV 4 INOX KAPI YATAY TIP DERIN DONDURUCU · Öztiryakiler Endüstriyel Mutfak · Equsto,"2 products: oztiryakiler-endustriyel-mutfak__79e3-47lmv-00, oztiryakiler-endustriyel-mutfak__79e4-47lmv-00"
warn,duplicate_title,TAG 270 NMV CIFT CAM KAPI YATAY TIP BUZDOLABI · Öztiryakiler Endüstriyel Mutfak · Equsto,"2 products: oztiryakiler-endustriyel-mutfak__79e3-27nmv-01, oztiryakiler-endustriyel-mutfak__79e4-27nmv-01"
warn,duplicate_title,TAG 370 NMV 3 CAM KAPI YATAY TIP BUZDOLABI · Öztiryakiler Endüstriyel Mutfak · Equsto,"2 products: oztiryakiler-endustriyel-mutfak__79e3-37nmv-01, oztiryakiler-endustriyel-mutfak__79e4-37nmv-01"
warn,duplicate_title,TAG 470 NMV 4 CAM KAPI YATAY TIP BUZDOLABI · Öztiryakiler Endüstriyel Mutfak · Equsto,"2 products: oztiryakiler-endustriyel-mutfak__79e3-47nmv-01, oztiryakiler-endustriyel-mutfak__79e4-47nmv-01"
warn,duplicate_title,TAG 270 NMV 4  CEKMECE YATAY TIP BUZDOLABI · Öztiryakiler Endüstriyel Mutfak · Equsto,"2 products: oztiryakiler-endustriyel-mutfak__79e3-27nmv-02, oztiryakiler-endustriyel-mutfak__79e4-27nmv-02"
warn,duplicate_title,TAG 370 NMV 6  CEKMECE YATAY TIP BUZDOLABI · Öztiryakiler Endüstriyel Mutfak · Equsto,"2 products: oztiryakiler-endustriyel-mutfak__79e3-37nmv-02, oztiryakiler-endustriyel-mutfak__79e4-37nmv-02"
warn,duplicate_title,TAG 470 NMV 8  CEKMECE YATAY TIP BUZDOLABI · Öztiryakiler Endüstriyel Mutfak · Equsto,"2 products: oztiryakiler-endustriyel-mutfak__79e3-47nmv-02, oztiryakiler-endustriyel-mutfak__79e4-47nmv-02"
warn,duplicate_title,TAG 270 LMV 4  CEKMECE YATAY TIP DERIN DONDURUCU · Öztiryakiler Endüstriyel Mutfak · Equsto,"2 products: oztiryakiler-endustriyel-mutfak__79e3-27lmv-02, oztiryakiler-endustriyel-mutfak__79e4-27lmv-02"
warn,duplicate_title,TAG 370 LMV 6  CEKMECE YATAY TIP DERIN DONDURUCU · Öztiryakiler Endüstriyel Mutfak · Equsto,"2 products: oztiryakiler-endustriyel-mutfak__79e3-37lmv-02, oztiryakiler-endustriyel-mutfak__79e4-37lmv-02"
warn,duplicate_title,TAG 470 LMV 8  CEKMECE YATAY TIP DERIN DONDURUCU · Öztiryakiler Endüstriyel Mutfak · Equsto,"2 products: oztiryakiler-endustriyel-mutfak__79e3-47lmv-02, oztiryakiler-endustriyel-mutfak__79e4-47lmv-02"
warn,duplicate_title,TAG 270 NMV 6  CEKMECE YATAY TIP BUZDOLABI · Öztiryakiler Endüstriyel Mutfak · Equsto,"2 products: oztiryakiler-endustriyel-mutfak__79e4-27nmv-03, oztiryakiler-endustriyel-mutfak__79e3-27nmv-03"
warn,duplicate_title,TAG 370 NMV 9  CEKMECE YATAY TIP BUZDOLABI · Öztiryakiler Endüstriyel Mutfak · Equsto,"2 products: oztiryakiler-endustriyel-mutfak__79e4-37nmv-03, oztiryakiler-endustriyel-mutfak__79e3-37nmv-03"
warn,duplicate_title,TAG 470 NMV 12  CEKMECE YATAY TIP BUZDOLABI · Öztiryakiler Endüstriyel Mutfak · Equsto,"2 products: oztiryakiler-endustriyel-mutfak__79e4-47nmv-03, oztiryakiler-endustriyel-mutfak__79e3-47nmv-03"
warn,duplicate_title,TAG 270 LMV 6  CEKMECE YATAY TIP DERIN DONDURUCU · Öztiryakiler Endüstriyel Mutfak · Equsto,"2 products: oztiryakiler-endustriyel-mutfak__79e4-27lmv-03, oztiryakiler-endustriyel-mutfak__79e3-27lmv-03"
warn,duplicate_title,TAG 370 LMV 9  CEKMECE YATAY TIP DERIN DONDURUCU · Öztiryakiler Endüstriyel Mutfak · Equsto,"2 products: oztiryakiler-endustriyel-mutfak__79e4-37lmv-03, oztiryakiler-endustriyel-mutfak__79e3-37lmv-03"
warn,duplicate_title,TAG 470 LMV 12  CEKMECE YATAY TIP DERIN DONDURUCU · Öztiryakiler Endüstriyel Mutfak · Equsto,"2 products: oztiryakiler-endustriyel-mutfak__79e4-47lmv-03, oztiryakiler-endustriyel-mutfak__79e3-47lmv-03"
warn,duplicate_title,"SOĞUK ODA PANEL-SPLİT TİP, 0/+5 C · Öztiryakiler Endüstriyel Mutfak · Equsto","39 products: oztiryakiler-endustriyel-mutfak__7919-cr1515-00, oztiryakiler-endustriyel-mutfak__7919-cr2015-00, oztiryakiler-endustriyel-mutfak__7919-cr2020-00…"
warn,duplicate_title,"DEEP FREEZE PANEL-SPLİT TİP, -22/-18 C · Öztiryakiler Endüstriyel Mutfak · Equsto","39 products: oztiryakiler-endustriyel-mutfak__7919-df1515-00, oztiryakiler-endustriyel-mutfak__7919-df2015-00, oztiryakiler-endustriyel-mutfak__7919-df2020-00…"
warn,duplicate_title,EVYELİ TEZG.1G/1D SOL 3 PERDELİ 140*70 · Öztiryakiler Endüstriyel Mutfak · Equsto,"2 products: oztiryakiler-endustriyel-mutfak__7758-147c5-11, oztiryakiler-endustriyel-mutfak__7758-147d5-11"
warn,duplicate_title,EVYELİ TEZG.1G/1D SAĞ 3 PERDELİ 140*70 · Öztiryakiler Endüstriyel Mutfak · Equsto,"2 products: oztiryakiler-endustriyel-mutfak__7758-147c5-15, oztiryakiler-endustriyel-mutfak__7758-147d5-15"
warn,duplicate_title,EVYELİ TEZG.1G/1D SOL 3 PERDELİ  DEM. 140*70 · Öztiryakiler Endüstriyel Mutfak · Equsto,"2 products: oztiryakiler-endustriyel-mutfak__7754-147c5-11, oztiryakiler-endustriyel-mutfak__7754-147d5-11"
warn,duplicate_title,EVYELİ TEZG.1G/1D SAĞ 3 PERDELİ  DEM. 140*70 · Öztiryakiler Endüstriyel Mutfak · Equsto,"2 products: oztiryakiler-endustriyel-mutfak__7754-147c5-15, oztiryakiler-endustriyel-mutfak__7754-147d5-15"
warn,duplicate_title,EVYELİ TEZG.1G/1D SOL 3 PERDELİ TABAN RAFLI 140*70 · Öztiryakiler Endüstriyel Mutfak · Equsto,"2 products: oztiryakiler-endustriyel-mutfak__7758-147c8-11, oztiryakiler-endustriyel-mutfak__7758-147d8-11"
warn,duplicate_title,EVYELİ TEZG.1G/1D SAĞ 3 PERDELİ TABAN RAFLI 140*70 · Öztiryakiler Endüstriyel Mutfak · Equsto,"2 products: oztiryakiler-endustriyel-mutfak__7758-147c8-15, oztiryakiler-endustriyel-mutfak__7758-147d8-15"
warn,duplicate_title,EVYELİ TEZG.1G/1D SOL 3 PERDELİ TABAN RAFLI  DEM. 140*70 · Öztiryakiler Endüstriyel Mutfak · Equsto,"2 products: oztiryakiler-endustriyel-mutfak__7754-147c8-11, oztiryakiler-endustriyel-mutfak__7754-147d8-11"
warn,duplicate_title,EVYELİ TEZG.1G/1D SAĞ 3 PERDELİ TABAN RAFLI  DEM. 140*70 · Öztiryakiler Endüstriyel Mutfak · Equsto,"2 products: oztiryakiler-endustriyel-mutfak__7754-147c8-15, oztiryakiler-endustriyel-mutfak__7754-147d8-15"
warn,duplicate_title,EVYELİ TEZG.2G 3 PERDELİ  DEM. 140*70 · Öztiryakiler Endüstriyel Mutfak · Equsto,"2 products: oztiryakiler-endustriyel-mutfak__7754-147c5-27, oztiryakiler-endustriyel-mutfak__7754-147d5-27"
warn,duplicate_title,EVYELİ TEZG.2G 3 PERDELİ TABAN RAFLI  DEM. 140*70 · Öztiryakiler Endüstriyel Mutfak · Equsto,"2 products: oztiryakiler-endustriyel-mutfak__7754-147c8-27, oztiryakiler-endustriyel-mutfak__7754-147d8-27"
warn,duplicate_title,EVYELİ TEZG.1G 3 PERDELİ 60*60 · Öztiryakiler Endüstriyel Mutfak · Equsto,"2 products: oztiryakiler-endustriyel-mutfak__7758-066a5-01, oztiryakiler-endustriyel-mutfak__7758-066e5-01"
warn,duplicate_title,EVYELİ TEZG.1G 3 PERDELİ 60*70 · Öztiryakiler Endüstriyel Mutfak · Equsto,"2 products: oztiryakiler-endustriyel-mutfak__7758-067b5-01, oztiryakiler-endustriyel-mutfak__7758-067c5-01"
warn,duplicate_title,EVYELİ TEZG.1G 3 PERDELİ 70*70 · Öztiryakiler Endüstriyel Mutfak · Equsto,"2 products: oztiryakiler-endustriyel-mutfak__7758-077c5-01, oztiryakiler-endustriyel-mutfak__7758-077d5-01"
warn,duplicate_title,EVYELİ TEZG.1G 3 PERDELİ DEM. 60*60 · Öztiryakiler Endüstriyel Mutfak · Equsto,"2 products: oztiryakiler-endustriyel-mutfak__7754-066a5-01, oztiryakiler-endustriyel-mutfak__7754-066e5-01"
warn,duplicate_title,EVYELİ TEZG.1G 3 PERDELİ DEM. 60*70 · Öztiryakiler Endüstriyel Mutfak · Equsto,"2 products: oztiryakiler-endustriyel-mutfak__7754-067b5-01, oztiryakiler-endustriyel-mutfak__7754-067c5-01"
warn,duplicate_title,EVYELİ TEZG.1G 3 PERDELİ DEM. 70*70 · Öztiryakiler Endüstriyel Mutfak · Equsto,"2 products: oztiryakiler-endustriyel-mutfak__7754-077c5-01, oztiryakiler-endustriyel-mutfak__7754-077d5-01"
warn,duplicate_title,EVYELİ TEZG.1G 3 PERDELİ TABAN RAFLI 60*60 · Öztiryakiler Endüstriyel Mutfak · Equsto,"2 products: oztiryakiler-endustriyel-mutfak__7758-066a8-01, oztiryakiler-endustriyel-mutfak__7758-066e8-01"
warn,duplicate_title,EVYELİ TEZG.1G 3 PERDELİ TABAN RAFLI 60*70 · Öztiryakiler Endüstriyel Mutfak · Equsto,"2 products: oztiryakiler-endustriyel-mutfak__7758-067b8-01, oztiryakiler-endustriyel-mutfak__7758-067c8-01"
warn,duplicate_title,EVYELİ TEZG.1G 3 PERDELİ TABAN RAFLI 70*70 · Öztiryakiler Endüstriyel Mutfak · Equsto,"2 products: oztiryakiler-endustriyel-mutfak__7758-077c8-01, oztiryakiler-endustriyel-mutfak__7758-077d8-01"
warn,duplicate_title,EVYELİ TEZG.1G 3 PERDELİ TABAN RAFLI DEM. 60*60 · Öztiryakiler Endüstriyel Mutfak · Equsto,"2 products: oztiryakiler-endustriyel-mutfak__7754-066a8-01, oztiryakiler-endustriyel-mutfak__7754-066e8-01"
warn,duplicate_title,EVYELİ TEZG.1G 3 PERDELİ TABAN RAFLI DEM. 60*70 · Öztiryakiler Endüstriyel Mutfak · Equsto,"2 products: oztiryakiler-endustriyel-mutfak__7754-067b8-01, oztiryakiler-endustriyel-mutfak__7754-067c8-01"
warn,duplicate_title,EVYELİ TEZG.1G 3 PERDELİ TABAN RAFLI DEM. 70*70 · Öztiryakiler Endüstriyel Mutfak · Equsto,"2 products: oztiryakiler-endustriyel-mutfak__7754-077c8-01, oztiryakiler-endustriyel-mutfak__7754-077d8-01"
warn,duplicate_title,EVYELİ TEZG.2G/1D SOL 3 PERDELİ 160*60 · Öztiryakiler Endüstriyel Mutfak · Equsto,"2 products: oztiryakiler-endustriyel-mutfak__7758-166a5-21, oztiryakiler-endustriyel-mutfak__7758-166e5-21"
warn,duplicate_title,EVYELİ TEZG.2G/1D SOL 3 PERDELİ 160*70 · Öztiryakiler Endüstriyel Mutfak · Equsto,"2 products: oztiryakiler-endustriyel-mutfak__7758-167b5-21, oztiryakiler-endustriyel-mutfak__7758-167c5-21"
warn,duplicate_title,EVYELİ TEZG.2G/1D SOL 3 PERDELİ 190*70 · Öztiryakiler Endüstriyel Mutfak · Equsto,"2 products: oztiryakiler-endustriyel-mutfak__7758-197c5-21, oztiryakiler-endustriyel-mutfak__7758-197d5-21"
warn,duplicate_title,EVYELİ TEZG.2G/1D SAĞ 3 PERDELİ 160*60 · Öztiryakiler Endüstriyel Mutfak · Equsto,"2 products: oztiryakiler-endustriyel-mutfak__7758-166a5-25, oztiryakiler-endustriyel-mutfak__7758-166e5-25"
warn,duplicate_title,EVYELİ TEZG.2G/1D SAĞ 3 PERDELİ 160*70 · Öztiryakiler Endüstriyel Mutfak · Equsto,"2 products: oztiryakiler-endustriyel-mutfak__7758-167b5-25, oztiryakiler-endustriyel-mutfak__7758-167c5-25"
warn,duplicate_title,EVYELİ TEZG.2G/1D SAĞ 3 PERDELİ 190*70 · Öztiryakiler Endüstriyel Mutfak · Equsto,"2 products: oztiryakiler-endustriyel-mutfak__7758-197c5-25, oztiryakiler-endustriyel-mutfak__7758-197d5-25"
warn,duplicate_title,EVYELİ TEZG.2G/1D SOL 3 PERDELİ  DEM. 160*60 · Öztiryakiler Endüstriyel Mutfak · Equsto,"2 products: oztiryakiler-endustriyel-mutfak__7754-166a5-21, oztiryakiler-endustriyel-mutfak__7754-166e5-21"
warn,duplicate_title,EVYELİ TEZG.2G/1D SOL 3 PERDELİ  DEM. 160*70 · Öztiryakiler Endüstriyel Mutfak · Equsto,"2 products: oztiryakiler-endustriyel-mutfak__7754-167b5-21, oztiryakiler-endustriyel-mutfak__7754-167c5-21"
warn,duplicate_title,EVYELİ TEZG.2G/1D SOL 3 PERDELİ  DEM. 190*70 · Öztiryakiler Endüstriyel Mutfak · Equsto,"2 products: oztiryakiler-endustriyel-mutfak__7754-197c5-21, oztiryakiler-endustriyel-mutfak__7754-197d5-21"
warn,duplicate_title,EVYELİ TEZG.2G/1D SAĞ 3 PERDELİ  DEM. 160*60 · Öztiryakiler Endüstriyel Mutfak · Equsto,"2 products: oztiryakiler-endustriyel-mutfak__7754-166a5-25, oztiryakiler-endustriyel-mutfak__7754-166e5-25"
warn,duplicate_title,EVYELİ TEZG.2G/1D SAĞ 3 PERDELİ  DEM. 160*70 · Öztiryakiler Endüstriyel Mutfak · Equsto,"2 products: oztiryakiler-endustriyel-mutfak__7754-167b5-25, oztiryakiler-endustriyel-mutfak__7754-167c5-25"
warn,duplicate_title,EVYELİ TEZG.2G/1D SAĞ 3 PERDELİ  DEM. 190*70 · Öztiryakiler Endüstriyel Mutfak · Equsto,"2 products: oztiryakiler-endustriyel-mutfak__7754-197c5-25, oztiryakiler-endustriyel-mutfak__7754-197d5-25"
warn,duplicate_title,EVYELİ TEZG.2G/1D SOL 3 PERDELİ TABAN RAFLI 160*60 · Öztiryakiler Endüstriyel Mutfak · Equsto,"2 products: oztiryakiler-endustriyel-mutfak__7758-166a8-21, oztiryakiler-endustriyel-mutfak__7758-166e8-21"
warn,duplicate_title,EVYELİ TEZG.2G/1D SOL 3 PERDELİ TABAN RAFLI 160*70 · Öztiryakiler Endüstriyel Mutfak · Equsto,"2 products: oztiryakiler-endustriyel-mutfak__7758-167b8-21, oztiryakiler-endustriyel-mutfak__7758-167c8-21"
warn,duplicate_title,EVYELİ TEZG.2G/1D SOL 3 PERDELİ TABAN RAFLI 190*70 · Öztiryakiler Endüstriyel Mutfak · Equsto,"2 products: oztiryakiler-endustriyel-mutfak__7758-197c8-21, oztiryakiler-endustriyel-mutfak__7758-197d8-21"
warn,duplicate_title,EVYELİ TEZG.2G/1D SAĞ 3 PERDELİ TABAN RAFLI 160*60 · Öztiryakiler Endüstriyel Mutfak · Equsto,"2 products: oztiryakiler-endustriyel-mutfak__7758-166a8-25, oztiryakiler-endustriyel-mutfak__7758-166e8-25"
warn,duplicate_title,EVYELİ TEZG.2G/1D SAĞ 3 PERDELİ TABAN RAFLI 160*70 · Öztiryakiler Endüstriyel Mutfak · Equsto,"2 products: oztiryakiler-endustriyel-mutfak__7758-167b8-25, oztiryakiler-endustriyel-mutfak__7758-167c8-25"
warn,duplicate_title,EVYELİ TEZG.2G/1D SAĞ 3 PERDELİ TABAN RAFLI 190*70 · Öztiryakiler Endüstriyel Mutfak · Equsto,"2 products: oztiryakiler-endustriyel-mutfak__7758-197c8-25, oztiryakiler-endustriyel-mutfak__7758-197d8-25"
warn,duplicate_title,EVYELİ TEZG.2G/1D SOL 3 PERDELİ TABAN RAFLI  DEM. 160*60 · Öztiryakiler Endüstriyel Mutfak · Equsto,"2 products: oztiryakiler-endustriyel-mutfak__7754-166a8-21, oztiryakiler-endustriyel-mutfak__7754-166e8-21"
warn,duplicate_title,EVYELİ TEZG.2G/1D SOL 3 PERDELİ TABAN RAFLI  DEM. 160*70 · Öztiryakiler Endüstriyel Mutfak · Equsto,"2 products: oztiryakiler-endustriyel-mutfak__7754-167b8-21, oztiryakiler-endustriyel-mutfak__7754-167c8-21"
warn,duplicate_title,EVYELİ TEZG.2G/1D SOL 3 PERDELİ TABAN RAFLI  DEM. 190*70 · Öztiryakiler Endüstriyel Mutfak · Equsto,"2 products: oztiryakiler-endustriyel-mutfak__7754-197c8-21, oztiryakiler-endustriyel-mutfak__7754-197d8-21"
warn,duplicate_title,EVYELİ TEZG.2G/1D SAĞ 3 PERDELİ TABAN RAFLI  DEM. 160*60 · Öztiryakiler Endüstriyel Mutfak · Equsto,"2 products: oztiryakiler-endustriyel-mutfak__7754-166a8-25, oztiryakiler-endustriyel-mutfak__7754-166e8-25"
warn,duplicate_title,EVYELİ TEZG.2G/1D SAĞ 3 PERDELİ TABAN RAFLI  DEM. 160*70 · Öztiryakiler Endüstriyel Mutfak · Equsto,"2 products: oztiryakiler-endustriyel-mutfak__7754-167b8-25, oztiryakiler-endustriyel-mutfak__7754-167c8-25"
warn,duplicate_title,EVYELİ TEZG.2G/1D SAĞ 3 PERDELİ TABAN RAFLI  DEM. 190*70 · Öztiryakiler Endüstriyel Mutfak · Equsto,"2 products: oztiryakiler-endustriyel-mutfak__7754-197c8-25, oztiryakiler-endustriyel-mutfak__7754-197d8-25"
warn,product_data,missing_image,48 products without images
info,entity_brands,brand_count,4 unique brands in catalog
warn,entity_brands,marka_metadata,Brand pages lack SSR description + Brand JSON-LD (template upgrade pending)
ok,en_coverage,en_shop_urls,TR shop=7700 EN shop=7700 in sitemap
ok,schema,app/(shop)/shop/[dept]/[slug]/page.tsx,Product JSON-LD
warn,schema,app/(shop)/shop/marka/[slug]/page.tsx,Brand JSON-LD
warn,schema,app/(shop)/shop/[dept]/page.tsx,CollectionPage / ItemList
ok,schema,components/seo/GlobalSiteJsonLd.tsx,Organization + WebSite
warn,schema,rehber/* comparison pages,FAQPage + Article
