tip,marka,urun,model,sku,dept,kategori,fiyat_tl,id,eslesme
"diger-yedek","Öztiryakiler Endüstriyel Mutfak","GRILL PLATINA KANALI TEMIZLIK TARAGI (171*54*2)","2864.Z20.01710054.A.65","2864.Z20.01710054.A.65","set-ustu-mutfak","mutfak-aksesuar","104","oztiryakiler-endustriyel-mutfak__2864-z20-01710054-a-65","isim"
"diger-yedek","Öztiryakiler Endüstriyel Mutfak","GRILL PLATINA KANALI TEMIZLIK TARAGI (171*54*2)","2864.Z20.01710054.A.65","2864.Z20.01710054.A.65","set-ustu-mutfak","mutfak-aksesuar","104","oztiryakiler-endustriyel-mutfak__2864-z20-01710054-a-65","isim"
"disk-bicak","Dito Sama","Dito Sama 650166 AS2XX Paslanmaz Çelik Şerit Kesme Diski, 2x2 mm","650166","208.650166.AS2XX","hazirlik","dito-sama-650166-as2xx-paslanmaz-celik-serit-kesme-diski-2x2-mm","11969","dito-sama__650166","isim"
"disk-bicak","Dito Sama","Dito Sama Jülyen Kesme Diski, 6x6 mm","650078","208.650078.AS6XX","hazirlik","dito-sama-julyen-kesme-diski-6x6-mm","11000","dito-sama__650078","isim"
"disk-bicak","Dito Sama","Dito Sama Sert Biçimde Kesme Diski, S-Tipi Bıçaklı, Paslanmaz Çelik, 10 mm","650160","208.650160.C10SX","hazirlik","dito-sama-sert-bicimde-kesme-diski-s-tipi-bicakli-paslanmaz-celik-10-mm","7088","dito-sama__650160","isim"
"disk-bicak","Öztiryakiler Endüstriyel Mutfak","PDM BICAK TAKIMI 10*10 MM","2840.16010.04","2840.16010.04","set-ustu-mutfak","patates-dilimleme-makinesi-aksesuar","4240","oztiryakiler-endustriyel-mutfak__2840-16010-04","kategori"
"disk-bicak","Öztiryakiler Endüstriyel Mutfak","PDM BICAK TAKIMI 14-17 MM","2840.16010.06","2840.16010.06","set-ustu-mutfak","patates-dilimleme-makinesi-aksesuar","3686","oztiryakiler-endustriyel-mutfak__2840-16010-06","kategori"
"disk-bicak","Öztiryakiler Endüstriyel Mutfak","PDM BICAK TAKIMI 14*14 MM","2840.16010.05","2840.16010.05","set-ustu-mutfak","patates-dilimleme-makinesi-aksesuar","3882","oztiryakiler-endustriyel-mutfak__2840-16010-05","kategori"
"disk-bicak","Öztiryakiler Endüstriyel Mutfak","PDM BICAK TAKIMI 8*8 MM","2840.16010.03","2840.16010.03","set-ustu-mutfak","patates-dilimleme-makinesi-aksesuar","5447","oztiryakiler-endustriyel-mutfak__2840-16010-03","kategori"
"disk-bicak","Öztiryakiler Endüstriyel Mutfak","SEBZE DOGRAMA MAK. KUBIK KESME DISKI C10","8841.SDC10.00","8841.SDC10.00","hazirlik","aksesuarlar","4077","oztiryakiler-endustriyel-mutfak__8841-sdc10-00","kategori"
"disk-bicak","Öztiryakiler Endüstriyel Mutfak","SEBZE DOGRAMA MAK. KUBIK KESME DISKI C20","8841.SDC20.00","8841.SDC20.00","hazirlik","aksesuarlar","3981","oztiryakiler-endustriyel-mutfak__8841-sdc20-00","kategori"
"disk-bicak","Öztiryakiler Endüstriyel Mutfak","SEBZE DOGRAMA MAK. KUBIK ON DISKI K10","8841.SDK10.00","8841.SDK10.00","hazirlik","aksesuarlar","2283","oztiryakiler-endustriyel-mutfak__8841-sdk10-00","kategori"
"disk-bicak","Öztiryakiler Endüstriyel Mutfak","SEBZE DOGRAMA MAK. PARMAK PATATES KESME DISKI P10","8841.SDP10.00","8841.SDP10.00","hazirlik","aksesuarlar","3565","oztiryakiler-endustriyel-mutfak__8841-sdp10-00","kategori"
"elektrik-yedek","Öztiryakiler Endüstriyel Mutfak","BLUETOOTH BAĞLANTI KİTİ EV3294 VE KARE DİJİTAL UYUMLU","2919.BLUET.00","2919.BLUET.00","set-ustu-mutfak","mutfak-aksesuar","9910","oztiryakiler-endustriyel-mutfak__2919-bluet-00","isim"
"elektrik-yedek","Öztiryakiler Endüstriyel Mutfak","BLUETOOTH BAĞLANTI KİTİ EV3294 VE KARE DİJİTAL UYUMLU","2919.BLUET.00","2919.BLUET.00","set-ustu-mutfak","mutfak-aksesuar","9910","oztiryakiler-endustriyel-mutfak__2919-bluet-00","isim"
"elektrik-yedek","Öztiryakiler Endüstriyel Mutfak","DEFROST REZISTANS ILAVESI (-2 / +8 C )","2919.R500W.00","2919.R500W.00","set-ustu-mutfak","mutfak-aksesuar","1491","oztiryakiler-endustriyel-mutfak__2919-r500w-00","isim"
"elektrik-yedek","Öztiryakiler Endüstriyel Mutfak","ELIWELL RS-485 KIT","6234.00009.42","6234.00009.42","set-ustu-mutfak","mutfak-aksesuar","","oztiryakiler-endustriyel-mutfak__6234-00009-42","isim"
"elektrik-yedek","Öztiryakiler Endüstriyel Mutfak","REMOTE UNITE","2919.RMTCU.N1","2919.RMTCU.N1","set-ustu-mutfak","mutfak-aksesuar","31034","oztiryakiler-endustriyel-mutfak__2919-rmtcu-n1","isim"
"elektrik-yedek","Öztiryakiler Endüstriyel Mutfak","REMOTE UNITE","2919.RMTCU.N3","2919.RMTCU.N3","set-ustu-mutfak","mutfak-aksesuar","34575","oztiryakiler-endustriyel-mutfak__2919-rmtcu-n3","isim"
"elektrik-yedek","Öztiryakiler Endüstriyel Mutfak","REMOTE UNITE","2919.RMTCU.L1","2919.RMTCU.L1","set-ustu-mutfak","mutfak-aksesuar","34080","oztiryakiler-endustriyel-mutfak__2919-rmtcu-l1","isim"
"elektrik-yedek","Öztiryakiler Endüstriyel Mutfak","REMOTE UNITE","2919.RMTCU.L3","2919.RMTCU.L3","set-ustu-mutfak","mutfak-aksesuar","44145","oztiryakiler-endustriyel-mutfak__2919-rmtcu-l3","isim"
"elektrik-yedek","Öztiryakiler Endüstriyel Mutfak","REMOTE UNITE","2919.RMTCU.N1","2919.RMTCU.N1","set-ustu-mutfak","mutfak-aksesuar","31034","oztiryakiler-endustriyel-mutfak__2919-rmtcu-n1","isim"
"elektrik-yedek","Öztiryakiler Endüstriyel Mutfak","REMOTE UNITE","2919.RMTCU.N3","2919.RMTCU.N3","set-ustu-mutfak","mutfak-aksesuar","34575","oztiryakiler-endustriyel-mutfak__2919-rmtcu-n3","isim"
"elektrik-yedek","Öztiryakiler Endüstriyel Mutfak","REMOTE UNITE","2919.RMTCU.L1","2919.RMTCU.L1","set-ustu-mutfak","mutfak-aksesuar","34080","oztiryakiler-endustriyel-mutfak__2919-rmtcu-l1","isim"
"elektrik-yedek","Öztiryakiler Endüstriyel Mutfak","REMOTE UNITE","2919.RMTCU.L3","2919.RMTCU.L3","set-ustu-mutfak","mutfak-aksesuar","44145","oztiryakiler-endustriyel-mutfak__2919-rmtcu-l3","isim"
"mikser-parca","Öztiryakiler Endüstriyel Mutfak","MIKSER 10 LT CIRPMA TELI","2810.00010.16","2810.00010.16","hazirlik","mikser-aksesuar","2112","oztiryakiler-endustriyel-mutfak__2810-00010-16","kategori"
"mikser-parca","Öztiryakiler Endüstriyel Mutfak","MIKSER 10 LT KAZAN","2810.00010.31","2810.00010.31","hazirlik","mikser-aksesuar","1864","oztiryakiler-endustriyel-mutfak__2810-00010-31","kategori"
"mikser-parca","Öztiryakiler Endüstriyel Mutfak","MIKSER 10 LT PALET","2810.00010.13","2810.00010.13","hazirlik","mikser-aksesuar","2082","oztiryakiler-endustriyel-mutfak__2810-00010-13","kategori"
"mikser-parca","Öztiryakiler Endüstriyel Mutfak","MIKSER 10 LT S BOYNUZ","2810.00010.08","2810.00010.08","hazirlik","mikser-aksesuar","1833","oztiryakiler-endustriyel-mutfak__2810-00010-08","kategori"
"mikser-parca","Öztiryakiler Endüstriyel Mutfak","MIKSER 20 LT CIRPMA TELI","2810.00020.53","2810.00020.53","hazirlik","mikser-aksesuar","3075","oztiryakiler-endustriyel-mutfak__2810-00020-53","kategori"
"mikser-parca","Öztiryakiler Endüstriyel Mutfak","MIKSER 20 LT ICIN KAZAN 10 LTR","2810.20010.00","2810.20010.00","hazirlik","mikser-aksesuar","1957","oztiryakiler-endustriyel-mutfak__2810-20010-00","kategori"
"mikser-parca","Öztiryakiler Endüstriyel Mutfak","MIKSER 20 LT ICIN PALET 10 LTR","2810.20010.01","2810.20010.01","hazirlik","mikser-aksesuar","2175","oztiryakiler-endustriyel-mutfak__2810-20010-01","kategori"
"mikser-parca","Öztiryakiler Endüstriyel Mutfak","MIKSER 20 LT ICIN S BOYNUZ 10 LTR","2810.20010.02","2810.20010.02","hazirlik","mikser-aksesuar","2206","oztiryakiler-endustriyel-mutfak__2810-20010-02","kategori"
"mikser-parca","Öztiryakiler Endüstriyel Mutfak","MIKSER 20 LT KAZAN","2810.00020.06","2810.00020.06","hazirlik","mikser-aksesuar","3231","oztiryakiler-endustriyel-mutfak__2810-00020-06","kategori"
"mikser-parca","Öztiryakiler Endüstriyel Mutfak","MIKSER 20 LT PALET","2810.00020.50","2810.00020.50","hazirlik","mikser-aksesuar","2609","oztiryakiler-endustriyel-mutfak__2810-00020-50","kategori"
"mikser-parca","Öztiryakiler Endüstriyel Mutfak","MIKSER 20 LT S BOYNUZ","2810.00020.49","2810.00020.49","hazirlik","mikser-aksesuar","2144","oztiryakiler-endustriyel-mutfak__2810-00020-49","kategori"
"mikser-parca","Öztiryakiler Endüstriyel Mutfak","MIKSER 40 LT CIRPMA TELI","2810.00040.52","2810.00040.52","hazirlik","mikser-aksesuar","3945","oztiryakiler-endustriyel-mutfak__2810-00040-52","kategori"
"mikser-parca","Öztiryakiler Endüstriyel Mutfak","MIKSER 40 LT ICIN CIRPMA TELI 20 LTR","2810.40020.03","2810.40020.03","hazirlik","mikser-aksesuar","2268","oztiryakiler-endustriyel-mutfak__2810-40020-03","kategori"
"mikser-parca","Öztiryakiler Endüstriyel Mutfak","MIKSER 40 LT ICIN KAZAN 20 LTR.","2810.40020.00","2810.40020.00","hazirlik","mikser-aksesuar","3417","oztiryakiler-endustriyel-mutfak__2810-40020-00","kategori"
"mikser-parca","Öztiryakiler Endüstriyel Mutfak","MIKSER 40 LT ICIN PALET 20 LTR.","2810.40020.01","2810.40020.01","hazirlik","mikser-aksesuar","2765","oztiryakiler-endustriyel-mutfak__2810-40020-01","kategori"
"mikser-parca","Öztiryakiler Endüstriyel Mutfak","MIKSER 40 LT ICIN S BOYNUZ 20 LTR.","2810.40020.02","2810.40020.02","hazirlik","mikser-aksesuar","3200","oztiryakiler-endustriyel-mutfak__2810-40020-02","kategori"
"mikser-parca","Öztiryakiler Endüstriyel Mutfak","MIKSER 40 LT KAZAN","2810.00040.06","2810.00040.06","hazirlik","mikser-aksesuar","7455","oztiryakiler-endustriyel-mutfak__2810-00040-06","kategori"
"mikser-parca","Öztiryakiler Endüstriyel Mutfak","MIKSER 40 LT PALET","2810.00040.49","2810.00040.49","hazirlik","mikser-aksesuar","3106","oztiryakiler-endustriyel-mutfak__2810-00040-49","kategori"
"mikser-parca","Öztiryakiler Endüstriyel Mutfak","MIKSER 40 LT S BOYNUZ","2810.00040.48","2810.00040.48","hazirlik","mikser-aksesuar","2609","oztiryakiler-endustriyel-mutfak__2810-00040-48","kategori"
"mikser-parca","Öztiryakiler Endüstriyel Mutfak","MIKSER 60 LT CIRPMA TELI","2810.00060.17","2810.00060.17","hazirlik","mikser-aksesuar","5498","oztiryakiler-endustriyel-mutfak__2810-00060-17","kategori"
"mikser-parca","Öztiryakiler Endüstriyel Mutfak","MIKSER 60 LT ICIN CIRPMA TELI 40LR","2810.60040.03","2810.60040.03","hazirlik","mikser-aksesuar","2765","oztiryakiler-endustriyel-mutfak__2810-60040-03","kategori"
"mikser-parca","Öztiryakiler Endüstriyel Mutfak","MIKSER 60 LT ICIN KAZAN 40 LTR","2810.60040.00","2810.60040.00","hazirlik","mikser-aksesuar","7797","oztiryakiler-endustriyel-mutfak__2810-60040-00","kategori"
"mikser-parca","Öztiryakiler Endüstriyel Mutfak","MIKSER 60 LT ICIN PALET 40 LTR","2810.60040.01","2810.60040.01","hazirlik","mikser-aksesuar","3231","oztiryakiler-endustriyel-mutfak__2810-60040-01","kategori"
"mikser-parca","Öztiryakiler Endüstriyel Mutfak","MIKSER 60 LT ICIN S BOYNUZ 40LTR","2810.60040.02","2810.60040.02","hazirlik","mikser-aksesuar","4132","oztiryakiler-endustriyel-mutfak__2810-60040-02","kategori"
"mikser-parca","Öztiryakiler Endüstriyel Mutfak","MIKSER 60 LT KAZAN","2810.00060.06","2810.00060.06","hazirlik","mikser-aksesuar","9071","oztiryakiler-endustriyel-mutfak__2810-00060-06","kategori"
"mikser-parca","Öztiryakiler Endüstriyel Mutfak","MIKSER 60 LT PALET","2810.00060.14","2810.00060.14","hazirlik","mikser-aksesuar","3945","oztiryakiler-endustriyel-mutfak__2810-00060-14","kategori"
"mikser-parca","Öztiryakiler Endüstriyel Mutfak","MIKSER 60 LT S BOYNUZ","2810.00060.13","2810.00060.13","hazirlik","mikser-aksesuar","3168","oztiryakiler-endustriyel-mutfak__2810-00060-13","kategori"
"pisirme-yedek","Öztiryakiler Endüstriyel Mutfak","CAM KAPI (TA VE TAG MODELLER)","2919.CDOOR.0G","2919.CDOOR.0G","set-ustu-mutfak","mutfak-aksesuar","","oztiryakiler-endustriyel-mutfak__2919-cdoor-0g","isim"
"pisirme-yedek","Öztiryakiler Endüstriyel Mutfak","GN 1200   KILIT VE ISIK  AKSESUAR","2919.12KLG.00","2919.12KLG.00","set-ustu-mutfak","mutfak-aksesuar","3044","oztiryakiler-endustriyel-mutfak__2919-12klg-00","isim"
"pisirme-yedek","Öztiryakiler Endüstriyel Mutfak","GN 600   KILIT VE ISIK  AKSESUAR","2919.06KLG.00","2919.06KLG.00","set-ustu-mutfak","mutfak-aksesuar","1522","oztiryakiler-endustriyel-mutfak__2919-06klg-00","isim"
"pisirme-yedek","Öztiryakiler Endüstriyel Mutfak","ISPIRTOLUK ÇUBUĞU-DOKUMLU IZGARA ICIN","2864.Q3028.99","2864.Q3028.99","set-ustu-mutfak","mutfak-aksesuar","172","oztiryakiler-endustriyel-mutfak__2864-q3028-99","isim"
"pisirme-yedek","Öztiryakiler Endüstriyel Mutfak","TELLI IZGARA 900 SERI 650*535 KROM KAPLI","6019.00005.28","6019.00005.28","set-ustu-mutfak","mutfak-aksesuar","498","oztiryakiler-endustriyel-mutfak__6019-00005-28","isim"
"pisirme-yedek","Öztiryakiler Endüstriyel Mutfak","TELLI IZGARA 900 SERI 650*535 KROM KAPLI","6019.00005.28","6019.00005.28","set-ustu-mutfak","mutfak-aksesuar","498","oztiryakiler-endustriyel-mutfak__6019-00005-28","isim"
"pisirme-yedek","Öztiryakiler Endüstriyel Mutfak","TUTUŞTURUCU","2864.N1.Q3028.99","2864.N1.Q3028.99","set-ustu-mutfak","mutfak-aksesuar","","oztiryakiler-endustriyel-mutfak__2864-n1-q3028-99","isim"
"sepet-basket","Öztiryakiler Endüstriyel Mutfak","3*3 BOLMELI BARDAK BASKETI","8740.0BB09.00","8740.0BB09.00","set-ustu-mutfak","mutfak-aksesuar","688","oztiryakiler-endustriyel-mutfak__8740-0bb09-00","isim"
"sepet-basket","Öztiryakiler Endüstriyel Mutfak","3*3 BOLMELI YUKSELTICI","8740.0BY09.00","8740.0BY09.00","set-ustu-mutfak","mutfak-aksesuar","356","oztiryakiler-endustriyel-mutfak__8740-0by09-00","isim"
"sepet-basket","Öztiryakiler Endüstriyel Mutfak","4*4 BOLMELI BARDAK BASKETI","8740.0BB16.00","8740.0BB16.00","set-ustu-mutfak","mutfak-aksesuar","723","oztiryakiler-endustriyel-mutfak__8740-0bb16-00","isim"
"sepet-basket","Öztiryakiler Endüstriyel Mutfak","4*4 BOLMELI YUKSELTICI","8740.0BY16.00","8740.0BY16.00","set-ustu-mutfak","mutfak-aksesuar","373","oztiryakiler-endustriyel-mutfak__8740-0by16-00","isim"
"sepet-basket","Öztiryakiler Endüstriyel Mutfak","5*5 BOLMELI BARDAK BASKETI","8740.0BB25.00","8740.0BB25.00","set-ustu-mutfak","mutfak-aksesuar","781","oztiryakiler-endustriyel-mutfak__8740-0bb25-00","isim"
"sepet-basket","Öztiryakiler Endüstriyel Mutfak","5*5 BOLMELI YUKSELTICI","8740.0BY25.00","8740.0BY25.00","set-ustu-mutfak","mutfak-aksesuar","409","oztiryakiler-endustriyel-mutfak__8740-0by25-00","isim"
"sepet-basket","Öztiryakiler Endüstriyel Mutfak","6*6 BOLMELI BARDAK BASKETI","8740.0BB36.00","8740.0BB36.00","set-ustu-mutfak","mutfak-aksesuar","824","oztiryakiler-endustriyel-mutfak__8740-0bb36-00","isim"
"sepet-basket","Öztiryakiler Endüstriyel Mutfak","6*6 BOLMELI YUKSELTICI","8740.0BY36.00","8740.0BY36.00","set-ustu-mutfak","mutfak-aksesuar","428","oztiryakiler-endustriyel-mutfak__8740-0by36-00","isim"
"sepet-basket","Öztiryakiler Endüstriyel Mutfak","7*7 BOLMELI BARDAK BASKETI","8740.0BB49.00","8740.0BB49.00","set-ustu-mutfak","mutfak-aksesuar","886","oztiryakiler-endustriyel-mutfak__8740-0bb49-00","isim"
"sepet-basket","Öztiryakiler Endüstriyel Mutfak","7*7 BOLMELI YUKSELTICI","8740.0BY49.00","8740.0BY49.00","set-ustu-mutfak","mutfak-aksesuar","450","oztiryakiler-endustriyel-mutfak__8740-0by49-00","isim"
"sepet-basket","Öztiryakiler Endüstriyel Mutfak","BARDAK YIKAMA MAKINASI BASKETI BMS35 350*350*150mm","8740.BMS35.00","8740.BMS35.00","set-ustu-mutfak","mutfak-aksesuar","362","oztiryakiler-endustriyel-mutfak__8740-bms35-00","isim"
"sepet-basket","Öztiryakiler Endüstriyel Mutfak","CATAL KASIK BASKETI","8740.CKB50.00","8740.CKB50.00","set-ustu-mutfak","mutfak-aksesuar","677","oztiryakiler-endustriyel-mutfak__8740-ckb50-00","isim"
"sepet-basket","Öztiryakiler Endüstriyel Mutfak","DUZ BARDAK BASKETI","8740.DBB50.00","8740.DBB50.00","set-ustu-mutfak","mutfak-aksesuar","677","oztiryakiler-endustriyel-mutfak__8740-dbb50-00","isim"
"sepet-basket","Öztiryakiler Endüstriyel Mutfak","FRITOZ SEPET ALTLIGI 900 SERI YENI TIP","6260.00072.42","6260.00072.42","set-ustu-mutfak","mutfak-aksesuar","573","oztiryakiler-endustriyel-mutfak__6260-00072-42","isim"
"sepet-basket","Öztiryakiler Endüstriyel Mutfak","GIA DOS BARDAK YIKAMA BASKETI (400 x 400 x 150 mm)","9740.COD21.46","9740.COD21.46","set-ustu-mutfak","mutfak-aksesuar","979","oztiryakiler-endustriyel-mutfak__9740-cod21-46","isim"
"sepet-basket","Öztiryakiler Endüstriyel Mutfak","GIA DOS TABAK BASKETI (400 x 400 x 110 mm)","9740.COD21.50","9740.COD21.50","set-ustu-mutfak","mutfak-aksesuar","1142","oztiryakiler-endustriyel-mutfak__9740-cod21-50","isim"
"sepet-basket","Öztiryakiler Endüstriyel Mutfak","MAKARNA FRITÖZ SEPETİ 13*13*20","0339.01313.01","0339.01313.01","pisirme","makarna-fritozu-sepeti","3921","oztiryakiler-endustriyel-mutfak__0339-01313-01","kategori"
"sepet-basket","Öztiryakiler Endüstriyel Mutfak","MAKARNA FRITÖZ SEPETİ 28*13*23H","0339.02813.01","0339.02813.01","set-ustu-mutfak","mutfak-aksesuar","6031","oztiryakiler-endustriyel-mutfak__0339-02813-01","isim"
"sepet-basket","Öztiryakiler Endüstriyel Mutfak","MAKARNA FRITÖZ SEPETİ 28*8*20H","0339.02808.01","0339.02808.01","pisirme","makarna-fritozu-sepeti","4284","oztiryakiler-endustriyel-mutfak__0339-02808-01","kategori"
"sepet-basket","Öztiryakiler Endüstriyel Mutfak","TABAK BASKETI","8740.0TB50.00","8740.0TB50.00","set-ustu-mutfak","mutfak-aksesuar","666","oztiryakiler-endustriyel-mutfak__8740-0tb50-00","isim"
"sepet-basket","Öztiryakiler Endüstriyel Mutfak","TEPSI BASKETI","8740.00009.00","8740.00009.00","set-ustu-mutfak","mutfak-aksesuar","816","oztiryakiler-endustriyel-mutfak__8740-00009-00","isim"
"stand-opsiyon","Electrolux Professional","Pişirme Aksesuarları 6 ve 10xGN1/1 fırınlar için açık tip alt stand","922612","922612","dolap","kurulum-cozumleri-alt-dolaplar-ve-destekler","48417","electrolux-professional__922612","isim"
"stand-opsiyon","Electrolux Professional","Pişirme Aksesuarları 6 ve 10xGN1/1 fırınlar için açık tip alt stand","922613","922613","dolap","kurulum-cozumleri-alt-dolaplar-ve-destekler","63143","electrolux-professional__922613","isim"
"stand-opsiyon","İnoksan","İNOKSAN ALT STAND, 1 MODÜL","7GA20","INO-7GA20","pisirme","ekipmanlar","21225","inoksan__ino-7ga20","isim"
"stand-opsiyon","İnoksan","İNOKSAN ALT STAND, 1,5 MODÜL","7GA30","INO-7GA30","pisirme","ekipmanlar","25768","inoksan__ino-7ga30","isim"
"stand-opsiyon","İnoksan","İNOKSAN ALT STAND, 1/2 MODÜL","7GA10","INO-7GA10","pisirme","ekipmanlar","19595","inoksan__ino-7ga10","isim"
"stand-opsiyon","İnoksan","İNOKSAN ALT STAND, 2 MODÜL","7GA40","INO-7GA40","pisirme","ekipmanlar","27336","inoksan__ino-7ga40","isim"
"su-yikama-yedek","Öztiryakiler Endüstriyel Mutfak","BYM YIKAMA KOLU GRUBU KOMPLE (BASKILI METAL - PASLANMAZ)","2710.00033.33","2710.00033.33","set-ustu-mutfak","mutfak-aksesuar","3751","oztiryakiler-endustriyel-mutfak__2710-00033-33","isim"
"su-yikama-yedek","Öztiryakiler Endüstriyel Mutfak","DUS SPREY UNITESI  TEZGAHA MONTE MT001","8760.MT001.00","8760.MT001.00","set-ustu-mutfak","mutfak-aksesuar","9212","oztiryakiler-endustriyel-mutfak__8760-mt001-00","isim"
"su-yikama-yedek","Öztiryakiler Endüstriyel Mutfak","DUS SPREY UNITESI DUVARA MONTE ARA MUSLUKLU MT004","8760.MT004.00","8760.MT004.00","set-ustu-mutfak","mutfak-aksesuar","10496","oztiryakiler-endustriyel-mutfak__8760-mt004-00","isim"
"su-yikama-yedek","Öztiryakiler Endüstriyel Mutfak","DUS SPREY UNITESI DUVARA MONTE MT003","8760.MT003.00","8760.MT003.00","set-ustu-mutfak","mutfak-aksesuar","9212","oztiryakiler-endustriyel-mutfak__8760-mt003-00","isim"
"su-yikama-yedek","Öztiryakiler Endüstriyel Mutfak","DUS SPREY UNITESI MINI BOY  TEZGAHA MONTE ARA MUSLUKLU  MT006","8760.MT006.00","8760.MT006.00","set-ustu-mutfak","mutfak-aksesuar","10496","oztiryakiler-endustriyel-mutfak__8760-mt006-00","isim"
"su-yikama-yedek","Öztiryakiler Endüstriyel Mutfak","DUS SPREY UNITESI MINI BOY  TEZGAHA MONTE MT005","8760.MT005.00","8760.MT005.00","set-ustu-mutfak","mutfak-aksesuar","9212","oztiryakiler-endustriyel-mutfak__8760-mt005-00","isim"
"su-yikama-yedek","Öztiryakiler Endüstriyel Mutfak","DUS SPREY UNITESI MT002 TEZGAHA MONTE ARA MUSLUKLU","8760.MT002.00","8760.MT002.00","set-ustu-mutfak","mutfak-aksesuar","10496","oztiryakiler-endustriyel-mutfak__8760-mt002-00","isim"
"su-yikama-yedek","Öztiryakiler Endüstriyel Mutfak","GERI TOPLAMA ON YIKAMA DUSU 10 MT","8760.0CCGT.10","8760.0CCGT.10","set-ustu-mutfak","mutfak-aksesuar","41631","oztiryakiler-endustriyel-mutfak__8760-0ccgt-10","isim"
"su-yikama-yedek","Öztiryakiler Endüstriyel Mutfak","GERI TOPLAMA ON YIKAMA DUSU 15 MT","8760.0CCGT.15","8760.0CCGT.15","set-ustu-mutfak","mutfak-aksesuar","47812","oztiryakiler-endustriyel-mutfak__8760-0ccgt-15","isim"
"su-yikama-yedek","Öztiryakiler Endüstriyel Mutfak","GERI TOPLAMA ON YIKAMA DUSU 6 MT","8760.0CCGT.06","8760.0CCGT.06","set-ustu-mutfak","mutfak-aksesuar","36150","oztiryakiler-endustriyel-mutfak__8760-0ccgt-06","isim"