sira;model;sku;site_tl;oneri_tl;tl_fark;site_liste_eur;oneri_liste_eur;pdf_liste_eur;mut_liste_eur;pdf_page_order;desc_vs_specs;durum
1;DVF-01;118.DVF-01;1382;1382;0;43;43;1000;43;0;0;ok, pdf_mut_catisma, pdf_yuksek
2;BL-25;118.BL25;8679;8679;0;270;270;270;348.3;0;0;ok, pdf_mut_catisma, pdf_dusuk
3;BL-25C;118.BL25C;13500;13500;0;420;420;420;541.8;0;0;ok, pdf_mut_catisma, pdf_dusuk
4;BL-25L-35;118.BL25L35;9322;9322;0;290;290;290;374.1;0;0;ok, pdf_mut_catisma, pdf_dusuk
5;BL-25L-35C;118.BL25L35C;14143;14143;0;440;440;440;567.6;0;0;ok, pdf_mut_catisma, pdf_dusuk
6;BL-40;118.BL40;12857;12857;0;400;400;400;516;0;0;ok, pdf_mut_catisma, pdf_dusuk
7;BL-40C;118.BL40C;13500;13500;0;420;420;420;709.5;0;1;ok, desc_specs_fark, pdf_mut_catisma, pdf_dusuk
8;BL-40L-50;118.BL40L50;9322;9322;0;290;290;290;548.25;0;1;ok, desc_specs_fark, pdf_mut_catisma, pdf_dusuk
9;BL-40L-50C;118.BL40L50C;14143;14143;0;440;440;440;741.75;0;1;ok, desc_specs_fark, pdf_mut_catisma, pdf_dusuk
10;BL-40L-60;118.BL40L60;7232;7232;0;225;225;225;580.5;0;1;ok, desc_specs_fark, pdf_mut_catisma, pdf_dusuk
11;BL-40L-60C;118.BL40L60C;8036;8036;0;250;250;250;774;0;1;ok, desc_specs_fark, pdf_mut_catisma, pdf_dusuk
12;BS-01;118.BS.01;9643;9643;0;300;300;300;387;0;0;ok, pdf_mut_catisma, pdf_dusuk
13;EMH-15;118.EMH15;29025;29025;0;903;903;;903;0;0;ok, mutbex_only
14;DY-01;118.DY.01;208931;208931;0;6500;6500;6500;8385;0;0;ok, pdf_mut_catisma, pdf_dusuk
15;DY-02;118.DY.02;385719;385719;0;12000;12000;12000;15480;0;0;ok, pdf_mut_catisma, pdf_dusuk
16;DY-04;118.DY.04;642865;642865;0;20000;20000;20000;25800;0;0;ok, pdf_mut_catisma, pdf_dusuk
17;GGM;118.GGM;68417;68417;0;2128.5;2128.5;;2128.5;0;0;ok, mutbex_only
18;GGM-M-20;118.GGM.M20;35358;35358;0;1100;1100;1100;2386.5;0;0;ok, pdf_mut_catisma, pdf_dusuk
19;GGM-M-30;118.GGM.M30;41786;41786;0;1300;1300;1300;3031.5;0;0;ok, pdf_mut_catisma, pdf_dusuk
20;MS-10;118.MS10;27322;27322;0;850;850;850;1096.5;0;0;ok, pdf_mut_catisma, pdf_dusuk
21;AAMH-300;118.AAMH300;78783;78783;0;2451;2451;;2451;0;0;ok, mutbex_only
22;VM-01;286.VM01;9643;9643;0;300;300;300;387;0;0;ok, pdf_mut_catisma, pdf_dusuk
23;SFT-01;118.SFT.01;32143;32143;0;1000;1000;1000;1290;0;0;ok, pdf_mut_catisma, pdf_dusuk
24;SFT-02-PRO;118.SFT.02.Pro;144645;144645;0;4500;4500;4500;5805;0;0;ok, pdf_mut_catisma, pdf_dusuk
25;SFT-03-PRO;118.SFT.03.Pro;151073;151073;0;4700;4700;4700;6063;0;0;ok, pdf_mut_catisma, pdf_dusuk
26;SEMG-16K;118.SEMG.16K;145127;145127;0;4515;4515;;4515;0;0;ok, mutbex_only
27;MS-07;118.MS07;24107;24107;0;750;750;750;967.5;0;0;ok, pdf_mut_catisma, pdf_dusuk
28;STRC;118.STRC;7464;7464;0;232.2;232.2;;232.2;0;0;ok, mutbex_only
29;WM-2;WM-2;57858;57858;0;1800;1800;1800;;0;0;ok, pdf_only
30;VM-3;VM-3;77144;77144;0;2400;2400;2400;;0;0;ok, pdf_only
31;40-LB;118.40.LB;29025;29025;0;903;903;;903;0;0;ok, mutbex_only
32;40-LK-AS;118.40.LK.AS;6107;6107;0;190;190;190;1548;0;1;ok, desc_specs_fark, pdf_mut_catisma, pdf_dusuk
33;40-LK;118.40.LK;38572;38572;0;1200;1200;1200;1032;0;1;ok, desc_specs_fark
34; IC-80A;118. IC80A;22500;22500;0;700;700;700;903;0;0;ok, pdf_mut_catisma, pdf_dusuk
35;BZ-12;118.BZ12;11610;11610;0;361.2;361.2;;361.2;0;0;ok, mutbex_only
36;BZ-20;118.BZ20;29025;29025;0;903;903;;903;0;0;ok, mutbex_only
37;CKA;118.CKA;105735;105735;0;3289.5;3289.5;;3289.5;0;0;ok, mutbex_only
38;DS-01;118.DS.01;6107;6107;0;190;190;190;245.1;0;0;ok, pdf_mut_catisma, pdf_dusuk
39;KM-01;118.KM01;12857;12857;0;400;400;400;516;0;0;ok, pdf_mut_catisma, pdf_dusuk
40;KMP-01;118.KMP.01;16586;16586;0;516;516;;516;0;0;ok, mutbex_only
41;KRS-105;118.KRS.105;1493;1493;0;46.44;46.44;;46.44;0;0;ok, mutbex_only
42;PS-01;118.PS.01;12439;12439;0;387;387;;387;0;0;ok, mutbex_only
43;KA-18;118.KA18;60429;60429;0;1880;1880;1880;2425.2;0;0;ok, pdf_mut_catisma, pdf_dusuk
44;KA-30;118.KA30;57858;57858;0;1800;1800;1800;2322;0;0;ok, pdf_mut_catisma, pdf_dusuk
45;SLS-01;118.SLS.01;51429;51429;0;1600;1600;1600;2064;0;0;ok, pdf_mut_catisma, pdf_dusuk
46;SLS-02;118.SLS.02;67501;67501;0;2100;2100;2100;2709;1;0;ok, pdf_page_order, pdf_mut_catisma, pdf_dusuk
47;SLS-03;118.SLS.03;90001;90001;0;2800;2800;2800;3612;0;0;ok, pdf_mut_catisma, pdf_dusuk
48;SRB-12;118.SRB12;19286;19286;0;600;600;600;774;1;0;ok, pdf_page_order, pdf_mut_catisma, pdf_dusuk
49;SRB-15;118.SRB.15;14464;14464;0;450;450;450;580.5;0;0;ok, pdf_mut_catisma, pdf_dusuk
50;SRB-15X-2;118.SRB.15X2;35358;35358;0;1100;1100;1100;903;0;0;ok, pdf_mut_catisma
51;SRB-15X-3;118.SRB.15X3;22500;22500;0;700;700;700;1419;1;0;ok, pdf_page_order, pdf_mut_catisma, pdf_dusuk
52;SRB-20;118.SRB20;22500;22500;0;700;700;700;903;1;0;ok, pdf_page_order, pdf_mut_catisma, pdf_dusuk
53;160LK;118.160LK;25715;25715;0;800;800;800;3612;0;1;ok, desc_specs_fark, pdf_mut_catisma, pdf_dusuk
54;300LK;118.300LK;167145;167145;0;5200;5200;5200;5934;0;1;ok, desc_specs_fark
55;400LK;118.400LK;183217;183217;0;5700;5700;5700;6708;0;1;ok, desc_specs_fark, pdf_dusuk
56;500-LK;118.500.LK;183217;183217;0;5700;5700;5700;7353;0;0;ok, pdf_mut_catisma, pdf_dusuk
57;80LK;118.80LK;45001;45001;0;1400;1400;1400;1419;0;1;ok, desc_specs_fark
58;80LK-AS;118.80LK.AS;17679;17679;0;550;550;550;1806;0;1;ok, desc_specs_fark, pdf_mut_catisma, pdf_dusuk
59;LT-12;118.LT.12;10159;10159;0;316.05;316.05;;316.05;0;0;ok, mutbex_only
60;LT-16;118.LT.16;11610;11610;0;361.2;361.2;;361.2;0;0;ok, mutbex_only
61;LT-8;118.LT.8;8293;8293;0;258;258;;258;0;0;ok, mutbex_only
62;BBL-02;118.BBL.02;20732;20732;0;645;645;;645;0;0;ok, mutbex_only
63;CMVA-1;118.CMVA1;17415;17415;0;541.8;541.8;;541.8;0;0;ok, mutbex_only
64;COFFEDIO;118.COFFEDIO;16586;16586;0;516;516;;516;0;0;ok, mutbex_only
65;KKM-01;118.KKM.01;57858;57858;0;1800;1800;1800;2322;0;0;ok, pdf_mut_catisma, pdf_dusuk
66;HC-600;118.HC.600;50587;50587;0;1573.8;1573.8;;1573.8;0;0;ok, mutbex_only
67;TITAN-LL;118.TITAN.ll;32343;32343;0;1006.2;1006.2;;1006.2;0;0;ok, mutbex_only
68;KRS-009;118.KRS009;579;579;0;18;18;18;23.22;0;0;ok, pdf_mut_catisma, pdf_dusuk
69;SNX-25-G;118.SNX.25.G;10607;10607;0;330;330;330;425.7;0;0;ok, pdf_mut_catisma, pdf_dusuk
70;SNX-25-B;118.SNX.25.B;9643;9643;0;300;300;300;425.7;0;0;ok, pdf_mut_catisma, pdf_dusuk
71;SNX-25-C;118.SNX.25.C;9643;9643;0;300;300;300;425.7;0;0;ok, pdf_mut_catisma, pdf_dusuk
72;SNX-17-S;118.SNX17.S;9643;9643;0;300;300;300;387;1;0;ok, pdf_page_order, pdf_mut_catisma, pdf_dusuk
73;SNX-25-S;118.SNX25.S;9643;9643;0;300;300;300;425.7;0;0;ok, pdf_mut_catisma, pdf_dusuk
74;BNA-027;118.BNA027;2488;2488;0;77.4;77.4;;77.4;0;0;ok, mutbex_only
75;BNA-028;118.BNA028;5390;5390;0;167.7;167.7;;167.7;0;0;ok, mutbex_only
76;SLD-03;118.SLD.03;57858;57858;0;1800;1800;1800;2322;0;0;ok, pdf_mut_catisma, pdf_dusuk
77;SLD-04;118.SLD.04;64287;64287;0;2000;2000;2000;2580;0;0;ok, pdf_mut_catisma, pdf_dusuk
78;SNX-17-G;118.SNX.17.G;9643;9643;0;300;300;300;387;0;0;ok, pdf_mut_catisma, pdf_dusuk
79;SNX-17-B;118.SNX.17.B;9643;9643;0;300;300;300;387;0;0;ok, pdf_mut_catisma, pdf_dusuk
80;SNX-17-C;118.SNX.17.C;9643;9643;0;300;300;300;387;0;0;ok, pdf_mut_catisma, pdf_dusuk
81;KASA;118.KASA;3857;3857;0;120;120;120;154.8;0;0;ok, pdf_mut_catisma, pdf_dusuk
82;8060-MCC;118.8060.MCC;55977;55977;0;1741.5;1741.5;;1741.5;0;0;ok, mutbex_only
83;8060-PPNC;118.8060.PPNC;62197;62197;0;1935;1935;;1935;0;0;ok, mutbex_only
84;HIJYENB-TF;118.HIJYENB.TF;414648;414648;0;12900;12900;;12900;0;0;ok, mutbex_only
85;HIJYENB;118.HIJYENB;373183;373183;0;11610;11610;;11610;0;0;ok, mutbex_only
86;YSO-100;118.YSO.100;6429;6429;0;200;200;200;258;0;0;ok, pdf_mut_catisma, pdf_dusuk
87;YSO-200;118.YSO.200;8036;8036;0;250;250;250;322.5;0;0;ok, pdf_mut_catisma, pdf_dusuk
88;MC-25;118.MC25;12857;12857;0;400;400;400;412.8;0;0;ok
89;MC-30;118.MC30;10286;10286;0;320;320;320;516;1;0;ok, pdf_page_order, pdf_mut_catisma, pdf_dusuk
90;SNX-12R;118.SNX12R;73929;73929;0;2300;2300;2300;2967;0;0;ok, pdf_mut_catisma, pdf_dusuk
91;SBC-250;118.SBC.250;45001;45001;0;1400;1400;1400;1741.5;0;0;ok, pdf_mut_catisma, pdf_dusuk
92;BBC-250;118.BBC.250;40179;40179;0;1250;1250;1250;1612.5;0;1;ok, desc_specs_fark, pdf_mut_catisma, pdf_dusuk
93;SBCS-350;118.SBCS.350;54644;54644;0;1700;1700;1700;2193;0;0;ok, pdf_mut_catisma, pdf_dusuk
94;SBCS-250;118.SBCS.250;46985;46985;0;1461.74;1400;1400;1806;0;0;ok, pdf_mut_catisma, pdf_dusuk
95;BBCS-250;118.BBCS.250;40179;40179;0;1250;1250;1250;1677;0;1;ok, desc_specs_fark, pdf_mut_catisma, pdf_dusuk
96;BBC-350;118.BBC.350;48215;48215;0;1500;1500;1500;1935;0;1;ok, desc_specs_fark, pdf_mut_catisma, pdf_dusuk
97;SBC-350;118.SBC.350;54644;54644;0;1700;1700;1700;2128.5;0;0;ok, pdf_mut_catisma, pdf_dusuk
98;SDS-1510-DC-3CF;118.SDS1510.DC3CF;136834;136834;0;4257;4257;;4257;0;0;ok, mutbex_only
99;SDS-1510-DC-3YF;118.SDS1510.DC3YF;96430;96430;0;3000;3000;3000;3870;0;0;ok, pdf_mut_catisma, pdf_dusuk
100;BBCS-350;118.BBCS.350;48215;48215;0;1500;1500;1500;2064;0;1;ok, desc_specs_fark, pdf_mut_catisma, pdf_dusuk
101;300-COMBİ;118.300.COMBİ;76710;76710;0;2386.5;2386.5;;2386.5;0;0;ok, mutbex_only
102;SYD-310;118.SYD310;41786;41786;0;1300;1300;1300;1677;0;1;ok, desc_specs_fark, pdf_mut_catisma, pdf_dusuk
103;SYD-410;118.SYD410;48215;48215;0;1500;1500;1500;1935;0;1;ok, desc_specs_fark, pdf_mut_catisma, pdf_dusuk
104;7301-S;118.7301.S;35245;35245;0;1096.5;1096.5;;1096.5;0;0;ok, mutbex_only
105;SYD-510;118.SYD510;51429;51429;0;1600;1600;1600;2064;0;1;ok, desc_specs_fark, pdf_mut_catisma, pdf_dusuk
106;ADA-150T;118.ADA.150T;96430;96430;0;3000;3000;3000;7740;0;0;ok, pdf_mut_catisma, pdf_dusuk
107;ADA-180T;118.ADA.180T;112501;112501;0;3500;3500;3500;9030;0;0;ok, pdf_mut_catisma, pdf_dusuk
108;ADA-210T;118.ADA.210T;331718;331718;0;10320;10320;;10320;0;0;ok, mutbex_only
109;BLK-01-110;118.BLK01.110;132687;132687;0;4128;4128;;4128;0;0;ok, mutbex_only
110;BLK-01-90;118.BLK01.90;126468;126468;0;3934.5;3934.5;;3934.5;0;0;ok, mutbex_only
111;DF-200;118.DF200;24879;24879;0;774;774;;774;0;0;ok, mutbex_only
112;DF-300;118.DF300;26952;26952;0;838.5;838.5;;838.5;0;0;ok, mutbex_only
113;DF-400;118.DF400;31099;31099;0;967.5;967.5;;967.5;0;0;ok, mutbex_only
114;DF-500;118.DF500;33172;33172;0;1032;1032;;1032;0;0;ok, mutbex_only
115;DF-600;118.DF600;45611;45611;0;1419;1419;;1419;0;0;ok, mutbex_only
116;DF-500K;118.DF500K;45611;45611;0;1419;1419;;1419;0;0;ok, mutbex_only
117;DF-600K;118.DF600K;55977;55977;0;1741.5;1741.5;;1741.5;0;0;ok, mutbex_only
118;SNX-35SC;118.SNX.35SC;9643;9643;0;300;300;300;387;0;0;ok, pdf_mut_catisma, pdf_dusuk
119;CKM-120T;118.CKM.120T;290254;290254;0;9030;9030;;9030;0;0;ok, mutbex_only
120;CKM-150T;118.CKM.150T;352451;352451;0;10965;10965;;10965;0;0;ok, mutbex_only
121;CKM-180T;118.CKM.180T;414648;414648;0;12900;12900;;12900;0;0;ok, mutbex_only
122;CEK-3GN-11;118.CEK.3GN11;62197;62197;0;1935;1935;;1935;0;0;ok, mutbex_only
123;SDS-1010-DC-2CF-B;118.SDS1010.DC2CF.B;82930;82930;0;2580;2580;;2580;0;0;ok, mutbex_only
124;SDS-1010-SC-2CF-B;118.SDS1010.SC2CF.B;82930;82930;0;2580;2580;;2580;0;0;ok, mutbex_only
125;SDS-1010-DC-2CF-S;118.SDS1010.DC2CF.S;93296;93296;0;2902.5;2902.5;;2902.5;0;0;ok, mutbex_only
126;SDS-1010-SC-2CF-S;118.SDS1010.SC2CF.S;93296;93296;0;2902.5;2902.5;;2902.5;0;0;ok, mutbex_only
127;SDS-1010-SC-2YF-B;118.SDS1010.SC2YF.B;82930;82930;0;2580;2580;;2580;0;0;ok, mutbex_only
128;SDS-1010-DC-2YF-S;118.SDS1010.DC2YF.S;93296;93296;0;2902.5;2902.5;;2902.5;0;0;ok, mutbex_only
129;SDS-1010-SC-2YF-S;118.SDS1010.SC2YF.S;93296;93296;0;2902.5;2902.5;;2902.5;0;0;ok, mutbex_only
130;SDS-770-DC-2DF;118.SDS770.DC2DF;95369;95369;0;2967;2967;;2967;0;0;ok, mutbex_only
131;WF-377;118.WF377;78783;78783;0;2451;2451;;2451;0;0;ok, mutbex_only
132;SSC-1500;118.SSC.1500;145127;145127;0;4515;4515;;4515;0;0;ok, mutbex_only
133;KSC-458;118.KSC.458;82930;82930;0;2580;2580;;2580;0;0;ok, mutbex_only
134;KSC-293;118.KSC.293;51831;51831;0;1612.5;1612.5;;1612.5;0;0;ok, mutbex_only
135;SSC-1600;118.SSC.1600;153420;153420;0;4773;4773;;4773;0;0;ok, mutbex_only
136;SSC-375;118.SSC.375;45611;45611;0;1419;1419;;1419;0;0;ok, mutbex_only
137;KSC-390;118.KSC.390;45611;45611;0;1419;1419;;1419;0;0;ok, mutbex_only
138;SSC-510;118.SSC.510;51831;51831;0;1612.5;1612.5;;1612.5;0;0;ok, mutbex_only
139;SSC-900;118.SSC.900;97442;97442;0;3031.5;3031.5;;3031.5;0;0;ok, mutbex_only
140;DP-250;118.DP.250;124394;124394;0;3870;3870;;3870;0;0;ok, mutbex_only
141;DP-270;118.DP.270;99516;99516;0;3096;3096;;3096;0;0;ok, mutbex_only
142;DP-360;118.DP.360;207324;207324;0;6450;6450;;6450;0;0;ok, mutbex_only
143;DP-600;118.DP.600;186592;186592;0;5805;5805;;5805;0;0;ok, mutbex_only
144;DP-66;118.DP.66;62197;62197;0;1935;1935;;1935;0;0;ok, mutbex_only
145;DP-98;118.DP.98;373183;373183;0;11610;11610;;11610;0;0;ok, mutbex_only
146;VN-25HA;118.VN25HA;14098;14098;0;438.6;438.6;1400;438.6;0;0;ok, pdf_mut_catisma, pdf_yuksek
147;VN-25RO;118.VN25RO;17679;17679;0;550;550;550;709.5;0;0;ok, pdf_mut_catisma, pdf_dusuk
148;WD-737;118.WD737;25715;25715;0;800;800;800;1032;0;0;ok, pdf_mut_catisma, pdf_dusuk
149;DT-100;118.DT.100;51429;51429;0;1600;1600;1600;2064;0;0;ok, pdf_mut_catisma, pdf_dusuk
150;DT-200;118.DT.200;57858;57858;0;1800;1800;1800;2322;0;0;ok, pdf_mut_catisma, pdf_dusuk
151;DT-600;118.DT.600;321433;321433;0;10000;10000;10000;12900;0;0;ok, pdf_mut_catisma, pdf_dusuk
152;DT-12;118.DT.12;450006;450006;0;14000;14000;14000;18060;0;0;ok, pdf_mut_catisma, pdf_dusuk
153;DT-13;118.DT.13;450006;450006;0;14000;14000;14000;18060;0;0;ok, pdf_mut_catisma, pdf_dusuk
154;DT-18;118.DT.18;578579;578579;0;18000;18000;18000;23220;0;1;ok, desc_specs_fark, pdf_mut_catisma, pdf_dusuk
155;DT-24;118.DT.24;707152;707152;0;22000;22000;22000;28380;0;0;ok, pdf_mut_catisma, pdf_dusuk
156;DT-6;118.DT.6;160716;160716;0;5000;5000;5000;6450;0;1;ok, desc_specs_fark, pdf_mut_catisma, pdf_dusuk
157;DT-8;118.DT.8;192860;192860;0;6000;6000;6000;7740;0;0;ok, pdf_mut_catisma, pdf_dusuk
158;DT-9;118.DT.9;321433;321433;0;10000;10000;10000;12900;0;0;ok, pdf_mut_catisma, pdf_dusuk
159;7301-G;118.7301.G;35245;35245;0;1096.5;1096.5;;1096.5;0;0;ok, mutbex_only
160;ICT-130;118.ICT.130;186592;186592;0;5805;5805;;5805;0;0;ok, mutbex_only
161;SSC-900K;118.SSC.900K;97442;97442;0;3031.5;3031.5;;3031.5;0;0;ok, mutbex_only
162;S-900K;118.S.900K;87076;87076;0;2709;2709;;2709;0;0;ok, mutbex_only
163;KO-120T;118.KO.120T;180002;180002;0;5600;5600;5600;7224;0;0;ok, pdf_mut_catisma, pdf_dusuk
164;KO-150T;118.KO.150T;257146;257146;0;8000;8000;8000;8514;0;0;ok
165;KO-180T;118.KO.180T;331718;331718;0;10320;10320;;10320;0;0;ok, mutbex_only
166;KOE-150T;118.KOE.150T;212146;212146;0;6600;6600;6600;8514;0;0;ok, pdf_mut_catisma, pdf_dusuk
167;KOE-180T;118.KOE.180T;257146;257146;0;8000;8000;8000;10320;0;0;ok, pdf_mut_catisma, pdf_dusuk
168;MT-123;118.MT.123;124394;124394;0;3870;3870;;3870;0;0;ok, mutbex_only
169;MT-153;118.MT.153;112501;112501;0;3500;3500;3500;4515;0;0;ok, pdf_mut_catisma, pdf_dusuk
170;MT-213;118.MT.213;228056;228056;0;7095;7095;;7095;0;0;ok, mutbex_only
171;NRGZ-100;118.NRGZ100;41465;41465;0;1290;1290;;1290;0;0;ok, mutbex_only
172;PD-400;118.PD400;87076;87076;0;2709;2709;;2709;0;0;ok, mutbex_only
173;PD-400D;118.PD400D;95369;95369;0;2967;2967;;2967;0;0;ok, mutbex_only
174;PST-150T;118.PST.150T;248789;248789;0;7740;7740;;7740;0;0;ok, mutbex_only
175;PST-200T;118.PST.200T;290254;290254;0;9030;9030;;9030;0;0;ok, mutbex_only
176;WN-180;118.WN.180;45611;45611;0;1419;1419;;1419;0;0;ok, mutbex_only
177;WN-375S;118.WN375S;64270;64270;0;1999.5;1999.5;;1999.5;0;0;ok, mutbex_only
178;WN-385;118.WN385;70490;70490;0;2193;2193;;2193;0;0;ok, mutbex_only
179;SRDNY-215;118.SRDNY215;74637;74637;0;2322;2322;;2322;0;0;ok, mutbex_only
180;SDS-265-DC-1-CF-P;118.SDS.265.DC.1.CF.P;49758;49758;0;1548;1548;;1548;0;0;ok, mutbex_only
181;SDS-265-DC-1-CF;118.SDS.265.DC.1.CF;41465;41465;0;1290;1290;;1290;0;0;ok, mutbex_only
182;SDS-385-DC-1YWP;118.SDS385.DC1YWP;64270;64270;0;1999.5;1999.5;;1999.5;0;0;ok, mutbex_only
183;SDS-710-DC;118.SDS.710.DC;60124;60124;0;1870.5;1870.5;;1870.5;0;0;ok, mutbex_only
184;SET-67P;118.SET.67P;41786;41786;0;1300;1300;1300;1677;0;0;ok, pdf_mut_catisma, pdf_dusuk
185;SET-85P;118.SET.85P;45001;45001;0;1400;1400;1400;1806;0;0;ok, pdf_mut_catisma, pdf_dusuk
186;SET-E-120S;118.SET.E.120S;82930;82930;0;2580;2580;;2580;0;0;ok, mutbex_only
187;SET-E-90C;118.SET.E.90C;64270;64270;0;1999.5;1999.5;;1999.5;0;0;ok, mutbex_only
188;SET-E-90S;118.SET.E.90S;62197;62197;0;1935;1935;;1935;0;0;ok, mutbex_only
189;SET-E-75S;118.SET.E.75S;58051;58051;0;1806;1806;;1806;0;0;ok, mutbex_only
190;SET-P-90C;118.SET.P.90C;58051;58051;0;1806;1806;;1806;0;0;ok, mutbex_only
191;SET-P-90S;118.SET.P.90S;72563;72563;0;2257.5;2257.5;;2257.5;0;0;ok, mutbex_only
192;SET-P-75C;118.SET.P.75C;53904;53904;0;1677;1677;;1677;0;0;ok, mutbex_only
193;SMF-5120-ST;118.SMF.5120.ST;33172;33172;0;1032;1032;;1032;0;0;ok, mutbex_only
194;SMR-5120-ST;118.SMR.5120.ST;20732;20732;0;645;645;;645;0;0;ok, mutbex_only
195;7300A;118.7300A;31099;31099;0;967.5;967.5;;967.5;0;0;ok, mutbex_only
196;WN-150;118.WN.150;43393;43393;0;1350;1350;1350;1741.5;0;0;ok, pdf_mut_catisma, pdf_dusuk
197;WN-250;118.WN.250;46608;46608;0;1450;1450;1450;1870.5;0;1;ok, desc_specs_fark, pdf_mut_catisma, pdf_dusuk
198;WN-350;118.WN.350;54644;54644;0;1700;1700;1700;2193;0;0;ok, pdf_mut_catisma, pdf_dusuk
199;WN-770;118.WN.770;86787;86787;0;2700;2700;2700;3483;1;0;ok, pdf_page_order, pdf_mut_catisma, pdf_dusuk
200;BBC-150;118.BBC.150;35358;35358;0;1100;1100;1100;1419;0;0;ok, pdf_mut_catisma, pdf_dusuk
201;SBC-150;118.SBC.150;38572;38572;0;1200;1200;1200;1548;0;0;ok, pdf_mut_catisma, pdf_dusuk
202;SDS-385-DCPF;118.SDS385.DCPF;41465;41465;0;1290;1290;;1290;0;0;ok, mutbex_only
203;WN-400;118.WN.400;109287;109287;0;3400;3400;3400;4386;0;0;ok, pdf_mut_catisma, pdf_dusuk
204;WN-1010;118.WN.1010;86787;86787;0;2700;2700;2700;3483;1;0;ok, pdf_page_order, pdf_mut_catisma, pdf_dusuk
205;SC-900-K;118.SC900.K;138216;138216;0;4300;4300;;4300;0;0;ok, mutbex_only
206;DM-02;118.DM.02;6429;6429;0;200;200;200;258;0;0;ok, pdf_mut_catisma, pdf_dusuk
207;DBE-02;118.DBE.02;9643;9643;0;300;300;300;387;0;0;ok, pdf_mut_catisma, pdf_dusuk
208;DBE-01;118.DBE.01;8036;8036;0;250;250;250;322.5;0;0;ok, pdf_mut_catisma, pdf_dusuk
209;DM-01;118.DM.01;5786;5786;0;180;180;180;232.2;0;0;ok, pdf_mut_catisma, pdf_dusuk
210;HT-10;118.HT.10;32143;32143;0;1000;1000;1000;1290;0;0;ok, pdf_mut_catisma, pdf_dusuk
211;HT-12;118.HT.12;35358;35358;0;1100;1100;1100;1419;0;0;ok, pdf_mut_catisma, pdf_dusuk
212;HT-15;118.HT.15;38572;38572;0;1200;1200;1200;1548;0;0;ok, pdf_mut_catisma, pdf_dusuk
213;TM-01;118.TM.01;5786;5786;0;180;180;180;232.2;0;0;ok, pdf_mut_catisma, pdf_dusuk
214;T-02;118.T.02;6429;6429;0;200;200;200;227.9;0;0;ok