model;sku;name;liste_eur;satis_eur;fiyat_tl;kaynak;id;dept;group
300-COMBİ;118.300.COMBİ;"Senox 300 Combi Bar Tipi Soğutucu Dolap, 145 L,";2386.5;1288.71;86248;senox-mutbex-liste;senox__senox-300-combi;sogutma.json;mutbex-only
40-LB;118.40.LB;"Senox 40 LB Su Sebili, Boyalı Galvaniz, 40 lt";903;487.62;32634;senox-mutbex-liste;senox__senox-40-lb;icecek.json;mutbex-only
7000.SILVER;7000.SILVER;"Senox 7000 Silver Statik Dik Tip Derin Dondurucu, 7 Çekmeceli, Gri";;;30033.48;cafemarkt-plp;senox__7000-silver;sogutma.json;other
7300A;118.7300A;"Senox Statik 7 Çekmeceli Derin Dondurucu, 7300A";967.5;522.45;34965;senox-mutbex-liste;senox__senox-7300a;sogutma.json;mutbex-only
7301-G;118.7301.G;"Senox Fanlık Soğutmalı 7 Çekmeceli Derin Dondurucu, Gri 7301";1096.5;592.11;39627;senox-mutbex-liste;senox__senox-7301-g;sogutma.json;mutbex-only
7301-S;118.7301.S;"Senox 7301 NF Fanlı Soğutmalı 7 Çekmeceli Derin Dondurucu, Siyah";1096.5;592.11;39627;senox-mutbex-liste;senox__senox-7301-s;sogutma.json;mutbex-only
8060-MCC;118.8060.MCC;"Senox Sıcak Teşhir Ünitesi, SNX8060 MCC";1741.5;940.41;62938;senox-mutbex-liste;senox__senox-8060-mcc;servis.json;mutbex-only
8060-PPNC;118.8060.PPNC;"Senox Sıcak Teşhir Ünitesi, SNX8060 PPNC";1935;1044.9;69931;senox-mutbex-liste;senox__senox-8060-ppnc;servis.json;mutbex-only
AAMH-300;118.AAMH300;"Senox Otomatik Gıda Dilimleme Makinesi, AAMH300";2451;1323.54;88579;senox-mutbex-liste;senox__senox-aamh-300;hazirlik.json;mutbex-only
ADA-210T;118.ADA.210T;"Senox ADA 210T Ada Tipi Soğuk Teşhir Dolabı, 210x90x92 cm";10320;5572.8;372964;senox-mutbex-liste;senox__senox-ada-210t;sogutma.json;mutbex-only
ADY.30;ADY.30;"Senox ADY-30 Set Üstü Köpüklü Ayran Makinesi, 30 L";;;83198.08;cafemarkt-plp;senox__ady-30;hazirlik.json;other
BBL-02;118.BBL.02;"Şenox BBL 02 Bar Blender";645;348.3;23310;senox-mutbex-liste;senox__senox-bbl-02;icecek.json;mutbex-only
BLK-01-110;118.BLK01.110;"Senox BLK01 Teşhir Reyonu, 110x80x80 cm";4128;2229.12;149186;senox-mutbex-liste;senox__senox-blk-01-110;sogutma.json;mutbex-only
BLK-01-90;118.BLK01.90;"Senox BLK01 Teşhir Reyonu, 90x80x80 cm";3934.5;2124.63;142193;senox-mutbex-liste;senox__senox-blk-01-90;sogutma.json;mutbex-only
BM.K;BM.K;"Senox Barmix Bar Mikseri, 1.2 L, Kırmızı";;;20337.31;cafemarkt-plp;senox__bm-k;hazirlik.json;other
BM.S;BM.S;"Senox Barmix Bar Mikseri, 1.2 L, Sarı";;;20337.31;cafemarkt-plp;senox__bm-s;hazirlik.json;other
BNA-027;118.BNA027;"Senox BNA 027 Mafsallı Makyaj Aynası";77.4;41.8;2797;senox-mutbex-liste;senox__senox-bna-027;servis.json;mutbex-only
BNA-028;118.BNA028;"Senox BNA 028 Mafsallı Makyaj Aynası, Led Işıklı";167.7;90.56;6061;senox-mutbex-liste;senox__senox-bna-028;servis.json;mutbex-only
BZ-20;118.BZ20;"Senox BZ20 Buz Makinesi, 15 kg/gün Kapasiteli";903;487.62;32634;senox-mutbex-liste;senox__senox-bz-20;icecek.json;mutbex-only
BZ15;BZ15;"Senox BZ15 Hazneli Parmak Buz Makinesi, 15 kg/gün Kapasiteli";;;24361.26;cafemarkt-plp;senox__bz15;sogutma.json;other
CEK-3GN-11;118.CEK.3GN11;"Senox Çekmeceli Sıcak Dolap, 3xGn 1/1";1935;1044.9;69931;senox-mutbex-liste;senox__senox-cek-3gn-11;sogutma.json;mutbex-only
CF.2220;CF.2220;"Senox CF 2220 Blok Kapaklı Sandık Tipi Derin Dondurucu, 200 L, Inox";;;24035;cafemarkt-plp;senox__cf-2220;sogutma.json;other
CF.3320;CF.3320;"Senox CF 3320 Blok Kapaklı Sandık Tipi Derin Dondurucu, 300 L, Inox";;;25883.85;cafemarkt-plp;senox__cf-3320;sogutma.json;other
CF.4420;CF.4420;"Senox CF 4420 Blok Kapaklı Sandık Tipi Derin Dondurucu, 400 L, Inox";;;29581.54;cafemarkt-plp;senox__cf-4420;sogutma.json;other
CF.4420.BYZ;CF.4420.BYZ;"Senox CF 4420 Blok Kapaklı Sandık Tipi Derin Dondurucu, 400 L, Beyaz";;;27732.7;cafemarkt-plp;senox__cf-4420-byz;sogutma.json;other
CF.5500;CF.5500;"Senox CF 5500 Blok Kapaklı Sandık Tipi Derin Dondurucu, 500 L, Inox";;;46221.15;cafemarkt-plp;senox__cf-5500;sogutma.json;other
CF.5500.BYZ;CF.5500.BYZ;"Senox CF 5500 Blok Kapaklı Sandık Tipi Derin Dondurucu, 500 L, Beyaz";;;29581.54;cafemarkt-plp;senox__cf-5500-byz;sogutma.json;other
CF.6550.BYZ;CF.6550.BYZ;"Senox CF 6550 Blok Kapaklı Sandık Tipi Derin Dondurucu, 650 L, Beyaz";;;59163.08;cafemarkt-plp;senox__cf-6550-byz;sogutma.json;other
CF.6600;CF.6600;"Senox CF 6600 Blok Kapaklı Sandık Tipi Derin Dondurucu, 600 L, Inox";;;55465.38;cafemarkt-plp;senox__cf-6600;sogutma.json;other
CF.6650;CF.6650;"Senox CF 6650 Blok Kapaklı Sandık Tipi Derin Dondurucu, 650 L, Inox";;;59163.08;cafemarkt-plp;senox__cf-6650;sogutma.json;other
CKA;118.CKA;"Senox Çatılı Köpüklü Ayran Makinesi, 40 lt";3289.5;1776.33;118882;senox-mutbex-liste;senox__senox-cka;icecek.json;mutbex-only
CKM-120T;118.CKM.120T;"Senox CKM 120T Çekmeceli Soğuk Teşhir Dolabı, 120x80x105,5 cm";9030;4876.2;326344;senox-mutbex-liste;senox__senox-ckm-120t;sogutma.json;mutbex-only
CKM-150T;118.CKM.150T;"Senox CKM 150T Çekmeceli Soğuk Teşhir Dolabı, 150x80x105,5 cm";10965;5921.1;396274;senox-mutbex-liste;senox__senox-ckm-150t;sogutma.json;mutbex-only
CKM-180T;118.CKM.180T;"Senox CKM 180T Çekmeceli Soğuk Teşhir Dolabı, 180x80x105,5 cm";12900;6966;466205;senox-mutbex-liste;senox__senox-ckm-180t;sogutma.json;mutbex-only
CMVA-1;118.CMVA1;"Senox CMVA1 2 Hızlı Kokteyl Mikseri, Paslanmaz Hazne";541.8;292.57;19580;senox-mutbex-liste;senox__senox-cmva-1;kahve.json;mutbex-only
COFFEDIO;118.COFFEDIO;"Senox Coffeedio Filtre Kahve Makinesi, 1,8 lt Cam Potlu";516;278.64;18648;senox-mutbex-liste;senox__senox-coffedio;kahve.json;mutbex-only
DF-200;118.DF200;"Senox Blok Kapılı Derin Dondurucu, 200L, DF 200";774;417.96;27972;senox-mutbex-liste;senox__senox-df-200;sogutma.json;mutbex-only
DF-300;118.DF300;"Senox Blok Kapılı Derin Dondurucu, 300L, DF 300";838.5;452.79;30303;senox-mutbex-liste;senox__senox-df-300;sogutma.json;mutbex-only
DF-400;118.DF400;"Senox Blok Kapılı Derin Dondurucu, 400L, DF 400";967.5;522.45;34965;senox-mutbex-liste;senox__senox-df-400;sogutma.json;mutbex-only
DF-500;118.DF500;"Senox Blok Kapılı Derin Dondurucu, 500L, DF 500";1032;557.28;37296;senox-mutbex-liste;senox__senox-df-500;sogutma.json;mutbex-only
DF-500K;118.DF500K;"Senox Blok Kapılı Derin Dondurucu, Krom , 500L, DF 500K";1419;766.26;51283;senox-mutbex-liste;senox__senox-df-500k;sogutma.json;mutbex-only
DF-600;118.DF600;"Senox Blok Kapılı Derin Dondurucu, 600L, DF 600";1419;766.26;51283;senox-mutbex-liste;senox__senox-df-600;sogutma.json;mutbex-only
DF-600K;118.DF600K;"Senox Blok Kapılı Derin Dondurucu, Krom , 600L, DF 600K";1741.5;940.41;62938;senox-mutbex-liste;senox__senox-df-600k;sogutma.json;mutbex-only
DP-250;118.DP.250;"Senox DP 250 Dik Tip Soğuk Pasta Teşhir Dolabı, 52,2x48,7x186 cm";3870;2089.8;139862;senox-mutbex-liste;senox__senox-dp-250;sogutma.json;mutbex-only
DP-270;118.DP.270;"Senox DP 270 Dik Tip Soğuk Pasta Teşhir Dolabı, 55,9x52,5x189,5 cm";3096;1671.84;111889;senox-mutbex-liste;senox__senox-dp-270;sogutma.json;mutbex-only
DP-360;118.DP.360;"Senox DP 360 Dik Soğuk Pasta Teşhir Dolabı, 68x68x1768,4 cm";6450;3483;233103;senox-mutbex-liste;senox__senox-dp-360;sogutma.json;mutbex-only
DP-600;118.DP.600;"Senox DP 600 Dik Tip Soğuk Pasta Teşhir Dolabı, 85,2x65,2x199 cm";5805;3134.7;209792;senox-mutbex-liste;senox__senox-dp-600;sogutma.json;mutbex-only
DP-66;118.DP.66;"Senox DP 66 Dik Tip Soğuk Pasta Teşhir Dolabı, 45x45x101,3 cm";1935;1044.9;69931;senox-mutbex-liste;senox__senox-dp-66;sogutma.json;mutbex-only
DP-98;118.DP.98;"Senox DP 98 Dik Tip Soğuk Pasta Teşhir Dolabı, 45,4x40,8x112 cm";11610;6269.4;419585;senox-mutbex-liste;senox__senox-dp-98;sogutma.json;mutbex-only
EMH-15;118.EMH15;"Senox Dondurma Makinesi, 1.5 L, EMH15";903;487.62;32634;senox-mutbex-liste;senox__senox-emh-15;hazirlik.json;mutbex-only
FLT120;FLT120;"Senox FLT120 Coffeedio Filtre Kahve Makinesi, 1.8 L";;;13920.72;cafemarkt-plp;senox__flt120;kahve.json;other
GGM;118.GGM;"Senox Et Kemik Testeresi, GGM";2128.5;1149.39;76924;senox-mutbex-liste;senox__senox-ggm;hazirlik.json;mutbex-only
HC-600;118.HC.600;"Senox Titan Kahve Değirmeni, HC 600";1573.8;849.85;56877;senox-mutbex-liste;senox__senox-hc-600;kahve.json;mutbex-only
HIJYENB;118.HIJYENB;"Senox Taban Fırçasız Hijyen Bariyeri";11610;6269.4;419585;senox-mutbex-liste;senox__senox-hijyenb;servis.json;mutbex-only
HIJYENB-TF;118.HIJYENB.TF;"Senox Taban Fırçalı Hijyen Bariyeri";12900;6966;466205;senox-mutbex-liste;senox__senox-hijyenb-tf;servis.json;mutbex-only
ICT-130;118.ICT.130;"Senox ICT 130 İçecek Teşhir Dolabı, 131x71x179,5 cm";5805;3134.7;209792;senox-mutbex-liste;senox__senox-ict-130;sogutma.json;mutbex-only
KA-18;118.KA18;"Senox Set Üstü Köpüklü Ayran Makinesi, 18 L, KA 18";2425.2;1309.61;87647;senox-mutbex-liste;senox__senox-ka-18;icecek.json;mutbex-only
KAM;KAM;"Senox Köpüklü Ayran Makinesi, 40 L";;;88744.62;cafemarkt-plp;senox__kam;hazirlik.json;other
KMP-01;118.KMP.01;"Senox KMP 01 Katı Meyve Sıkacağı";516;278.64;18648;senox-mutbex-liste;senox__senox-kmp-01;icecek.json;mutbex-only
KO-180T;118.KO.180T;"Senox KO 180T Kasa Önü Soğuk İçecek Dolabı, 180x84,5x154,8 cm";10320;5572.8;372964;senox-mutbex-liste;senox__senox-ko-180t;sogutma.json;mutbex-only
KRS-105;118.KRS.105;"Senox Lifetech Otel Tipi Çelik Kettle, 1,2 lt";46.44;25.08;1678;senox-mutbex-liste;senox__senox-krs-105;icecek.json;mutbex-only
KSC-293;118.KSC.293;"Senox Dik Tip Şişe Soğutucu Dolap, 293 L, KSC 293";1612.5;870.75;58276;senox-mutbex-liste;senox__senox-ksc-293;sogutma.json;mutbex-only
KSC-390;118.KSC.390;"Senox Dik Tip Şişe Soğutucu Dolap, 390 L, KSC 390";1419;766.26;51283;senox-mutbex-liste;senox__senox-ksc-390;sogutma.json;mutbex-only
KSC-458;118.KSC.458;"Senox Dik Tip Şişe Soğutucu Dolap, 2 Kapılı, 458 L, KSC 458";2580;1393.2;93241;senox-mutbex-liste;senox__senox-ksc-458;sogutma.json;mutbex-only
LT-12;118.LT.12;"Senox Su Yumuşatıcı Filtre, 12 L";316.05;170.67;11422;senox-mutbex-liste;senox__senox-lt-12;icecek.json;mutbex-only
LT-16;118.LT.16;"Senox Su Yumuşatıcı Filtre, 16 L";361.2;195.05;13054;senox-mutbex-liste;senox__senox-lt-16;icecek.json;mutbex-only
LT-8;118.LT.8;"Senox Su Yumuşatıcı Filtre, 8 L";258;139.32;9324;senox-mutbex-liste;senox__senox-lt-8;icecek.json;mutbex-only
LT.8;LT.8;"Senox Su Yumuşatıcı Filtre, 8 L";258;139.32;9324;senox-mutbex-liste;senox__lt-8;hazirlik.json;mutbex-only
MB.40;MB.40;"Senox Cam Kapılı Minibar Buzdolabı, 40 L";;;11213.9;cafemarkt-plp;senox__mb-40;sogutma.json;other
MBC.40;MBC.40;"Senox Blok Kapılı Otel Minibar Buzdolabı, 40 L";;;10827.17;cafemarkt-plp;senox__mbc-40;sogutma.json;other
MT-123;118.MT.123;"Senox MT 123 Soğuk Meze Teşhir Dolabı, 122,3x85,5x140,6 cm";3870;2089.8;139862;senox-mutbex-liste;senox__senox-mt-123;sogutma.json;mutbex-only
MT-213;118.MT.213;"Senox MT 213 Soğuk Meze Teşhir Dolabı, 212,3x85,5x140,6 cm";7095;3831.3;256413;senox-mutbex-liste;senox__senox-mt-213;sogutma.json;mutbex-only
NERGIZ.100;NERGIZ.100;"Senox Nergiz Pasta Teşhir Dolabı, 98 L";;;36976.93;cafemarkt-plp;senox__nergiz-100;hazirlik.json;other
NRGZ-100;118.NRGZ100;"Senox Nergiz Pasta Teşhir Dolabı, 43,5x41x108,5 cm";1290;696.6;46621;senox-mutbex-liste;senox__senox-nrgz-100;sogutma.json;mutbex-only
PD-400;118.PD400;"Senox PD 400 Pasta Teşhir Dolabı, 490L, 60x60x185 cm";2709;1462.86;97903;senox-mutbex-liste;senox__senox-pd-400;sogutma.json;mutbex-only
PD-400D;118.PD400D;"Senox PD 400D Pasta Teşhir Dolabı, 490L, 60x60x185 cm";2967;1602.18;107227;senox-mutbex-liste;senox__senox-pd-400d;sogutma.json;mutbex-only
PS-01;118.PS.01;"Senox Motorlu Portakal Sıkma Makinesi";387;208.98;13986;senox-mutbex-liste;senox__senox-ps-01;icecek.json;mutbex-only
PSM;PSM;"Senox PS-01 Motorlu Portakal Sıkma Makinesi";;;8529.34;cafemarkt-plp;senox__psm;hazirlik.json;other
PST-150T;118.PST.150T;"Senox PST 150T İçecek Teşhir Dolabı, 150x70x200 cm";7740;4179.6;279723;senox-mutbex-liste;senox__senox-pst-150t;sogutma.json;mutbex-only
PST-200T;118.PST.200T;"Senox PST 200T İçecek Teşhir Dolabı, 200x70x200 cm";9030;4876.2;326344;senox-mutbex-liste;senox__senox-pst-200t;sogutma.json;mutbex-only
S-900K;118.S.900K;"Senox Kanopili Dik Tip Şişe Soğutucu, 683 L, Çift Kapılı, S 900K";2709;1462.86;97903;senox-mutbex-liste;senox__senox-s-900k;sogutma.json;mutbex-only
S.15;S.15;"Senox S15 Eko Seri El Blender, 150 mm, 200 W, Sarı";;;9614;cafemarkt-plp;senox__s-15;hazirlik.json;other
S.15.YES;S.15.YES;"Senox S15 Eko Seri El Blender, 150 mm, 200 W, Yeşil";;;9614;cafemarkt-plp;senox__s-15-yes;hazirlik.json;other
S.25;S.25;"Senox Eko Seri El Blender, 250 W, Sarı";;;11093.08;cafemarkt-plp;senox__s-25;hazirlik.json;other
S.40;S.40;"Senox Eko Seri El Blender, 300 W, Sarı";;;16639.62;cafemarkt-plp;senox__s-40;hazirlik.json;other
SARDUNYA.215;SARDUNYA.215;"Senox Sardunya Pasta Teşhir Dolabı, 215 L";;;66558.46;cafemarkt-plp;senox__sardunya-215;hazirlik.json;other
SC-900-K;118.SC900.K;"Şenox 2 Kapılı Dik Tip Şişe Soğutucu, 0 - +10 º C ,Kanopili , 90,6x72x201,5 cm";4300;2322;155402;senox-mutbex-liste;senox__senox-sc-900-k;sogutma.json;mutbex-only
SC.900;SC.900;"Senox SC-900 Dik Tip Şişe Soğutucu Dolap, 2 Kapılı, 683 L";;;77651.54;cafemarkt-plp;senox__sc-900;sogutma.json;other
SC.900K;SC.900K;"Senox SC-900K Kanopili Dik Tip Şişe Soğutucu Dolap, 2 Kapılı, 683 L";4300;2322;155402;senox-mutbex-liste;senox__sc-900k;sogutma.json;mutbex-only
SDS-1010-DC-2CF-B;118.SDS1010.DC2CF.B;"Senox Çift Kapılı Dik Tip Şişe Soğutucu, Kanopili Çarpma Kapılı, Beyaz, 98x74x214,5 cm";2580;1393.2;93241;senox-mutbex-liste;senox__senox-sds-1010-dc-2cf-b;sogutma.json;mutbex-only
SDS-1010-DC-2CF-S;118.SDS1010.DC2CF.S;"Senox Çift Kapılı Dik Tip Şişe Soğutucu, Kanopili, Çarpma Kapılı, Siyah, 98x74x214,5 cm";2902.5;1567.35;104896;senox-mutbex-liste;senox__senox-sds-1010-dc-2cf-s;sogutma.json;mutbex-only
SDS-1010-DC-2YF-S;118.SDS1010.DC2YF.S;"Senox Çift Kapılı Dik Tip Şişe Soğutucu, Kanopisiz, Çarpma Kapılı, Siyah, 98x74x214,5 cm";2902.5;1567.35;104896;senox-mutbex-liste;senox__senox-sds-1010-dc-2yf-s;sogutma.json;mutbex-only
SDS-1010-SC-2CF-B;118.SDS1010.SC2CF.B;"Senox Çift Kapılı Dik Tip Şişe Soğutucu, Kanopili Sürgü Kapılı, Beyaz, 98x74x214,5 cm";2580;1393.2;93241;senox-mutbex-liste;senox__senox-sds-1010-sc-2cf-b;sogutma.json;mutbex-only
SDS-1010-SC-2CF-S;118.SDS1010.SC2CF.S;"Senox Çift Kapılı Dik Tip Şişe Soğutucu, Kanopili, Sürgü Kapılı, Siyah, 98x74x214,5 cm";2902.5;1567.35;104896;senox-mutbex-liste;senox__senox-sds-1010-sc-2cf-s;sogutma.json;mutbex-only
SDS-1010-SC-2YF-B;118.SDS1010.SC2YF.B;"Senox Çift Kapılı Dik Tip Şişe Soğutucu, Kanopisiz Sürgü Kapılı, Beyaz, 98x74x214,5 cm";2580;1393.2;93241;senox-mutbex-liste;senox__senox-sds-1010-sc-2yf-b;sogutma.json;mutbex-only
SDS-1010-SC-2YF-S;118.SDS1010.SC2YF.S;"Senox Çift Kapılı Dik Tip Şişe Soğutucu, Kanopisiz, Sürgü Kapılı, Siyah, 98x74x214,5 cm";2902.5;1567.35;104896;senox-mutbex-liste;senox__senox-sds-1010-sc-2yf-s;sogutma.json;mutbex-only
SDS-1510-DC-3CF;118.SDS1510.DC3CF;"Senox 3 Kapılı Dik Tip Şişe Soğutucu, Kanopili, 150x69x207,5 cm";4257;2298.78;153848;senox-mutbex-liste;senox__senox-sds-1510-dc-3cf;sogutma.json;mutbex-only
SDS-265-DC-1-CF;118.SDS.265.DC.1.CF;"Senox SDS 265 DC 1 CF Slim Dik Tip Şişe Soğutucu";1290;696.6;46621;senox-mutbex-liste;senox__senox-sds-265-dc-1-cf;sogutma.json;mutbex-only
SDS-265-DC-1-CF-P;118.SDS.265.DC.1.CF.P;"Senox SDS 265 DC 1 CF P Premium Slim Dik Tip Şişe Soğutucu";1548;835.92;55945;senox-mutbex-liste;senox__senox-sds-265-dc-1-cf-p;sogutma.json;mutbex-only
SDS-385-DC-1YWP;118.SDS385.DC1YWP;"Senox SDS 385 DC 1 YW-P Şarap Dolabı, 150 Şişe Kapasiteli";1999.5;1079.73;72262;senox-mutbex-liste;senox__senox-sds-385-dc-1ywp;sogutma.json;mutbex-only
SDS-385-DCPF;118.SDS385.DCPF;"Senox Tek Kapılı Dik Tip Şişe Soğutucu, Kanopisiz Siyah, 59,5x60,5x181 cm";1290;696.6;46621;senox-mutbex-liste;senox__senox-sds-385-dcpf;sogutma.json;mutbex-only
SDS-710-DC;118.SDS.710.DC;"Senox SDS 710 DC Dik Tip Şişe Soğutucu, Kanopisiz";1870.5;1010.07;67600;senox-mutbex-liste;senox__senox-sds-710-dc;sogutma.json;mutbex-only
SDS-770-DC-2DF;118.SDS770.DC2DF;"Senox Çift Kapılı Dik Tip Şişe Soğutucu, Siyah, 120x60,5x181 cm";2967;1602.18;107227;senox-mutbex-liste;senox__senox-sds-770-dc-2df;sogutma.json;mutbex-only
SDS.770.DC.2.DF.SIY;SDS.770.DC.2.DF.SIY;"Senox SDS-770 DC 2 DF Dik Tip Şişe Soğutucu Dolap, Siyah";;;85046.93;cafemarkt-plp;senox__sds-770-dc-2-df-siy;sogutma.json;other
SDS.770.DC.2.DFK.SIY;SDS.770.DC.2.DFK.SIY;"Senox SDS-770 DC 2 DF Dik Tip Kanopili Sürgü Kapılı Şişe Soğutucu Dolap, Siyah";;;85046.93;cafemarkt-plp;senox__sds-770-dc-2-dfk-siy;sogutma.json;other
SDS385.DC1.CF;SDS385.DC1.CF;"Senox SDS-385 DC1 CF Dik Tip Şişe Soğutucu Dolap, 345 L, Gri";;;40674.62;cafemarkt-plp;senox__sds385-dc1-cf;sogutma.json;other
SEMG-16K;118.SEMG.16K;"Senox Soft Dondurma Makinesi, 16 L, Tek Grupla, SEMG 16K";4515;2438.1;163172;senox-mutbex-liste;senox__senox-semg-16k;hazirlik.json;mutbex-only
SEMG.32K;SEMG.32K;"Senox SEMG-32K Soft Dondurma Makinesi, 32 L, Çift Kollu";;;278414.48;cafemarkt-plp;senox__semg-32k;sogutma.json;other
SET-E-120S;118.SET.E.120S;"Senox SET E 120S Set Üstü Soğuk Pasta Teşhir Dolabı, Eğik Cam, 120x60x70 cm";2580;1393.2;93241;senox-mutbex-liste;senox__senox-set-e-120s;sogutma.json;mutbex-only
SET-E-75S;118.SET.E.75S;"Senox SET P 75S Set Üstü Soğuk Pasta Teşhir Dolabı, Panaromik Cam, 70x60x70 cm";1806;975.24;65269;senox-mutbex-liste;senox__senox-set-e-75s;sogutma.json;mutbex-only
SET-E-90C;118.SET.E.90C;"Senox SET E 90C Set Üstü Sıcak Pasta Teşhir Dolabı Eğik Cam, 90x60x70 cm";1999.5;1079.73;72262;senox-mutbex-liste;senox__senox-set-e-90c;sogutma.json;mutbex-only
SET-E-90S;118.SET.E.90S;"Senox SET E 90S Set Üstü Soğuk Pasta Teşhir Dolabı, Eğik Cam, 90x60x70 cm";1935;1044.9;69931;senox-mutbex-liste;senox__senox-set-e-90s;sogutma.json;mutbex-only
SET-P-75C;118.SET.P.75C;"Senox Set Üstü Sıcak Teşhir Dolabı, Panaromik Cam, SET P 75C";1677;905.58;60607;senox-mutbex-liste;senox__senox-set-p-75c;sogutma.json;mutbex-only
SET-P-90C;118.SET.P.90C;"Senox SET P 90C Set Üstü Sıcak Pasta Teşhir Dolabı, Panaromik Cam, 90x60x70 cm";1806;975.24;65269;senox-mutbex-liste;senox__senox-set-p-90c;sogutma.json;mutbex-only
SET-P-90S;118.SET.P.90S;"Senox SET P 90S Set Üstü Soğuk Pasta Teşhir Dolabı, Panaromik Cam, 90x60x70 cm";2257.5;1219.05;81586;senox-mutbex-liste;senox__senox-set-p-90s;sogutma.json;mutbex-only
SET.100C;SET.100C;"Senox Set Üstü Sıcak Pizza Teşhir Dolabı, Düz Camlı, 90 L";;;66558.46;cafemarkt-plp;senox__set-100c;hazirlik.json;other
SET.100S;SET.100S;"Senox Set Üstü Sıcak Pizza Teşhir Dolabı, Düz Camlı, 120 L";;;66558.46;cafemarkt-plp;senox__set-100s;hazirlik.json;other
SET.120C;SET.120C;"Senox Set Üstü Sıcak Teşhir Dolabı, Dik Camlı, 120 L";;;66558.46;cafemarkt-plp;senox__set-120c;hazirlik.json;other
SET.120S;SET.120S;"Senox Set Üstü Soğuk Pasta Teşhir Dolabı, Dik Camlı, 120 L";;;73953.85;cafemarkt-plp;senox__set-120s;hazirlik.json;other
SET.90C;SET.90C;"Senox Set Üstü Sıcak Teşhir Dolabı, Dik Camlı, 90 L";;;61011.93;cafemarkt-plp;senox__set-90c;hazirlik.json;other
SET.90S;SET.90S;"Senox Set Üstü Soğuk Pasta Teşhir Dolabı, Dik Camlı, 90 L";;;64709.62;cafemarkt-plp;senox__set-90s;hazirlik.json;other
SET.P75S;SET.P75S;"Senox Set Üstü Pasta Teşhir Dolabı, Panaromik Cam, 75 cm";;;57519.66;cafemarkt-plp;senox__set-p75s;hazirlik.json;other
SMF-5120-ST;118.SMF.5120.ST;"Senox SMF-5120 ST Tezgah Altı Derin Dondurucu, Tek Kapılı";1032;557.28;37296;senox-mutbex-liste;senox__senox-smf-5120-st;sogutma.json;mutbex-only
SMR-5120-ST;118.SMR.5120.ST;"Senox SMR-5120 ST Tezgah Altı Soğutucu, Tek Kapılı";645;348.3;23310;senox-mutbex-liste;senox__senox-smr-5120-st;sogutma.json;mutbex-only
SRDNY-215;118.SRDNY215;"Senox Sardunya 215 Pasta Teshir Dolapları 215 LT, 52x49x160 cm";2322;1253.88;83917;senox-mutbex-liste;senox__senox-srdny-215;sogutma.json;mutbex-only
SSC-1500;118.SSC.1500;"Senox Dik Tip Şişe Soğutucu Dolap, 2 Kapılı, 1077 L, SSC 1500";4515;2438.1;163172;senox-mutbex-liste;senox__senox-ssc-1500;sogutma.json;mutbex-only
SSC-1600;118.SSC.1600;"Senox Dik Tip Şişe Soğutucu Dolap, 3 Kapılı, 1153 L, SSC 1600";4773;2577.42;172496;senox-mutbex-liste;senox__senox-ssc-1600;sogutma.json;mutbex-only
SSC-375;118.SSC.375;"Senox Dik Tip Şişe Soğutucu Dolap, 345 L, SSC 375";1419;766.26;51283;senox-mutbex-liste;senox__senox-ssc-375;sogutma.json;mutbex-only
SSC-510;118.SSC.510;"Senox Dik Tip Şişe Soğutucu Dolap, 445 L, SSC 510";1612.5;870.75;58276;senox-mutbex-liste;senox__senox-ssc-510;sogutma.json;mutbex-only
SSC-900;118.SSC.900;"Senox Dik Tip Şişe Soğutucu Dolap, 683 L, SSC 900";3031.5;1637.01;109558;senox-mutbex-liste;senox__senox-ssc-900;sogutma.json;mutbex-only
SSC-900K;118.SSC.900K;"Senox Kanopili Dik Tip Şişe Soğutucu Dolap, 683 L, SSC 900K";3031.5;1637.01;109558;senox-mutbex-liste;senox__senox-ssc-900k;sogutma.json;mutbex-only
STRC;118.STRC;"Senox Streç Sarma Makinesi";232.2;125.39;8392;senox-mutbex-liste;senox__senox-strc;hazirlik.json;mutbex-only
TEK.65;TEK.65;"Senox Blok Kapılı Mini Buzdolabı, 85 L, Beyaz";;;20881.09;cafemarkt-plp;senox__tek-65;sogutma.json;other
TITAN-LL;118.TITAN.ll;"Senox Titan Kahve Değirmeni, TITAN ll";1006.2;543.35;36364;senox-mutbex-liste;senox__senox-titan-ll;kahve.json;mutbex-only
TKO.01;TKO.01;"Senox Türk Kahvesi Öğütme Makinesi, 30 kg/saat, Kırmızı";;;60903.17;cafemarkt-plp;senox__tko-01;kahve.json;other
TKO.02;TKO.02;"Senox Türk Kahvesi Öğütme Makinesi, 1100 W";;;41762.17;cafemarkt-plp;senox__tko-02;kahve.json;other
TKVNR108E;TKVNR108E;"Senox Set Üstü Balık Soğutucu Teşhir Vitrini, 695x882x417 cm";;;52202.72;cafemarkt-plp;senox__tkvnr108e;sogutma.json;other
VN-25RO;118.VN25RO;"Senox DS-03 Arıtmalı Sıcak ve Soğuk Su Sebili";709.5;383.13;25641;senox-mutbex-liste;senox__senox-vn-25ro;sogutma.json;mutbex-only
WD-737;118.WD737;"Senox DS-04 Buz, Sıcak ve Soğuk Su Sebili";1032;557.28;37296;senox-mutbex-liste;senox__senox-wd-737;sogutma.json;mutbex-only
WF-377;118.WF377;"Senox Dik Tip Derin Dondurucu, 5 Raflı";2451;1323.54;88579;senox-mutbex-liste;senox__senox-wf-377;sogutma.json;mutbex-only
WN-180;118.WN.180;"Senox Sarap Soğutma Dolabı, WN 180";1419;766.26;51283;senox-mutbex-liste;senox__senox-wn-180;sogutma.json;mutbex-only
WN-375S;118.WN375S;"Senox Sarap Soğutma Dolabı, WN 375S";1999.5;1079.73;72262;senox-mutbex-liste;senox__senox-wn-375s;sogutma.json;mutbex-only
WN-385;118.WN385;"Senox Sarap Soğutma Dolabı, WN 385";2193;1184.22;79255;senox-mutbex-liste;senox__senox-wn-385;sogutma.json;mutbex-only
ZPDC.O;ZPDC.O;"Senox ZPDC.O Narenciye Sıkma Makinesi, 570 W, Turuncu";;;43502.26;cafemarkt-plp;senox__zpdc-o;hazirlik.json;other
ZPDC.W;ZPDC.W;"Senox ZPDC.W Narenciye Sıkma Makinesi, 570 W, Beyaz";;;43502.26;cafemarkt-plp;senox__zpdc-w;hazirlik.json;other
ZPDC.Y;ZPDC.Y;"Senox ZPDC.Y Narenciye Sıkma Makinesi, 570 W, Sarı";;;43502.26;cafemarkt-plp;senox__zpdc-y;hazirlik.json;other
ZPEC.G;ZPEC.G;"Senox ZPEC.G Narenciye Sıkma Makinesi, Altın";;;41762.17;cafemarkt-plp;senox__zpec-g;hazirlik.json;other
ZPEC.O;ZPEC.O;"Senox ZPEC.O Narenciye Sıkma Makinesi, 570 W, Turuncu";;;27841.45;cafemarkt-plp;senox__zpec-o;hazirlik.json;other
ZPEC.S;ZPEC.S;"Senox ZPEC.S Narenciye Sıkma Makinesi, 570 W, Gümüş";;;34801.81;cafemarkt-plp;senox__zpec-s;hazirlik.json;other