file	poz	ad	bolum	bolumAd
all-day-dining-cafe-150-300.json	A1	İSTİF RAFI		
all-day-dining-cafe-150-300.json	A2	İSTİF RAFI		
all-day-dining-cafe-150-300.json	B1	PANEL TİP SOĞUK ODA		
all-day-dining-cafe-150-300.json	B2	İSTİF RAFI		
all-day-dining-cafe-150-300.json	B3	İSTİF RAFI		
all-day-dining-cafe-150-300.json	C1	PANEL TİP DERİN DONDURUCU DEPO		
all-day-dining-cafe-150-300.json	C2	İSTİF RAFI		
all-day-dining-cafe-150-300.json	D1	DEPO TİPİ BUZDOLABI, TEK KAPILI		
all-day-dining-cafe-150-300.json	D2	ET KÜTÜĞÜ		
all-day-dining-cafe-150-300.json	D3	BIÇAK STERİL DOLABI		
all-day-dining-cafe-150-300.json	D5	DUVAR RAFI		
all-day-dining-cafe-150-300.json	D7	DUVAR RAFI		
all-day-dining-cafe-150-300.json	D9	DUVAR RAFI		
all-day-dining-cafe-150-300.json	D10	ÇÖP ARABASI		
all-day-dining-cafe-150-300.json	E1	DİZDEN KUMANDALI EL YIKAMA LAVABOSU		
all-day-dining-cafe-150-300.json	E2	DEPO TİPİ BUZDOLABI, TEK KAPILI		
all-day-dining-cafe-150-300.json	E3	PİZZA FIRINI, ÇİFT KATLI		
all-day-dining-cafe-150-300.json	E5	HAMUR YOĞURMA MAKİNASIİ DOMINO		
all-day-dining-cafe-150-300.json	E7	MAKE-UP PİZZA HAZIRLIK BUZDOLABI, 3 KAPILI, MERMER TABLALI		
all-day-dining-cafe-150-300.json	E9	SİNEK ÖLDÜRÜCÜ		
all-day-dining-cafe-150-300.json	F1	DİZDEN KUMANDALI EL YIKAMA LAVABOSU		
all-day-dining-cafe-150-300.json	F2	DEPO TİPİ BUZDOLABI, TEK KAPILI		
all-day-dining-cafe-150-300.json	F4	DUVAR RAFI		
all-day-dining-cafe-150-300.json	F6	DUVAR RAFI		
all-day-dining-cafe-150-300.json	F8	MAKE-UP ÜNİTESİ, 2 KAPILI		
all-day-dining-cafe-150-300.json	G1	DEPO TİPİ BUZDOLABI, TEK KAPILI		
all-day-dining-cafe-150-300.json	G3	FRİTÖZ, ÇİFT SEPETLİ, ELK. SETÜSTÜ		
all-day-dining-cafe-150-300.json	G4	LAVTAŞLI IZGARA, GAZLI, SETÜSTÜ		
all-day-dining-cafe-150-300.json	G6	4 AÇIK ALEVLİ OCAK, GAZLI, SETÜSTÜ		
all-day-dining-cafe-150-300.json	G7	2 AÇIK ALEVLİ OCAK, GAZLI, SETÜSTÜ		
all-day-dining-cafe-150-300.json	G8	MAKARNA PİŞİRİCİ, ELK., SETÜSTÜ		
all-day-dining-cafe-150-300.json	G11	TOST MAKİNASI		
all-day-dining-cafe-150-300.json	G13	MİKRODALGA FIRIN		
all-day-dining-cafe-150-300.json	G14	TAVA RAFI		
all-day-dining-cafe-150-300.json	I6	ÇAY OTOMATI		
all-day-dining-cafe-150-300.json	I12	BUZ MAKİNASI, BREMA CB416		
all-day-dining-cafe-150-300.json	I14	BAR MİKSER		
all-day-dining-cafe-150-300.json	I15	PORTAKAL SIKMA MAKİNASI		
all-day-dining-cafe-150-300.json	I16	KATI MEYVE PRESİ, SANTOS		
all-day-dining-cafe-150-300.json	H3	BASKET RAFI		
all-day-dining-cafe-150-300.json	H4	ÇÖP ARABASI		
all-day-dining-cafe-150-300.json	H6	ÖN YIKAMA DUŞU		
all-day-dining-cafe-150-300.json	H7	YAĞ TUTUCU		
all-day-dining-cafe-150-300.json	H8	BULAŞIK YIKAMA MAKİNASI, GİYOTİN TİP, NEO NSP80		
all-day-dining-cafe-150-300.json	H12	İSTİF RAFI		
all-day-dining-cafe-150-300.json	Y1	YER IZGARASI		
all-day-dining-cafe-150-300.json	Y2	YER IZGARASI		
all-sport-cafe-100-200.json	M2	FIRIN, COMPACT BY NABOO, 6 GN 1/1	M	M- MUTFAK
all-sport-cafe-100-200.json	M3	CİHAZALTI BUZDOLABI, ÇİFT SIRA ÇEKMECELİ, REMOTE CONTROL	M	M- MUTFAK
all-sport-cafe-100-200.json	M4	FRİTÖZ, TEK SEPETLİ, ELK., SETÜSTÜ	M	M- MUTFAK
all-sport-cafe-100-200.json	M5	MAKARNA PİŞİRİCİ, ELK., SETÜSTÜ	M	M- MUTFAK
all-sport-cafe-100-200.json	M6	4 AÇIK ALEVLİ OCAK, GAZLI, SETÜSTÜ	M	M- MUTFAK
all-sport-cafe-100-200.json	M7	DÖKÜM IZGARA, GAZLI, SETÜSTÜ	M	M- MUTFAK
all-sport-cafe-100-200.json	M11	MAKE-UP BUZDOLABI, 3 SIRA ÇEKMECELİ, REMOTE CONTROL	M	M- MUTFAK
all-sport-cafe-100-200.json	M13	MİKRODALGA FIRIN	M	M- MUTFAK
all-sport-cafe-100-200.json	M14	TOST MAKİNASI	M	M- MUTFAK
all-sport-cafe-100-200.json	M17	HATCO TABAK ISITICI	M	M- MUTFAK
all-sport-cafe-100-200.json	M19	TEK KAPILI DERİN DONDURUCU	M	M- MUTFAK
all-sport-cafe-100-200.json	M21	ÇÖP ARABASI	M	M- MUTFAK
all-sport-cafe-100-200.json	M22	BULAŞIK YIKAMA MAKİNASI, SETALTI	M	M- MUTFAK
all-sport-cafe-100-200.json	B2	BULAŞIK YIKAMA MAKİNASI, SETALTI	B	B- BAR
all-sport-cafe-100-200.json	B3	BUZ MAKİNASI	B	B- BAR
all-sport-cafe-100-200.json	B7	PORTAKAL SIKMA MAKİNASI	B	B- BAR
all-sport-cafe-100-200.json	B9	ÇAY OTOMATI	B	B- BAR
all-sport-cafe-100-200.json	B10	ŞİŞE SOĞUTUCU, DUVAR TİPİ, REMOTE CONTROL	B	B- BAR
balikci-150-250-ekipman-listesi.json	A1	İSTİP RAFI		
balikci-150-250-ekipman-listesi.json	B1	PANEL TİP SOĞUK ODA		
balikci-150-250-ekipman-listesi.json	B2	İSTİP RAFI		
balikci-150-250-ekipman-listesi.json	C1	PANEL TİP SOĞUK ODA		
balikci-150-250-ekipman-listesi.json	C2	İSTİP RAFI		
balikci-150-250-ekipman-listesi.json	D1	DİZDEN KUMANDALI EL YIKAMA LAVABOSU		
balikci-150-250-ekipman-listesi.json	D3	DUVAR RAFI		
balikci-150-250-ekipman-listesi.json	D5	DUVAR RAFI		
balikci-150-250-ekipman-listesi.json	D6	ÇÖP ARABASI		
balikci-150-250-ekipman-listesi.json	D7	BIÇAK STERİL DOLABI		
balikci-150-250-ekipman-listesi.json	E1	KONVEKSİYONLU FIRIN, ELK. RATIONAL SCC61		
balikci-150-250-ekipman-listesi.json	E3	4 AÇIK ALEVLİ KUZİNE, GAZLI, MARENO		
balikci-150-250-ekipman-listesi.json	E4	FRİTÖZ, ÇİFT SEPETLİ, ELK. 10+10 LT, MARENO FQ94L		
balikci-150-250-ekipman-listesi.json	E5	LAVA TAŞLI IZGARA, GAZLI, SETÜSTÜ, OPL88G		
balikci-150-250-ekipman-listesi.json	E9	TOST MAKİNASI		
balikci-150-250-ekipman-listesi.json	F2	DUVAR RAFI		
balikci-150-250-ekipman-listesi.json	F3	ÇÖP ARABASI		
balikci-150-250-ekipman-listesi.json	F4	BIÇAK STERİL DOLABI		
balikci-150-250-ekipman-listesi.json	F5	MAKE-UP ÜNİTESİ, 3 KAPILI		
balikci-150-250-ekipman-listesi.json	F7	KABUKLU MAKİNASI, BREMA G250		
balikci-150-250-ekipman-listesi.json	F8	SİNEK ÖLDÜRÜCÜ		
balikci-150-250-ekipman-listesi.json	G2	BUZ MAKİNASI, BREMA CB425		
balikci-150-250-ekipman-listesi.json	G4	ÇAY OTOMATI		
balikci-150-250-ekipman-listesi.json	G6	KASA BANKOSU		
balikci-150-250-ekipman-listesi.json	G7	BALIK TEŞHİR ÜNİTESİ		
balikci-150-250-ekipman-listesi.json	G8	SALATA MEZE TEŞHİR ÜNİTESİ		
balikci-150-250-ekipman-listesi.json	G9	TATLI TEŞHİR ÜNİTESİ		
balikci-150-250-ekipman-listesi.json	H2	BASKET RAFI		
balikci-150-250-ekipman-listesi.json	H3	ÇÖP ARABASI		
balikci-150-250-ekipman-listesi.json	H5	BULAŞIK YIKAMA MAKİNASI		
balikci-150-250-ekipman-listesi.json	H6	DUVAR RAFI		
balikci-150-250-ekipman-listesi.json	H7	YAĞ TUTUCU		
balikci-150-250-ekipman-listesi.json	H8	İSTİP RAFI		
balikci-150-250-ekipman-listesi.json	Y1	YER IZGARASI		
balikci-150-250-ekipman-listesi.json	Y2	YER IZGARASI		
balikci-150-250.json	A1	İSTİF RAFI, 4 KATLI	K	K- KURU DEPO
balikci-150-250.json	A1	PANEL TİP SOĞUK ODA (rota grup)	A	A- SEBZE SOĞUK ODA
balikci-150-250.json	A2	İSTİF RAFI, 4 KATLI	A	A- SEBZE SOĞUK ODA
balikci-150-250.json	A3	İSTİF RAFI, 4 KATLI	A	A- SEBZE SOĞUK ODA
balikci-150-250.json	H1	PANEL TİP SOĞUK ODA (rota grup)	H	H- BALIK SOĞUK ODA
balikci-150-250.json	H2	İSTİF RAFI, 4 KATLI	H	H- BALIK SOĞUK ODA
balikci-150-250.json	H3	İSTİF RAFI, 4 KATLI	H	H- BALIK SOĞUK ODA
balikci-150-250.json	F1	PANEL TİP DERİN DONDURUCU (rota grup)	F	F- BALIK DERİN DONDURUCU
balikci-150-250.json	F2	İSTİF RAFI, 4 KATLI	F	F- BALIK DERİN DONDURUCU
balikci-150-250.json	G1	DİZDEN KUMANDALI ELYIKAMA LAVABOSU (atalay)	G	G- BALIK HAZIRLIK
balikci-150-250.json	G4	DUVAR RAFI	G	G- BALIK HAZIRLIK
balikci-150-250.json	G5	ÇÖP ARABASI	G	G- BALIK HAZIRLIK
balikci-150-250.json	M1	DEPO TİPİ BUZDOLABI, TEK KAPILI (fagor)	M	M- MUTFAK
balikci-150-250.json	M3	DUVAR RAFI	M	M- MUTFAK
balikci-150-250.json	M4	ÇÖP ARABASI	M	M- MUTFAK
balikci-150-250.json	M6	MAKE-UP BUZDOLABI, 3 KAPILI (fagor)	M	M- MUTFAK
balikci-150-250.json	M7	DUVAR RAFI	M	M- MUTFAK
balikci-150-250.json	M13	FRİTÖZ, ELK., SETÜSTÜ (atalay)	M	M- MUTFAK
balikci-150-250.json	M14	PLATE IZGARA, GAZLI, SETÜSTÜ (atalay)	M	M- MUTFAK
balikci-150-250.json	M15	KUZİNE, 1 m2, GAZLI (ersöz)	M	M- MUTFAK
balikci-150-250.json	M17	TOST MAKİNASI (remta)	M	M- MUTFAK
balikci-150-250.json	D2	BASKET RAFI	D	D- BULAŞIKHANE
balikci-150-250.json	D3	ÇÖP ARABASI	D	D- BULAŞIKHANE
balikci-150-250.json	D5	ÖN YIKAMA DUŞU (cancan)	D	D- BULAŞIKHANE
balikci-150-250.json	D6	BULAŞIK YIKAMA MAKİNASI, GİYOTİN TİP (gürçelik)	D	D- BULAŞIKHANE
balikci-150-250.json	D9	İSTİF RAFI, 4 KATLI	D	D- BULAŞIKHANE
balikci-150-250.json	B2	BULAŞIK YIKAMA MAKİNASI, SETALTI (gürçelik)	B	B- BAR
balikci-150-250.json	B4	BAR BUZDOLABI, 2 KAPILI (fagor)	B	B- BAR
balikci-150-250.json	B5	ÇAY OCAĞI, GAZLI + ELEKTRİKLİ (remta)	B	B- BAR
balikci-150-250.json	B8	BAR BUZDOLABI, 3 KAPILI (fagor)	B	B- BAR
balikci-150-250.json	B10	TEŞHİR DOLABI	B	B- BAR
balikci-150-250.json	Y1	YER IZGARASI	Y	Y- YER IZGARASI
balikci-150-250.json	Y2	YER IZGARASI	Y	Y- YER IZGARASI
balikci-80-150.json	A1	İSTİP RAFI		
balikci-80-150.json	B1	PANEL TİP SOĞUK ODA		
balikci-80-150.json	B2	İSTİP RAFI		
balikci-80-150.json	C1	PANEL TİP SOĞUK ODA		
balikci-80-150.json	C2	İSTİP RAFI		
balikci-80-150.json	D1	DİZDEN KUMANDALI EL YIKAMA LAVABOSU		
balikci-80-150.json	D3	DUVAR RAFI		
balikci-80-150.json	D5	DUVAR RAFI		
balikci-80-150.json	D6	ÇÖP ARABASI		
balikci-80-150.json	D7	BIÇAK STERİL DOLABI		
balikci-80-150.json	E3	4 AÇIK ALEVLİ KUZİNE, GAZLI, MARENO		
balikci-80-150.json	E4	FRİTÖZ, ÇİFT SEPETLİ, ELK. 10+10 LT, MARENO FQ94L		
balikci-80-150.json	E5	LAVA TAŞLI IZGARA, GAZLI, SETÜSTÜ, OPL88G		
balikci-80-150.json	F2	DUVAR RAFI		
balikci-80-150.json	F3	ÇÖP ARABASI		
balikci-80-150.json	F4	BIÇAK STERİL DOLABI		
balikci-80-150.json	F7	KARBUZ MAKİNASI, BREMA G250		
balikci-80-150.json	G2	BUZ MAKİNASI, BREMA CB425	G — ÖN MUTFAK	G — ÖN MUTFAK - BAR
balikci-80-150.json	G4	ÇAY OTOMATI	G — ÖN MUTFAK	G — ÖN MUTFAK - BAR
balikci-80-150.json	G7	BALIK TEŞHİR ÜNİTESİ	G — ÖN MUTFAK	G — ÖN MUTFAK - BAR
balikci-80-150.json	G8	SALATA MEZE TEŞHİR ÜNİTESİ	G — ÖN MUTFAK	G — ÖN MUTFAK - BAR
balikci-80-150.json	H2	BASKET RAFI	G — ÖN MUTFAK	G — ÖN MUTFAK - BAR
balikci-80-150.json	H3	ÇÖP ARABASI	G — ÖN MUTFAK	G — ÖN MUTFAK - BAR
balikci-80-150.json	H5	BULAŞIK YIKAMA MAKİNASI	G — ÖN MUTFAK	G — ÖN MUTFAK - BAR
balikci-80-150.json	H6	DUVAR RAFI	G — ÖN MUTFAK	G — ÖN MUTFAK - BAR
balikci-80-150.json	H7	YAĞ TUTUCU	G — ÖN MUTFAK	G — ÖN MUTFAK - BAR
balikci-80-150.json	H8	İSTİP RAFI	G — ÖN MUTFAK	G — ÖN MUTFAK - BAR
balikci-80-150.json	Y1	YER IZGARASI	G — ÖN MUTFAK	G — ÖN MUTFAK - BAR
balikci-mahalle.json	A1	İSTİP RAFI		
balikci-mahalle.json	B1	PANEL TİP SOĞUK ODA		
balikci-mahalle.json	B2	İSTİP RAFI		
balikci-mahalle.json	C1	PANEL TİP SOĞUK ODA		
balikci-mahalle.json	C2	İSTİP RAFI		
balikci-mahalle.json	D3	DUVAR RAFI		
balikci-mahalle.json	D5	DUVAR RAFI		
balikci-mahalle.json	E1	4 AÇIK ALEVLİ KUZİNE, GAZLI		
balikci-mahalle.json	E2	KÖMÜRLÜ IZGARA		
balikci-mahalle.json	F2	DUVAR RAFI		
balikci-mahalle.json	F3	ÇÖP ARABASI		
balikci-mahalle.json	F4	BIÇAK STERİL DOLABI		
balikci-mahalle.json	F6	KARBUZ MAKİNASI, BREMA G250		
balikci-mahalle.json	H2	BASKET RAFI		
balikci-mahalle.json	H3	ÇÖP ARABASI		
balikci-mahalle.json	H5	BULAŞIK YIKAMA MAKİNASI		
balikci-mahalle.json	H6	DUVAR RAFI		
balikci-mahalle.json	H7	YAĞ TUTUCU		
balikci-mahalle.json	H8	İSTİP RAFI		
balikci-mahalle.json	Y1	YER IZGARASI		
birahane-100-300.json	A1	İSTİF RAFI		
birahane-100-300.json	A2	BLOK KAPAKLI DERİN DONDURUCU		
birahane-100-300.json	B1	PANEL TİP SOĞUK ODA		
birahane-100-300.json	B2	İSTİF RAFI		
birahane-100-300.json	C2	DUVAR RAFI		
birahane-100-300.json	C4	ÇÖP ARABASI		
birahane-100-300.json	D1	IZGARA, GAZLI, SETÜSTÜ		
birahane-100-300.json	D2	PATATES DİNLENDİRME, SETÜSTÜ		
birahane-100-300.json	D3	FRİTÖZ, ÇİFT SEPETLİ, ELK., SETÜSTÜ		
birahane-100-300.json	D4	FRİTÖZ, TEK SEPETLİ, ELK., SETÜSTÜ		
birahane-100-300.json	D6	SETALTI DERİN DONDURUCU		
birahane-100-300.json	D7	TOST MAKİNASI		
birahane-100-300.json	E6	BUZ MAKİNASI		
birahane-100-300.json	E8	SİNEK ÖLDÜRÜCÜ		
birahane-100-300.json	Y1	YER IZGARASI		
birahane-100-300.json	Y2	YER IZGARASI		
birahane-100-300.json	Y3	YER IZGARASI		
buyuk-yemekhane-2000-3500.json	2P1-01	SOGUK ODA, CANTEK	SOĞUK_ODA	SOĞUK ODA
buyuk-yemekhane-2000-3500.json	2P1-02	GN ARABA, MT162X	SOĞUK_ODA	SOĞUK ODA
buyuk-yemekhane-2000-3500.json	2P1-03	İSTİF ETAJERİ, 304K PASLANMAZ	SOĞUK_ODA	SOĞUK ODA
buyuk-yemekhane-2000-3500.json	2P1-04	İSTİF ETAJERİ, 304K PASLANMAZ	SOĞUK_ODA	SOĞUK ODA
buyuk-yemekhane-2000-3500.json	2P1-10	YER YIKAMA HORTUMU, M.TEMİNİ	ISITMA_MUTFA	ISITMA MUTFAĞI
buyuk-yemekhane-2000-3500.json	2P1-11	EL YIKAMA EVYESI, BİLGE	ISITMA_MUTFA	ISITMA MUTFAĞI
buyuk-yemekhane-2000-3500.json	2P1-12	DIK TIP BUZDOLABI, MAKPA-FR, VN7	ISITMA_MUTFA	ISITMA MUTFAĞI
buyuk-yemekhane-2000-3500.json	2P1-14	DUVAR RAFI, YÜKSEL	ISITMA_MUTFA	ISITMA MUTFAĞI
buyuk-yemekhane-2000-3500.json	2P1-16	ÇÖP ARABASI, MB126X	ISITMA_MUTFA	ISITMA MUTFAĞI
buyuk-yemekhane-2000-3500.json	2P1-20	İSTİF ETAJERİ, 304K PASLANMAZ	ISITMA_MUTFA	ISITMA MUTFAĞI
buyuk-yemekhane-2000-3500.json	2P1-21	İSTİF ETAJERİ, 304K PASLANMAZ	ISITMA_MUTFA	ISITMA MUTFAĞI
buyuk-yemekhane-2000-3500.json	2P1-56	BASKET RAFI, YÜKSEL-K	BULAŞIK	BULAŞIK
buyuk-yemekhane-2000-3500.json	2P1-58	ÇÖP ARABASI, MB126X	BULAŞIK	BULAŞIK
buyuk-yemekhane-2000-3500.json	2P1-60	ON YIKAMA DUSU, LIVA	BULAŞIK	BULAŞIK
buyuk-yemekhane-2000-3500.json	2P1-61	BULASIK YIKAMA MAKINASI, COMENDA, RC411	BULAŞIK	BULAŞIK
buyuk-yemekhane-2000-3500.json	2P1-64	İSTİF ETAJERİ, 304K PASLANMAZ	BULAŞIK	BULAŞIK
buyuk-yemekhane-2000-3500.json	2P1-65	İSTİF ETAJERİ, 304K PASLANMAZ	BULAŞIK	BULAŞIK
buyuk-yemekhane-2000-3500.json	2P1-66	BOS TEPSI TOPLAMA ARABASI, MB102X	BULAŞIK	BULAŞIK
buyuk-yemekhane-2000-3500.json	2P2-01	EL YIKAMA EVYESI, BİLGE	ISITMA_MUTFA	ISITMA MUTFAĞI 2
buyuk-yemekhane-2000-3500.json	2P2-02	YER YIKAMA HORTUMU, M.TEMİNİ	ISITMA_MUTFA	ISITMA MUTFAĞI 2
buyuk-yemekhane-2000-3500.json	2P2-04	SICAK BANKET ARABASI, MBY211S	ISITMA_MUTFA	ISITMA MUTFAĞI 2
buyuk-yemekhane-2000-3500.json	2P2-07	DUVAR RAFI, YÜKSEL	ISITMA_MUTFA	ISITMA MUTFAĞI 2
buyuk-yemekhane-2000-3500.json	2P2-08	ÇÖP ARABASI, MB126X	ISITMA_MUTFA	ISITMA MUTFAĞI 2
buyuk-yemekhane-2000-3500.json	2P2-40	EKMEK DOLABI, YÜKSEL	EKMEK_&_SU	EKMEK & SU
buyuk-yemekhane-2000-3500.json	2P2-42	SU SEBILI, TEKNOGRAND, C.SP-80	EKMEK_&_SU	EKMEK & SU
buyuk-yemekhane-2000-3500.json	2P2-43	İSTİF ETAJERİ, 304K PASLANMAZ	EKMEK_&_SU	EKMEK & SU
buyuk-yemekhane-2000-3500.json	2P2-56	BASKET RAFI, YÜKSEL-K	BULAŞIK	BULAŞIK
buyuk-yemekhane-2000-3500.json	2P2-58	ÇÖP ARABASI, MB126X	BULAŞIK	BULAŞIK
buyuk-yemekhane-2000-3500.json	2P2-60	ON YIKAMA DUSU, LIVA	BULAŞIK	BULAŞIK
buyuk-yemekhane-2000-3500.json	2P2-61	BULASIK YIKAMA MAKINASI, COMENDA, RC411	BULAŞIK	BULAŞIK
buyuk-yemekhane-2000-3500.json	2P2-64	İSTİF ETAJERİ, 304K PASLANMAZ	BULAŞIK	BULAŞIK
buyuk-yemekhane-2000-3500.json	2P2-66	BOS TEPSI TOPLAMA ARABASI, MB102X	BULAŞIK	BULAŞIK
buyuk-yemekhane-2000-3500.json	DR-01	YER IZGARASI, B2 SIĞ TİP	YER_IZGARALA	YER IZGARALARI
buyuk-yemekhane-2000-3500.json	DR-02	YER IZGARASI, B2 SIĞ TİP	YER_IZGARALA	YER IZGARALARI
buyuk-yemekhane-2000-3500.json	DR-03	YER IZGARASI, B2 SIĞ TİP	YER_IZGARALA	YER IZGARALARI
buyuk-yemekhane-2000-3500.json	MK-001	DERIN DONDURUCU, CANTEK	DEPOLAR	DEPOLAR
buyuk-yemekhane-2000-3500.json	MK-002	SUTLU MAMUL SOGUK ODA, CANTEK	DEPOLAR	DEPOLAR
buyuk-yemekhane-2000-3500.json	MK-003	KAHVALTI SOGUK ODA, CANTEK	DEPOLAR	DEPOLAR
buyuk-yemekhane-2000-3500.json	MK-004	SEBZE SOGUK ODA, CANTEK	DEPOLAR	DEPOLAR
buyuk-yemekhane-2000-3500.json	MK-005	SEBZE DERIN DONDURUCU, CANTEK	DEPOLAR	DEPOLAR
buyuk-yemekhane-2000-3500.json	MK-006	ET SOGUK ODA, CANTEK	DEPOLAR	DEPOLAR
buyuk-yemekhane-2000-3500.json	MK-008	TAVUK SOGUK ODA, CANTEK	DEPOLAR	DEPOLAR
buyuk-yemekhane-2000-3500.json	MK-010	TATLI & KAHVALTI SOGUK ODA, CANTEK	DEPOLAR	DEPOLAR
buyuk-yemekhane-2000-3500.json	MK-011	SICAK MUTFAK SOĞUK ODA, CANTEK	DEPOLAR	DEPOLAR
buyuk-yemekhane-2000-3500.json	MK-012	DIYET MUTFAK SOGUK ODA, CANTEK	DEPOLAR	DEPOLAR
buyuk-yemekhane-2000-3500.json	MK-014	IADE SOGUK ODA, CANTEK	DEPOLAR	DEPOLAR
buyuk-yemekhane-2000-3500.json	MK-015	ÇÖP SOĞUK ODA, CANTEK	DEPOLAR	DEPOLAR
buyuk-yemekhane-2000-3500.json	MK-020	İSTİF ETAJERİ, 304K PASLANMAZ	GENEL_ALANLA	GENEL ALANLAR
buyuk-yemekhane-2000-3500.json	MK-021	İSTİF ETAJERİ, 304K PASLANMAZ	GENEL_ALANLA	GENEL ALANLAR
buyuk-yemekhane-2000-3500.json	MK-022	GN ARABA, MT162X	GENEL_ALANLA	GENEL ALANLAR
buyuk-yemekhane-2000-3500.json	MK-023	İSTİF ETAJERİ, 304K PASLANMAZ	GENEL_ALANLA	GENEL ALANLAR
buyuk-yemekhane-2000-3500.json	MK-024	YER ETAJERİ, M80040	GENEL_ALANLA	GENEL ALANLAR
buyuk-yemekhane-2000-3500.json	MK-025	PLATFORM ARABA, MT192G	GENEL_ALANLA	GENEL ALANLAR
buyuk-yemekhane-2000-3500.json	MK-026	YER YIKAMA HORTUMU, M.TEMİNİ	GENEL_ALANLA	GENEL ALANLAR
buyuk-yemekhane-2000-3500.json	MK-027	EL YIKAMA EVYESI, BİLGE	GENEL_ALANLA	GENEL ALANLAR
buyuk-yemekhane-2000-3500.json	MK-028	YER ETAJERİ, M0682136P1834K	GENEL_ALANLA	GENEL ALANLAR
buyuk-yemekhane-2000-3500.json	MK-029	PLATFORM TARTI, ENDER, EB-TEB-600	GENEL_ALANLA	GENEL ALANLAR
buyuk-yemekhane-2000-3500.json	MK-030	SINEK OLDURUCU, ELECTROFROG, FI 0550	GENEL_ALANLA	GENEL ALANLAR
buyuk-yemekhane-2000-3500.json	MK-031	ÇÖP KONTEYNIRI, UÇAK, 240L	GENEL_ALANLA	GENEL ALANLAR
buyuk-yemekhane-2000-3500.json	MK-040	PATATES SOYMA MAKINASI, SIRMAN, PPJ20	SEBZE_ON_HAZ	SEBZE ON HAZIRLIK & SEBZE HAZIRLIK
buyuk-yemekhane-2000-3500.json	MK-042	ON YIKAMA DUSU, LIVA	SEBZE_ON_HAZ	SEBZE ON HAZIRLIK & SEBZE HAZIRLIK
buyuk-yemekhane-2000-3500.json	MK-044	DUVAR RAFI, YÜKSEL	SEBZE_ON_HAZ	SEBZE ON HAZIRLIK & SEBZE HAZIRLIK
buyuk-yemekhane-2000-3500.json	MK-045	EL YIKAMA EVYESI, BİLGE	SEBZE_ON_HAZ	SEBZE ON HAZIRLIK & SEBZE HAZIRLIK
buyuk-yemekhane-2000-3500.json	MK-046	SEBZE TASIMA ARABASI, MT140X	SEBZE_ON_HAZ	SEBZE ON HAZIRLIK & SEBZE HAZIRLIK
buyuk-yemekhane-2000-3500.json	MK-049	ÇÖP ARABASI, MB126X	SEBZE_ON_HAZ	SEBZE ON HAZIRLIK & SEBZE HAZIRLIK
buyuk-yemekhane-2000-3500.json	MK-050	DUVAR RAFI, YÜKSEL	SEBZE_ON_HAZ	SEBZE ON HAZIRLIK & SEBZE HAZIRLIK
buyuk-yemekhane-2000-3500.json	MK-051	BICAK STERIL DOLABI, M08220	SEBZE_ON_HAZ	SEBZE ON HAZIRLIK & SEBZE HAZIRLIK
buyuk-yemekhane-2000-3500.json	MK-052	SEBZE YIKAMA MAKİNASI, NILMA, ATIR I TILTING	SEBZE_ON_HAZ	SEBZE ON HAZIRLIK & SEBZE HAZIRLIK
buyuk-yemekhane-2000-3500.json	MK-053	SEBZE KURUTMA MAKİNASI, NILMA, IDROVER 50	SEBZE_ON_HAZ	SEBZE ON HAZIRLIK & SEBZE HAZIRLIK
buyuk-yemekhane-2000-3500.json	MK-054	SET USTU TARTI, ENDER, EB-NT-30	SEBZE_ON_HAZ	SEBZE ON HAZIRLIK & SEBZE HAZIRLIK
buyuk-yemekhane-2000-3500.json	MK-056	SEBZE DOGRAMA PARCALAMA MAKINASI, ROBOT-COUPE, R5PLUS	SEBZE_ON_HAZ	SEBZE ON HAZIRLIK & SEBZE HAZIRLIK
buyuk-yemekhane-2000-3500.json	MK-057	SEBZE DOGRAMA MAKINASI, ROBOT-COUPE, CL55 İTME KAFALI	SEBZE_ON_HAZ	SEBZE ON HAZIRLIK & SEBZE HAZIRLIK
buyuk-yemekhane-2000-3500.json	MK-057A	SEBZE DOGRAMA DİSK TAKIMI, ROBOT-COUPE, 1943	SEBZE_ON_HAZ	SEBZE ON HAZIRLIK & SEBZE HAZIRLIK
buyuk-yemekhane-2000-3500.json	MK-065	EL YIKAMA EVYESI, BİLGE	ET_HAZIRLIK	ET HAZIRLIK
buyuk-yemekhane-2000-3500.json	MK-067	ÇÖP ARABASI, MB126X	ET_HAZIRLIK	ET HAZIRLIK
buyuk-yemekhane-2000-3500.json	MK-068	BICAK STERIL DOLABI, M08220	ET_HAZIRLIK	ET HAZIRLIK
buyuk-yemekhane-2000-3500.json	MK-069	DUVAR RAFI, YÜKSEL	ET_HAZIRLIK	ET HAZIRLIK
buyuk-yemekhane-2000-3500.json	MK-070	ET KUTUGU, YÜKSEL	ET_HAZIRLIK	ET HAZIRLIK
buyuk-yemekhane-2000-3500.json	MK-073	DUVAR RAFI, YÜKSEL	ET_HAZIRLIK	ET HAZIRLIK
buyuk-yemekhane-2000-3500.json	MK-074	KIYMA MAKINASI, YILMAZ, INOX 2000 STR	ET_HAZIRLIK	ET HAZIRLIK
buyuk-yemekhane-2000-3500.json	MK-076	SET USTU TARTI, ENDER, EB-NT-30	ET_HAZIRLIK	ET HAZIRLIK
buyuk-yemekhane-2000-3500.json	MK-080	EL YIKAMA EVYESI, BİLGE	TAVUK_HAZIRL	TAVUK HAZIRLIK
buyuk-yemekhane-2000-3500.json	MK-082	BICAK STERIL DOLABI, M08220	TAVUK_HAZIRL	TAVUK HAZIRLIK
buyuk-yemekhane-2000-3500.json	MK-083	ÇÖP ARABASI, MB126X	TAVUK_HAZIRL	TAVUK HAZIRLIK
buyuk-yemekhane-2000-3500.json	MK-085	DUVAR RAFI, YÜKSEL	TAVUK_HAZIRL	TAVUK HAZIRLIK
buyuk-yemekhane-2000-3500.json	MK-086	ET KUTUGU, YÜKSEL	TAVUK_HAZIRL	TAVUK HAZIRLIK
buyuk-yemekhane-2000-3500.json	MK-089	DUVAR RAFI, YÜKSEL	TAVUK_HAZIRL	TAVUK HAZIRLIK
buyuk-yemekhane-2000-3500.json	MK-091	SET USTU TARTI, ENDER, EB-NT-30	TAVUK_HAZIRL	TAVUK HAZIRLIK
buyuk-yemekhane-2000-3500.json	MK-092	KIYMA MAKINASI, YILMAZ, INOX 2000 STR	TAVUK_HAZIRL	TAVUK HAZIRLIK
buyuk-yemekhane-2000-3500.json	MK-100	EL YIKAMA EVYESI, BİLGE	SICAK_MUTFAK	SICAK MUTFAK
buyuk-yemekhane-2000-3500.json	MK-101	YER YIKAMA HORTUMU, M.TEMİNİ	SICAK_MUTFAK	SICAK MUTFAK
buyuk-yemekhane-2000-3500.json	MK-103	DUVAR RAFI, YÜKSEL	SICAK_MUTFAK	SICAK MUTFAK
buyuk-yemekhane-2000-3500.json	MK-105	DUVAR RAFI, YÜKSEL	SICAK_MUTFAK	SICAK MUTFAK
buyuk-yemekhane-2000-3500.json	MK-107	ÇÖP ARABASI, MB126X	SICAK_MUTFAK	SICAK MUTFAK
buyuk-yemekhane-2000-3500.json	MK-109	DUVAR RAFI, YÜKSEL	SICAK_MUTFAK	SICAK MUTFAK
buyuk-yemekhane-2000-3500.json	MK-111	YER OCAGI, MAKPA-TR, TC.KOG100	SICAK_MUTFAK	SICAK MUTFAK
buyuk-yemekhane-2000-3500.json	MK-115	DUVAR RAFI, YÜKSEL	SICAK_MUTFAK	SICAK MUTFAK
buyuk-yemekhane-2000-3500.json	MK-116	ÇÖP ARABASI, MB126X	SICAK_MUTFAK	SICAK MUTFAK
buyuk-yemekhane-2000-3500.json	MK-117	FIRIN ARABASI, RATIONAL, N°: 60.22.086	SICAK_MUTFAK	SICAK MUTFAK
buyuk-yemekhane-2000-3500.json	MK-118A	KONVEKSİYONEL FIRIN, ELECTROLUX, 260704	SICAK_MUTFAK	SICAK MUTFAK
buyuk-yemekhane-2000-3500.json	MK-120	SOK DONDURUCU, POLARIS, PBF201ASP	SICAK_MUTFAK	SICAK MUTFAK
buyuk-yemekhane-2000-3500.json	MK-130	EL YIKAMA EVYESI, BİLGE	DIYET_MUTFAG	DIYET MUTFAGI
buyuk-yemekhane-2000-3500.json	MK-131	YER YIKAMA HORTUMU, M.TEMİNİ	DIYET_MUTFAG	DIYET MUTFAGI
buyuk-yemekhane-2000-3500.json	MK-132	GN ARABA, MT162X	DIYET_MUTFAG	DIYET MUTFAGI
buyuk-yemekhane-2000-3500.json	MK-134	DUVAR RAFI, YÜKSEL	DIYET_MUTFAG	DIYET MUTFAGI
buyuk-yemekhane-2000-3500.json	MK-136	ÇÖP ARABASI, MB126X	DIYET_MUTFAG	DIYET MUTFAGI
buyuk-yemekhane-2000-3500.json	MK-138	YER OCAGI, MAKPA-TR, TC.KOG100	DIYET_MUTFAG	DIYET MUTFAGI
buyuk-yemekhane-2000-3500.json	MK-138A	KUZİNE, MAKPA-TR, TC.1KE1010	DIYET_MUTFAG	DIYET MUTFAGI
buyuk-yemekhane-2000-3500.json	MK-139A	ALT STAND, YÜKSEL	DIYET_MUTFAG	DIYET MUTFAGI
buyuk-yemekhane-2000-3500.json	MK-140	TEPSİ ARABASI, MB102X	DIYET_MUTFAG	DIYET MUTFAGI
buyuk-yemekhane-2000-3500.json	MK-145	EL YIKAMA EVYESI, BİLGE	KAHVALTI_SOĞ	KAHVALTI SOĞUK MUTFAK
buyuk-yemekhane-2000-3500.json	MK-146	YER YIKAMA HORTUMU, M.TEMİNİ	KAHVALTI_SOĞ	KAHVALTI SOĞUK MUTFAK
buyuk-yemekhane-2000-3500.json	MK-149	DUVAR RAFI, YÜKSEL	KAHVALTI_SOĞ	KAHVALTI SOĞUK MUTFAK
buyuk-yemekhane-2000-3500.json	MK-151	DUVAR RAFI, YÜKSEL	KAHVALTI_SOĞ	KAHVALTI SOĞUK MUTFAK
buyuk-yemekhane-2000-3500.json	MK-153	DIK TIP BUZDOLABI, MAKPA-FR, VN7	KAHVALTI_SOĞ	KAHVALTI SOĞUK MUTFAK
buyuk-yemekhane-2000-3500.json	MK-155	DUVAR RAFI, YÜKSEL	KAHVALTI_SOĞ	KAHVALTI SOĞUK MUTFAK
buyuk-yemekhane-2000-3500.json	MK-156	ÇÖP ARABASI, MB126X	KAHVALTI_SOĞ	KAHVALTI SOĞUK MUTFAK
buyuk-yemekhane-2000-3500.json	MK-158	DUVAR RAFI, YÜKSEL	KAHVALTI_SOĞ	KAHVALTI SOĞUK MUTFAK
buyuk-yemekhane-2000-3500.json	MK-160	GN ARABA, MT162X	KAHVALTI_SOĞ	KAHVALTI SOĞUK MUTFAK
buyuk-yemekhane-2000-3500.json	MK-165	EL YIKAMA EVYESI, BİLGE	TATLI_&_KAHV	TATLI & KAHVALTI
buyuk-yemekhane-2000-3500.json	MK-166	YER YIKAMA HORTUMU, M.TEMİNİ	TATLI_&_KAHV	TATLI & KAHVALTI
buyuk-yemekhane-2000-3500.json	MK-167	GN ARABA, MT162X	TATLI_&_KAHV	TATLI & KAHVALTI
buyuk-yemekhane-2000-3500.json	MK-169	DUVAR RAFI, YÜKSEL	TATLI_&_KAHV	TATLI & KAHVALTI
buyuk-yemekhane-2000-3500.json	MK-171	DUVAR RAFI, YÜKSEL	TATLI_&_KAHV	TATLI & KAHVALTI
buyuk-yemekhane-2000-3500.json	MK-173	DUVAR RAFI, YÜKSEL	TATLI_&_KAHV	TATLI & KAHVALTI
buyuk-yemekhane-2000-3500.json	MK-174	GIDA DILIMLEME MAKINASI, SIRMAN, MIRRA300	TATLI_&_KAHV	TATLI & KAHVALTI
buyuk-yemekhane-2000-3500.json	MK-176	ÇÖP ARABASI, MB126X	TATLI_&_KAHV	TATLI & KAHVALTI
buyuk-yemekhane-2000-3500.json	MK-177	MIKSER, DIRMAK, IBT 100-VEL	TATLI_&_KAHV	TATLI & KAHVALTI
buyuk-yemekhane-2000-3500.json	MK-179	FIRIN ARABASI (20GN2/1), ELECTROLUX, 922134	TATLI_&_KAHV	TATLI & KAHVALTI
buyuk-yemekhane-2000-3500.json	MK-180	KONVEKSİYONEL FIRIN(20GN2/1), ELECTROLUX, 260704	TATLI_&_KAHV	TATLI & KAHVALTI
buyuk-yemekhane-2000-3500.json	MK-181	YER OCAGI, MAKPA-TR, TC.KOG100	TATLI_&_KAHV	TATLI & KAHVALTI
buyuk-yemekhane-2000-3500.json	MK-210	TEPSİ ARABASI, MB102X	PORSIYONLAMA	PORSIYONLAMA MUTFAGI
buyuk-yemekhane-2000-3500.json	MK-211	ÇATAL KAŞIK ARABASI, M120X+A1	PORSIYONLAMA	PORSIYONLAMA MUTFAGI
buyuk-yemekhane-2000-3500.json	MK-212	PORSİYONLAMA KONVEYOR ÜNİTESİ, RIEBER, GSV-6	PORSIYONLAMA	PORSIYONLAMA MUTFAGI
buyuk-yemekhane-2000-3500.json	MK-213	HAREKETLİ SOĞUK ÜNİTE, MAKPA	PORSIYONLAMA	PORSIYONLAMA MUTFAGI
buyuk-yemekhane-2000-3500.json	MK-214	HAREKETLİ SICAK ÜNİTE, MAKPA	PORSIYONLAMA	PORSIYONLAMA MUTFAGI
buyuk-yemekhane-2000-3500.json	MK-215	KASE ISITMA ARABASI, RIEBER, REH-2-290	PORSIYONLAMA	PORSIYONLAMA MUTFAGI
buyuk-yemekhane-2000-3500.json	MK-216	TABAK ISITMA ARABASI, M0112X/ISITMALI	PORSIYONLAMA	PORSIYONLAMA MUTFAGI
buyuk-yemekhane-2000-3500.json	MK-217	YEMEK TAŞIMA ARABASI, BURLODGE, RTS-TALL HL	PORSIYONLAMA	PORSIYONLAMA MUTFAGI
buyuk-yemekhane-2000-3500.json	MK-217A	YEMEK TAŞIMA ARABASI, BURLODGE, MULTIGEN II	PORSIYONLAMA	PORSIYONLAMA MUTFAGI
buyuk-yemekhane-2000-3500.json	MK-218	İSTİF ETAJERİ, 304K PASLANMAZ	PORSIYONLAMA	PORSIYONLAMA MUTFAGI
buyuk-yemekhane-2000-3500.json	MK-220	DUVAR RAFI, YÜKSEL	PORSIYONLAMA	PORSIYONLAMA MUTFAGI
buyuk-yemekhane-2000-3500.json	MK-221	İSTİF ETAJERİ, 304K PASLANMAZ	PORSIYONLAMA	PORSIYONLAMA MUTFAGI
buyuk-yemekhane-2000-3500.json	MK-222	İSTİF ETAJERİ, 304K PASLANMAZ	PORSIYONLAMA	PORSIYONLAMA MUTFAGI
buyuk-yemekhane-2000-3500.json	MK-223	EL YIKAMA EVYESI, BİLGE	PORSIYONLAMA	PORSIYONLAMA MUTFAGI
buyuk-yemekhane-2000-3500.json	MK-224	YER YIKAMA HORTUMU, M.TEMİNİ	PORSIYONLAMA	PORSIYONLAMA MUTFAGI
buyuk-yemekhane-2000-3500.json	MK-226	DUVAR RAFI, YÜKSEL	PORSIYONLAMA	PORSIYONLAMA MUTFAGI
buyuk-yemekhane-2000-3500.json	MK-231	BASKET RAFI, YÜKSEL-K	BULASIK	BULASIK
buyuk-yemekhane-2000-3500.json	MK-232	ÇÖP ARABASI, MB126X	BULASIK	BULASIK
buyuk-yemekhane-2000-3500.json	MK-235	ON YIKAMA DUSU, LIVA	BULASIK	BULASIK
buyuk-yemekhane-2000-3500.json	MK-236	BULASIK YIKAMA MAKINASI, COMENDA, AC2EP5	BULASIK	BULASIK
buyuk-yemekhane-2000-3500.json	MK-237	KURUTMA TUNELI, COMENDA, AS600	BULASIK	BULASIK
buyuk-yemekhane-2000-3500.json	MK-240	İSTİF ETAJERİ, 304K PASLANMAZ	BULASIK	BULASIK
buyuk-yemekhane-2000-3500.json	MK-241	COP KONTEYNIRI, UÇAK, 240L	BULASIK	BULASIK
buyuk-yemekhane-2000-3500.json	MK-242	YER YIKAMA HORTUMU, M.TEMİNİ	BULASIK	BULASIK
buyuk-yemekhane-2000-3500.json	MK-243	YER IZGARASI, B2 SIĞ TİP	BULASIK	BULASIK
buyuk-yemekhane-2000-3500.json	MK-272	DUVAR RAFI, YÜKSEL	MUTFAK	MUTFAK
buyuk-yemekhane-2000-3500.json	MK-274	EL YIKAMA EVYESI, BİLGE	MUTFAK	MUTFAK
buyuk-yemekhane-2000-3500.json	MK-281	BASKET RAFI, YÜKSEL-K	BULASIK	BULASIK
buyuk-yemekhane-2000-3500.json	MK-283	ON YIKAMA DUSU, LIVA	BULASIK	BULASIK
buyuk-yemekhane-2000-3500.json	MK-284	BULASIK YIKAMA MAKINASI, COMENDA, RC411	BULASIK	BULASIK
buyuk-yemekhane-2000-3500.json	MK-287	İSTİF ETAJERİ, 304K PASLANMAZ	BULASIK	BULASIK
buyuk-yemekhane-2000-3500.json	DR-001	YER IZGARASI, B2 SIĞ TİP	YER_IZGARALA	YER IZGARALARI
buyuk-yemekhane-2000-3500.json	DR-002	YER IZGARASI, B2 SIĞ TİP	YER_IZGARALA	YER IZGARALARI
buyuk-yemekhane-2000-3500.json	DR-003	YER IZGARASI, B2 SIĞ TİP	YER_IZGARALA	YER IZGARALARI
buyuk-yemekhane-2000-3500.json	DR-004	YER IZGARASI, B2 SIĞ TİP	YER_IZGARALA	YER IZGARALARI
casual-cafe-50-150.json	B1	DEPO TİPİ BUZDOLABI, TEK KAPILI	B	B- HAZIRLIK MUTFAĞI
casual-cafe-50-150.json	B2	BLOK KAPAKLI DERİN DONDURUCU	B	B- HAZIRLIK MUTFAĞI
casual-cafe-50-150.json	B4	BAINMARIE, 3 GN 1/1, SETÜSTÜ	B	B- HAZIRLIK MUTFAĞI
casual-cafe-50-150.json	B6	FRİTÖZ, TEK SEPETLİ, ELK., SETÜSTÜ	B	B- HAZIRLIK MUTFAĞI
casual-cafe-50-150.json	B7	6 AÇIK ALEVLİ KUZİNE	B	B- HAZIRLIK MUTFAĞI
casual-cafe-50-150.json	B11	DUVAR RAFI	B	B- HAZIRLIK MUTFAĞI
casual-cafe-50-150.json	B13	BULAŞIK YIKAMA MAKİNASI, SETALTI	B	B- HAZIRLIK MUTFAĞI
casual-cafe-50-150.json	B14	DUVAR RAFI	B	B- HAZIRLIK MUTFAĞI
casual-cafe-50-150.json	Y1	YER IZGARASI	Y	Y- YER IZGARASI
coffee-shop-referans-ekipman-listesi.json	A5	ŞİŞE SOĞUTUCU, ÜÇ KAPILI		
coffee-shop-referans-ekipman-listesi.json	A6	ŞİŞE SOĞUTUCU, İKİ KAPILI		
coffee-shop-referans-ekipman-listesi.json	A8	ÇÖP ARABASI		
coffee-shop-referans-ekipman-listesi.json	A10	RINCER EVYESİ		
coffee-shop-referans-ekipman-listesi.json	A11	BUZ MAKİNASI		
coffee-shop-referans-ekipman-listesi.json	A12	DERİN DONDURUCU, TEK KAPILI		
coffee-shop-referans-ekipman-listesi.json	A14	JET FIRIN		
coffee-shop-referans-ekipman-listesi.json	A15	FIRIN UNOX		
coffee-shop-referans-ekipman-listesi.json	A18	KATI MEYVE SIKACAĞI		
coffee-shop-referans-ekipman-listesi.json	A19	BAR MİKSER		
coffee-shop-referans-ekipman-listesi.json	A21	YER IZGARASI		
coffee-shop-referans-ekipman-listesi.json	B1	DEPO TİPİ DERİNDONDURUCU		
coffee-shop-referans-ekipman-listesi.json	B2	DEPO TİPİ BUZDOLABI		
coffee-shop-referans-ekipman-listesi.json	B3	NAKLİYE MONTAJ		
coffee-shop-referans.json	A3	ŞİŞE SOĞUTUCU, İKİ KAPILI		
coffee-shop-referans.json	A6	ÇÖP ARABASI		
coffee-shop-referans.json	A7	BUZ MAKİNASI		
coffee-shop-referans.json	A13	KATI MEYVE SIKACAĞI		
coffee-shop-referans.json	A14	BAR MİKSER		
coffee-shop-referans.json	A17	MERRYCHEF		
coffee-shop-referans.json	A18	SETALTI BUZDOLABI, TEK KAPILI		
coffee-shop-referans.json	A19	SETALTI DERİNDONDURUCU, TEK KAPILI		
coffee-shop-referans.json	A20	MONTAJ NAKLİYE		
guneli-pastane-200-400.json	M1	İSTİF RAFI, 4 KATLI	M	M- MUTFAK
guneli-pastane-200-400.json	M2	DEPO TİPİ BUZDOLABI, TEK KAPILI (frenox)	M	M- MUTFAK
guneli-pastane-200-400.json	M3	DEPO TİPİ DERİNDONDURUCU, TEK KAPILI (frenox)	M	M- MUTFAK
guneli-pastane-200-400.json	M4	CİHAZALTI BUZDOLABI, ÇEKMECELİ (frenox)	M	M- MUTFAK
guneli-pastane-200-400.json	M5	MAKARNA PİŞİRİCİ, ELK., SETÜSTÜ (t. çelik)	M	M- MUTFAK
guneli-pastane-200-400.json	M6	4 AÇIK ALEVLİ OCAK, GAZLI, SETÜSTÜ (inoksan)	M	M- MUTFAK
guneli-pastane-200-400.json	M7	DÖKÜM IZGARA, GAZLI, SETÜSTÜ (t. çelik)	M	M- MUTFAK
guneli-pastane-200-400.json	M9	FRİTÖZ, ÇİFT SEPETLİ, ELK., SETÜSTÜ (t. çelik)	M	M- MUTFAK
guneli-pastane-200-400.json	M12	KONVEKSİYONLU FIRIN, ELK., LAINOX (lainox)	M	M- MUTFAK
guneli-pastane-200-400.json	M13	PİZZA FIRINI, 2 KATLI (atalay)	M	M- MUTFAK
guneli-pastane-200-400.json	M14	TAVA RAFI (imalat)	M	M- MUTFAK
guneli-pastane-200-400.json	M16	PİZZA HAZIRLIK BUZDOLABI, MERMER TABLALI, 2 KAPILI (frenox)	M	M- MUTFAK
guneli-pastane-200-400.json	M17	DUVAR RAFI (imalat)	M	M- MUTFAK
guneli-pastane-200-400.json	M18	HAMUR YOĞURMA MAKİNASI (bosfor)	M	M- MUTFAK
guneli-pastane-200-400.json	M20	DUVAR RAFI (imalat)	M	M- MUTFAK
guneli-pastane-200-400.json	M21	MAKE-UP BUZDOLABI, 2 KAPILI (frenox)	M	M- MUTFAK
guneli-pastane-200-400.json	M22	DUVAR RAFI (imalat)	M	M- MUTFAK
guneli-pastane-200-400.json	M25	TOST MAKİNASI (atalay)	M	M- MUTFAK
guneli-pastane-200-400.json	D2	ÖN YIKAMA DUŞU (cancan)	D	D- BULAŞIKHANE
guneli-pastane-200-400.json	D3	BULAŞIK YIKAMA MAKİNASI, SETALTI (fagor)	D	D- BULAŞIKHANE
guneli-pastane-200-400.json	D4	ÇÖP ARABASI	D	D- BULAŞIKHANE
guneli-pastane-200-400.json	D5	İSTİF RAFI, ÖZEL İMALAT (imalat)	D	D- BULAŞIKHANE
guneli-pastane-200-400.json	B2	BULAŞIK YIKAMA MAKİNASI, SETALTI (fagor)	B	B- BAR
guneli-pastane-200-400.json	B4	BUZ MAKİNASI, ITALYAN (brema)	B	B- BAR
guneli-pastane-200-400.json	B5	PORTAKAL SIKMA MAKİNASI (santos)	B	B- BAR
guneli-pastane-200-400.json	B7	ÇAY KAZANI, 2 DEMLİKLİ, GAZLI+ ELEKTRİKLİ (meşale)	B	B- BAR
guneli-pastane-200-400.json	B11	ŞERBETLİK (ugolini)	B	B- BAR
guneli-pastane-200-400.json	Y1	YER IZGARASI	Y	Y- YER IZGARASI
guneli-pastane-200-400.json	Y2	YER IZGARASI	Y	Y- YER IZGARASI
hamburger-kiosk-60-100.json	A2	BULAŞIK YIKAMA MAKİNASI		
hamburger-kiosk-60-100.json	A7	SET ALTI DEEP FREEZE		
hamburger-kiosk-60-100.json	A10	2 AÇIK ALEVLİ OCAK, SETÜSTÜ		
hamburger-kiosk-60-100.json	A11	FRİTÖZ, TEK SEPETLİ, ELK. SETÜSTÜ		
hamburger-kiosk-60-100.json	A12	PATATES DİNLENDİRME, ELK. SETÜSTÜ		
hamburger-kiosk-60-100.json	A13	OLUKLU IZGARA, GAZLI, MARENO		
hamburger-kiosk-60-100.json	A14	YARI OLUKLU IZGARA, GAZL		
hamburger-kiosk-60-100.json	A15	SETALTI BUZDOLABI, 4 KAPILI		
hamburger-kiosk-60-100.json	A17	YER IZGARASI		
hamburger-kiosk-60-100.json	B1	İSTİF RAFI	B	B- KURU DEPO
hamburger-kiosk-60-100.json	C1	PANEL TİP SOĞUK ODA	C	C- SOĞUK ODA
hamburger-kiosk-60-100.json	B1	İSTİF RAFI	C	C- SOĞUK ODA
hamburger-kiosk-60-100.json	D1	PANEL TİP SOĞUK ODA	D	D- DERİN DONDURUCU ODA
hamburger-kiosk-60-100.json	B1	İSTİF RAFI	D	D- DERİN DONDURUCU ODA
harvest-cafe-100-200.json	A1	İSTİF RAFI, DEMONTE, 4 KATLI	A	A- KURU DEPO
harvest-cafe-100-200.json	A3	DUVAR RAFI	A	A- KURU DEPO
harvest-cafe-100-200.json	B1	PANEL TİP SOĞUK ODA	B	B- SOĞUK ODA
harvest-cafe-100-200.json	B2	İSTİF RAFI, DEMONTE, 4 KATLI	B	B- SOĞUK ODA
harvest-cafe-100-200.json	B3	İSTİF RAFI, DEMONTE, 4 KATLI	B	B- SOĞUK ODA
harvest-cafe-100-200.json	C1	PANEL TİP DERİN DONDURUCU ODA	C	C- DERİN DONDURUCU ODA
harvest-cafe-100-200.json	C2	İSTİF RAFI, DEMONTE, 4 KATLI	C	C- DERİN DONDURUCU ODA
harvest-cafe-100-200.json	C3	İSTİF RAFI, DEMONTE, 4 KATLI	C	C- DERİN DONDURUCU ODA
harvest-cafe-100-200.json	C4	İSTİF RAFI, DEMONTE, 4 KATLI	C	C- DERİN DONDURUCU ODA
harvest-cafe-100-200.json	E2	DUVAR RAFI	E	E- BULAŞIK YIKAMA
harvest-cafe-100-200.json	E3	BULAŞIK YIKAMA MAKİNASI, SETALTI (TECH-500)	E	E- BULAŞIK YIKAMA
harvest-cafe-100-200.json	F5	SOĞUK TEŞHİR DOLABI, DEPOSUZ, MOTORU BÜNYESİNDE, GRANİT DAHİL, MOBİLYA HARİÇTİR	F	F- BAR & TEŞHİR
harvest-cafe-100-200.json	F7	BUZ MAKİNASI	F	F- BAR & TEŞHİR
harvest-cafe-100-200.json	F8	ÇAY OTOMATI	F	F- BAR & TEŞHİR
harvest-cafe-100-200.json	F9	KOLLU PORTAKAL SIKMA	F	F- BAR & TEŞHİR
harvest-cafe-100-200.json	F11	ŞİŞE SOĞUTUCU, TEK KAPILI, SETALTI	F	F- BAR & TEŞHİR
harvest-cafe-100-200.json	Y1	YER IZGARASI	Y	Y- YER IZGARASI
harvest-cafe-100-200.json	Y2	YER IZGARASI	Y	Y- YER IZGARASI
harvest-cafe-100-200.json	Z1	YOĞUŞMALI HAVALANDIRMA SİSTEMİ; ELEKTROSTATİK FİLTRELİ, KOKU TUTUCU, DUMAN TUTUCU, İNVEKTÖR, DIŞARI TAHLİYE BACALI	Z	Z- HAVALANDIRMA
hotdog-kiosk-kiosk.json	A1	İSTİF RAFI		
hotdog-kiosk-kiosk.json	B1	PANEL TİP SOĞUK ODA	B	B- SOĞUK ODA
hotdog-kiosk-kiosk.json	B2	İSTİF RAFI	B	B- SOĞUK ODA
inari-bar-yemek-100-200.json	B3	ÇÖP ARABASI, PASLANMAZ ÇELİK	B	B- BAR
inari-bar-yemek-100-200.json	B6	BUZ MAKİNASI	B	B- BAR
inari-bar-yemek-100-200.json	B7	BAR MİKSER	B	B- BAR
inari-bar-yemek-100-200.json	B8	PORTAKAL SIKMA MAKİNASI	B	B- BAR
inari-bar-yemek-100-200.json	B12	ÇÖP ARABASI, PASLANMAZ ÇELİK	B	B- BAR
inari-bar-yemek-100-200.json	M4	IZGARA, GAZLI, SETÜSTÜ	M	M- MUTFAK
inari-bar-yemek-100-200.json	M6	4 AÇIK ALEVLİ OCAK, GAZLI	M	M- MUTFAK
inari-bar-yemek-100-200.json	Y1	YER IZGARASI	Y	Y- YER IZGARASI
inari-bar-yemek-100-200.json	Y2	YER IZGARASI	Y	Y- YER IZGARASI
italyan-100-300.json	A1	DİZDEN KUMANDALI EL YIKAMA LAVABOSU		
italyan-100-300.json	A2	İSTİF RAFI		
italyan-100-300.json	B1	PANEL TİP SOĞUK ODA		
italyan-100-300.json	B2	İSTİF RAFI		
italyan-100-300.json	C1	PANEL TİP SOĞUK ODA		
italyan-100-300.json	C2	İSTİF RAFI		
italyan-100-300.json	D2	DUVAR RAFI		
italyan-100-300.json	D3	ÇÖP ARABASI		
italyan-100-300.json	D5	DUVAR RAFI		
italyan-100-300.json	D6	BIÇAK STERİL DOLABI		
italyan-100-300.json	E2	DUVAR RAFI		
italyan-100-300.json	E2A	ÇÖP ARABASI		
italyan-100-300.json	E4	BIÇAK STERİL DOLABI		
italyan-100-300.json	E7	SİNEK ÖLÜDÜRÜCÜ		
italyan-100-300.json	F2	DUVAR RAFI		
italyan-100-300.json	F4	DUVAR RAFI		
italyan-100-300.json	F5	UN ŞEKER ARABASI		
italyan-100-300.json	F7	DUVAR RAFI		
italyan-100-300.json	F8	BIÇAK STERİL DOLABI		
italyan-100-300.json	F9	HAMUR YOĞURMA MAKİNASI, DOMINO		
italyan-100-300.json	G1	PİZZA HAZIRLIK MAKE-UP ÜNİTESİ		
italyan-100-300.json	G2	PİZZA FIRINI, ÇİFT KATLI		
italyan-100-300.json	G4	KONVEKSİYONLU FIRIN, ELEKTRİKLİ		
italyan-100-300.json	G5	FRİTÖZ, ÇİFT SEPETLİ, ELK., SETÜSTÜ		
italyan-100-300.json	G6	LAVTAŞLI IZGARA, GAZLI, SETÜSTÜ		
italyan-100-300.json	G7	4 AÇIK ALEVLİ OCAK, GAZLI, SETÜSTÜ		
italyan-100-300.json	G8	SOS BAINMARIE, ELK. SETÜSTÜ		
italyan-100-300.json	G11	SETALTI BUZDOLABI, 3 KAPILI		
italyan-100-300.json	G12A	TAVA RAFI		
italyan-100-300.json	G16	SİNEK ÖLDÜRÜCÜ		
italyan-100-300.json	H1	DEPO TİPİ BUZDOLABI, TEK KAPILI		
italyan-100-300.json	H3	DUVAR RAFI		
italyan-100-300.json	H3A	ÇÖP ARABASI		
italyan-100-300.json	H5	DUVAR RAFI		
italyan-100-300.json	H6	MAKE-UP UNİTESİ, 3 KAPILI		
italyan-100-300.json	H9	TOST MAKİNASI		
italyan-100-300.json	J5	ÇAY OTOMATI		
italyan-100-300.json	J9	BUZ MAKİNASI		
italyan-100-300.json	J11	BAR MİKSER		
italyan-100-300.json	J12	PORTAKAL SIKMA MAKİNASI		
italyan-100-300.json	J13	KATI MEYVE PRESİ		
italyan-100-300.json	J17	KASA BANKOSU		
italyan-100-300.json	K2	BASKET RAFI		
italyan-100-300.json	K3	ÇÖP ARABASI		
italyan-100-300.json	K5	ÖN YIKAMA DUŞU		
italyan-100-300.json	K6	YAĞ TUTUCU		
italyan-100-300.json	K7	BULAŞIK YIKAMA MAKİNASI, GİYOTİN TİP		
italyan-100-300.json	K10	İSTİF RAFI		
italyan-100-300.json	Y1	YER IZGARASI		
italyan-100-300.json	Y2	YER IZGARASI		
italyan-150-300.json	A1	İSTİF RAFI		
italyan-150-300.json	A2	İSTİF RAFI		
italyan-150-300.json	B1	PANEL TİP SOĞUK ODA		
italyan-150-300.json	B2	İSTİF RAFI		
italyan-150-300.json	B3	İSTİF RAFI		
italyan-150-300.json	C1	PANEL TİP DERİN DONDURUCU DEPO		
italyan-150-300.json	C2	İSTİF RAFI		
italyan-150-300.json	D1	DEPO TİPİ BUZDOLABI, TEK KAPILI		
italyan-150-300.json	D2	ET KÜTÜĞÜ		
italyan-150-300.json	D3	BIÇAK STERİL DOLABI		
italyan-150-300.json	D5	DUVAR RAFI		
italyan-150-300.json	D7	DUVAR RAFI		
italyan-150-300.json	D9	DUVAR RAFI		
italyan-150-300.json	D10	ÇÖP ARABASI		
italyan-150-300.json	E1	DİZDEN KUMANDALI EL YIKAMA LAVABOSU		
italyan-150-300.json	E2	DEPO TİPİ BUZDOLABI, TEK KAPILI		
italyan-150-300.json	E3	PİZZA FIRINI, ÇİFT KATLI		
italyan-150-300.json	E5	HAMUR YOĞURMA MAKİNASIİ DOMINO		
italyan-150-300.json	E7	MAKE-UP PİZZA HAZIRLIK BUZDOLABI, 3 KAPILI, MERMER TABLALI		
italyan-150-300.json	E9	SİNEK ÖLDÜRÜCÜ		
italyan-150-300.json	F1	DİZDEN KUMANDALI EL YIKAMA LAVABOSU		
italyan-150-300.json	F2	DEPO TİPİ BUZDOLABI, TEK KAPILI		
italyan-150-300.json	F4	DUVAR RAFI		
italyan-150-300.json	F6	DUVAR RAFI		
italyan-150-300.json	F8	MAKE-UP ÜNİTESİ, 2 KAPILI		
italyan-150-300.json	G1	DEPO TİPİ BUZDOLABI, TEK KAPILI		
italyan-150-300.json	G3	FRİTÖZ, ÇİFT SEPETLİ, ELK. SETÜSTÜ		
italyan-150-300.json	G4	LAVTAŞLI IZGARA, GAZLI, SETÜSTÜ		
italyan-150-300.json	G6	4 AÇIK ALEVLİ OCAK, GAZLI, SETÜSTÜ		
italyan-150-300.json	G7	2 AÇIK ALEVLİ OCAK, GAZLI, SETÜSTÜ		
italyan-150-300.json	G8	MAKARNA PİŞİRİCİ, ELK., SETÜSTÜ		
italyan-150-300.json	G11	TOST MAKİNASI		
italyan-150-300.json	G13	MİKRODALGA FIRIN		
italyan-150-300.json	G14	TAVA RAFI		
italyan-150-300.json	I6	ÇAY OTOMATI		
italyan-150-300.json	I12	BUZ MAKİNASI, BREMA CB416		
italyan-150-300.json	I14	BAR MİKSER		
italyan-150-300.json	I15	PORTAKAL SIKMA MAKİNASI		
italyan-150-300.json	I16	KATI MEYVE PRESİ, SANTOS		
italyan-150-300.json	H3	BASKET RAFI		
italyan-150-300.json	H4	ÇÖP ARABASI		
italyan-150-300.json	H6	ÖN YIKAMA DUŞU		
italyan-150-300.json	H7	YAĞ TUTUCU		
italyan-150-300.json	H8	BULAŞIK YIKAMA MAKİNASI, GİYOTİN TİP, NEO NSP80		
italyan-150-300.json	H12	İSTİF RAFI		
italyan-150-300.json	Y1	YER IZGARASI		
italyan-150-300.json	Y2	YER IZGARASI		
kahve-atolyesi-80-150.json	K1	İSTİF RAFI, DEMONTE, 4 KATLI	K	K- KURU DEPO
kahve-atolyesi-80-150.json	K2	İSTİF RAFI, DEMONTE, 4 KATLI	K	K- KURU DEPO
kahve-atolyesi-80-150.json	B2	ÇİKOLATA DOLABI, GRANİT MOBİLYA HARİÇTİR	B	B- BAR
kahve-atolyesi-80-150.json	B5	BAR EKİPMANI 1	B	B- BAR
kahve-atolyesi-80-150.json	B6	BAR EKİPMANI 2	B	B- BAR
kahve-atolyesi-80-150.json	B7	BAR EKİPMANI 3	B	B- BAR
kahve-atolyesi-80-150.json	B8	BAR EKİPMANI 4	B	B- BAR
kahve-atolyesi-80-150.json	B12	BUZ MAKİNASI	B	B- BAR
kahve-atolyesi-80-150.json	B13	BAR EKİPMANI 5	B	B- BAR
kahve-atolyesi-80-150.json	B14	BAR EKİPMANI 6	B	B- BAR
kahve-atolyesi-80-150.json	D2	DUVAR RAFI	B	B- BULAŞIK YIKAMA
kahve-atolyesi-80-150.json	D3	ÇÖP ARABASI	B	B- BULAŞIK YIKAMA
kahve-atolyesi-80-150.json	D4	BULAŞIK YIKAMA MAKİNASI, SETALTI	B	B- BULAŞIK YIKAMA
kahve-atolyesi-80-150.json	D5	İSTİF RAFI, DEMONTE, 4 KATLI	B	B- BULAŞIK YIKAMA
kahve-atolyesi-80-150.json	D7	DUVAR RAFI	B	B- BULAŞIK YIKAMA
kahve-atolyesi-80-150.json	D9	DUVAR RAFI	B	B- BULAŞIK YIKAMA
kahve-atolyesi-80-150.json	D10	DEPO TİPİ BUZDOLABI, TEK KAPILI	B	B- BULAŞIK YIKAMA
kahve-atolyesi-80-150.json	D11	DEPO TİPİ DERİN DONDURUCU, TEK KAPILI	B	B- BULAŞIK YIKAMA
kahve-atolyesi-80-150.json	M2	MAKE-UP DOLABI, 2 KAPILI, KÜVETLER DAHİL	M	M- MUTFAK
kahve-atolyesi-80-150.json	M7	KONVEKSİYONLU FIRIN	M	M- MUTFAK
kahve-atolyesi-80-150.json	M8	CİHAZALTI BUZDOLABI, ÇEKMECELİ	M	M- MUTFAK
kahve-atolyesi-80-150.json	M9	SOS BAINMARIE, ELK., SETÜSTÜ	M	M- MUTFAK
kahve-atolyesi-80-150.json	M10	4 AÇIK ALEVLİ OCAK, GAZLI, SETÜSTÜ	M	M- MUTFAK
kahve-atolyesi-80-150.json	M11	FRİTÖZ, ÇİFT SEPETLİ, ELK., SETÜSTÜ	M	M- MUTFAK
kahve-atolyesi-80-150.json	M13	TAVA RAFI	M	M- MUTFAK
kahve-atolyesi-80-150.json	M14	DEPO TİPİ BUZDOLABI, TEK KAPILI	M	M- MUTFAK
kahve-atolyesi-80-150.json	M16	DUVAR RAFI	M	M- MUTFAK
kahve-atolyesi-80-150.json	M18	DUVAR RAFI	M	M- MUTFAK
kahve-atolyesi-80-150.json	Y1	YER IZGARASI	Y	Y- YER IZGARASI
kahve-atolyesi-80-150.json	Y2	YER IZGARASI	Y	Y- YER IZGARASI
kahve-duragi-100-200.json	A2	FIRIN STANDI	A	A- SICAK MUTFAK
kahve-duragi-100-200.json	A3	BUHAR KONVEKSİYONLU FIRIN, ELK	A	A- SICAK MUTFAK
kahve-duragi-100-200.json	A6	MAKARNA PİŞİRİCİ	A	A- SICAK MUTFAK
kahve-duragi-100-200.json	A7	IZGARA	A	A- SICAK MUTFAK
kahve-duragi-100-200.json	A8	KUZİNE	A	A- SICAK MUTFAK
kahve-duragi-100-200.json	A10	TEK KAPAKLI TOST MAKİNASI	A	A- SICAK MUTFAK
kahve-duragi-100-200.json	A11	TAVA RAFI	A	A- SICAK MUTFAK
kahve-duragi-100-200.json	A12	TEL RAF 4 KATLI	A	A- SICAK MUTFAK
kahve-duragi-100-200.json	A13	GARNİTÜR ÜNİTELİ BUZDOLABI	A	A- SICAK MUTFAK
kahve-duragi-100-200.json	G3	DUVAR RAFI	G	G- SEBZE HAZIRLIK
kahve-duragi-100-200.json	M1	TEL RAF 4 KATLI	M	M- DEPOLAR
kahve-duragi-100-200.json	M2	DEPO TİPİ BUZDOLABI, TEK KAPILI	M	M- DEPOLAR
kahve-duragi-100-200.json	M3	DEPO TİPİ DERİN DONDURUCU, TEK KAPILI	M	M- DEPOLAR
kahve-duragi-100-200.json	Y1	YER IZGARASI	Y	Y- YER IZGARALARI
kahve-duragi-150-200.json	A1	FIRIN STANDI	A	A- SICAK MUTFAK
kahve-duragi-150-200.json	A2	BUHAR KONVEKSİYONLU FIRIN, ELK	A	A- SICAK MUTFAK
kahve-duragi-150-200.json	A5	MAKARNA PİŞİRİCİ	A	A- SICAK MUTFAK
kahve-duragi-150-200.json	A6	IZGARA	A	A- SICAK MUTFAK
kahve-duragi-150-200.json	A7	TAVA RAFI	A	A- SICAK MUTFAK
kahve-duragi-150-200.json	A9	KUZİNE	A	A- SICAK MUTFAK
kahve-duragi-150-200.json	A10	TEK KAPAKLI TOST MAKİNASI	A	A- SICAK MUTFAK
kahve-duragi-150-200.json	A13	GARNİTÜR ÜNİTELİ BUZDOLABI	A	A- SICAK MUTFAK
kahve-duragi-150-200.json	A14	TEL RAF 4 KATLI	A	A- SICAK MUTFAK
kahve-duragi-150-200.json	G3	DUVAR RAFI	G	G- SEBZE HAZIRLIK
kahve-duragi-150-200.json	M1	DEPO TİPİ DERİN DONDURUCU, TEK KAPILI	M	M- DEPOLAR
kahve-duragi-150-200.json	M2	DEPO TİPİ BUZDOLABI, TEK KAPILI	M	M- DEPOLAR
kahve-duragi-150-200.json	M3	TEL RAF 4 KATLI	M	M- DEPOLAR
kahve-duragi-150-200.json	M4	TEL RAF 4 KATLI	M	M- DEPOLAR
kahve-duragi-150-200.json	M5	TEL RAF 4 KATLI	M	M- DEPOLAR
kahve-duragi-150-200.json	Y1	YER IZGARASI	Y	Y- YER IZGARALARI
kahve-duragi-pastane-100-200.json	A7	ÇİKOLATA DOLABI	B	BAR
kahve-duragi-pastane-100-200.json	A9	PORTAKAL SIKMA MAKİNASI	B	BAR
kahve-duragi-pastane-100-200.json	A12	ÇAY OCAĞI	B	BAR
kahve-duragi-pastane-100-200.json	A16	BUZ MAKİNASI	B	BAR
kahve-duragi-pastane-100-200.json	B1	DEPO TİPİ BUZDOLABI, TEK KAPILI	M	MUTFAK
kahve-duragi-pastane-100-200.json	B2	DEPO TİPİ DERİN DONDURUCU, TEK KAPILI	M	MUTFAK
kahve-duragi-pastane-100-200.json	B3	İSTİF RAFI, 4 KATLI, DEMONTE	M	MUTFAK
kahve-duragi-pastane-100-200.json	B5	DUVAR RAFI	M	MUTFAK
kahve-duragi-pastane-100-200.json	B6	MAKE-UP DOLABI, 2 KAPILI	M	MUTFAK
kahve-duragi-pastane-100-200.json	B7	DUVAR RAFI	M	MUTFAK
kahve-duragi-pastane-100-200.json	B9	FIRIN	M	MUTFAK
kahve-duragi-pastane-100-200.json	B11	IZGARA	M	MUTFAK
kahve-duragi-pastane-100-200.json	B13	MAKARNA PİŞİRİCİ, ELK., SETÜSTÜ	M	MUTFAK
kahve-duragi-pastane-100-200.json	B14	4 AÇIK ALEVLİ OCAK, GAZLI, SETÜSTÜ	M	MUTFAK
kahve-duragi-pastane-100-200.json	B16	TOST MAKİNASI	M	MUTFAK
kahve-duragi-pastane-100-200.json	B21	BULAŞIK YIKAMA MAKİNASI, SETALTI	M	MUTFAK
kahve-duragi-pastane-100-200.json	B22	DUVAR RAFI	M	MUTFAK
kahve-duragi-pastane-100-200.json	B24	DUVAR RAFI	M	MUTFAK
kahve-duragi-pastane-100-200.json	B25	ÇÖP ARABASI	M	MUTFAK
kahve-duragi-pastane-100-200.json	Y1	YER IZGARASI	Y	YER IZGARASI
kahve-duragi-pastane-100-200.json	Y2	YER IZGARASI	Y	YER IZGARASI
kahve-tatli-40-100.json	A2	SICAK POĞAÇA BÖREK DOLABI	G	GİRİŞ KAT SATIŞ ALANI
kahve-tatli-40-100.json	A3	SANDVİÇ DOLABI	G	GİRİŞ KAT SATIŞ ALANI
kahve-tatli-40-100.json	A4	SÜTLÜ TATLI DOLABI, DİK TİP	G	GİRİŞ KAT SATIŞ ALANI
kahve-tatli-40-100.json	A7	ŞİŞE DOLABI, 2 KAPILI	G	GİRİŞ KAT SATIŞ ALANI
kahve-tatli-40-100.json	A9	PORTAKAL SIKMA MAKİNASI	G	GİRİŞ KAT SATIŞ ALANI
kahve-tatli-40-100.json	A13	ÇAY OCAĞI, 2 DEMLİKLİ	G	GİRİŞ KAT SATIŞ ALANI
kahve-tatli-40-100.json	A15	TOST MAKİNASI	G	GİRİŞ KAT SATIŞ ALANI
kahve-tatli-40-100.json	A16	FRİTÖZ, ELK.	G	GİRİŞ KAT SATIŞ ALANI
kahve-tatli-40-100.json	A17	2 AÇIK ALEVLİ OCAK, GAZLI, SETÜSTÜ	G	GİRİŞ KAT SATIŞ ALANI
kahve-tatli-40-100.json	A18	IZGARA, GAZLI, SETÜSTÜ	G	GİRİŞ KAT SATIŞ ALANI
kahve-tatli-40-100.json	A21	DİZDEN KUMANDALI EL YIKAMA LAVABOSU	G	GİRİŞ KAT SATIŞ ALANI
kahve-tatli-40-100.json	B1	HAMUR DOLABI, DERİNDONDURUCU, DİK TİP, TEK KAPILI	A	ALT KAT MUTFAK
kahve-tatli-40-100.json	B4	FIRIN	A	ALT KAT MUTFAK
kahve-tatli-40-100.json	B6	BLOK KAPAKLI DERİNDONDURUCU	A	ALT KAT MUTFAK
kahve-tatli-40-100.json	B8	DUVAR RAFI	A	ALT KAT MUTFAK
kahve-tatli-40-100.json	B10	DUVAR RAFI	A	ALT KAT MUTFAK
kahve-tatli-40-100.json	B11	ÇÖP ARABASI	A	ALT KAT MUTFAK
kahve-tatli-40-100.json	B13	DUVAR RAFI	A	ALT KAT MUTFAK
kasap-100-250.json	A2	ET TEŞHİR REYONU	Z	ZEMİN KAT SATIŞ ALANI
kasap-100-250.json	A3	MEZE TEŞHİR REYONU	Z	ZEMİN KAT SATIŞ ALANI
kasap-100-250.json	A4	ŞARKÜTERİ TEŞHİR REYONU	Z	ZEMİN KAT SATIŞ ALANI
kasap-100-250.json	A12	VAKUM MAKİNASI	Z	ZEMİN KAT SATIŞ ALANI
kasap-100-250.json	A15	PASLANMAZ TABLA	Z	ZEMİN KAT SATIŞ ALANI
kasap-100-250.json	A17	PASLANMAZ TABLA	Z	ZEMİN KAT SATIŞ ALANI
kasap-100-250.json	A18	SÜTLÜK, CEPHE CAMLI, SÜRGÜ CAM KAPILI	Z	ZEMİN KAT SATIŞ ALANI
kasap-100-250.json	M7	HAMUR (KÖFTE) YOĞURMA MAKİNASI	A	ALT KAT HAZIRLIK MUTFAĞI
kasap-100-250.json	M8	TARTI, ET ASKILI	A	ALT KAT HAZIRLIK MUTFAĞI
kasap-100-250.json	M11	ÇÖP ARABASI	A	ALT KAT HAZIRLIK MUTFAĞI
kasap-100-250.json	M12	BIÇAK STERİL DOLABI	A	ALT KAT HAZIRLIK MUTFAĞI
kasap-100-250.json	C1	PANEL TİP SOĞUK ODA	Ş	ŞARKÜTERİ SOĞUK ODA
kasap-100-250.json	C2	İSTİF RAFI	Ş	ŞARKÜTERİ SOĞUK ODA
kasap-100-250.json	D1	PANEL TİP SOĞUK ODA	E	ET SOĞUK ODA
kasap-100-250.json	D2	İSTİF RAFI	E	ET SOĞUK ODA
kasap-100-250.json	Y1	YER IZGARASI	Y	YER IZGARASI
kasap-sarkuteri-100-250.json	A2	ET TEŞHİR REYONU	Z	ZEMİN KAT SATIŞ ALANI
kasap-sarkuteri-100-250.json	A3	MEZE TEŞHİR REYONU	Z	ZEMİN KAT SATIŞ ALANI
kasap-sarkuteri-100-250.json	A4	ŞARKÜTERİ TEŞHİR REYONU	Z	ZEMİN KAT SATIŞ ALANI
kasap-sarkuteri-100-250.json	A6A	ÇÖP ARABASI	Z	ZEMİN KAT SATIŞ ALANI
kasap-sarkuteri-100-250.json	A8	KONVEKSİYONLU FIRIN, ELK.	Z	ZEMİN KAT SATIŞ ALANI
kasap-sarkuteri-100-250.json	A9	ÇAY OTOMATI	Z	ZEMİN KAT SATIŞ ALANI
kasap-sarkuteri-100-250.json	A12	VAKUM MAKİNASI	Z	ZEMİN KAT SATIŞ ALANI
kasap-sarkuteri-100-250.json	A15	PASLANMAZ TABLA	Z	ZEMİN KAT SATIŞ ALANI
kasap-sarkuteri-100-250.json	A17	PASLANMAZ TABLA	Z	ZEMİN KAT SATIŞ ALANI
kasap-sarkuteri-100-250.json	A18	SÜTLÜK, CEPHE CAMLI, SÜRGÜ CAM KAPILI	Z	ZEMİN KAT SATIŞ ALANI
kasap-sarkuteri-100-250.json	M2	4 GÖZLÜ OCAK, TABAN RAFLI	A	ALT KAT HAZIRLIK MUTFAĞI
kasap-sarkuteri-100-250.json	M7	HAMUR (KÖFTE) YOĞURMA MAKİNASI	A	ALT KAT HAZIRLIK MUTFAĞI
kasap-sarkuteri-100-250.json	M8	TARTI, ET ASKILI	A	ALT KAT HAZIRLIK MUTFAĞI
kasap-sarkuteri-100-250.json	M11	ÇÖP ARABASI	A	ALT KAT HAZIRLIK MUTFAĞI
kasap-sarkuteri-100-250.json	M12	BIÇAK STERİL DOLABI	A	ALT KAT HAZIRLIK MUTFAĞI
kasap-sarkuteri-100-250.json	C1	PANEL TİP SOĞUK ODA	Ş	ŞARKÜTERİ SOĞUK ODA
kasap-sarkuteri-100-250.json	C2	İSTİF RAFI	Ş	ŞARKÜTERİ SOĞUK ODA
kasap-sarkuteri-100-250.json	D1	PANEL TİP SOĞUK ODA	E	ET SOĞUK ODA
kasap-sarkuteri-100-250.json	D2	İSTİF RAFI	E	ET SOĞUK ODA
kasap-sarkuteri-100-250.json	Y1	YER IZGARASI	Y	YER IZGARASI
kiremit-akasya-100-250.json	A4	BAINMARIE 5 GN 1/1	A	A- MUTFAK
kiremit-akasya-100-250.json	A5	ÇORBALIK ÜNİTESİ, 2 AD. ÇORBALIK KARTUŞLU	A	A- MUTFAK
kiremit-akasya-100-250.json	A7	ZEYTİNYAĞLI TEŞHİR DOLABI	A	A- MUTFAK
kiremit-akasya-100-250.json	A8	SALATA TEŞHİR DOLABI	A	A- MUTFAK
kiremit-akasya-100-250.json	A9	KÜVER ÜNİTESİ	A	A- MUTFAK
kiremit-akasya-100-250.json	A11	KONVEKSİYONLU FIRIN, ELK.	A	A- MUTFAK
kiremit-akasya-100-250.json	A14	ÇAY OTOMATI	A	A- MUTFAK
kiremit-akasya-100-250.json	A16	FRİTÖZ, ELK. SETÜSTÜ	A	A- MUTFAK
kiremit-akasya-100-250.json	A16A	CİĞER FRİTÖZü, ELK. SETÜSTÜ	A	A- MUTFAK
kiremit-akasya-100-250.json	A17	CİĞER OCAĞI	A	A- MUTFAK
kiremit-akasya-100-250.json	A19	IZGARA, GAZLI, SETÜSTÜ	A	A- MUTFAK
kiremit-akasya-100-250.json	A22	3 AÇIK ALEVLİ OCAK, GAZLI, SETÜSTÜ	A	A- MUTFAK
kiremit-akasya-100-250.json	B2	ÖN YIKAMA DUŞU	B	B- BULAŞIK YIKAMA
kiremit-akasya-100-250.json	B3	BULAŞIK YIKAMA MAKİNASI, GİYOTİN TİP	B	B- BULAŞIK YIKAMA
kiremit-akasya-100-250.json	Z1	NAKLİYE MONTAJ	B	B- BULAŞIK YIKAMA
mus-selinoz-turk-100-250.json	A1	İSTİF RAFI, 4 KATLI, DEMONTE	KURU DEPO	KURU DEPO
mus-selinoz-turk-100-250.json	B3	SEBZE DOĞRAMA MAKİNASI, 8'li BIÇAK SETİ DAHİLDİR.	SOĞAN HAZIRLIK	SOĞAN HAZIRLIK
mus-selinoz-turk-100-250.json	C1	DEPO TİPİ BUZDOLABI, TEK KAPILI	SEBZE HAZIRLIK	SEBZE HAZIRLIK
mus-selinoz-turk-100-250.json	C3	ÇÖP ARABASI	SEBZE HAZIRLIK	SEBZE HAZIRLIK
mus-selinoz-turk-100-250.json	C6	POLİETİLEN TABLALI ÇALIŞMA TEZ., TABAN RAFLI, TEK ÇEKMECELİ	SEBZE HAZIRLIK	SEBZE HAZIRLIK
mus-selinoz-turk-100-250.json	C8	DUVAR RAFI	SEBZE HAZIRLIK	SEBZE HAZIRLIK
mus-selinoz-turk-100-250.json	D1	DEPO TİPİ BUZDOLABI, TEK KAPILI	ET HAZIRLIK	ET HAZIRLIK
mus-selinoz-turk-100-250.json	D3	DUVAR RAFI	ET HAZIRLIK	ET HAZIRLIK
mus-selinoz-turk-100-250.json	D4	ÇÖP ARABASI	ET HAZIRLIK	ET HAZIRLIK
mus-selinoz-turk-100-250.json	D5	ET KÜTÜĞÜ	ET HAZIRLIK	ET HAZIRLIK
mus-selinoz-turk-100-250.json	D6	POLİETİLEN TABLALI ÇALIŞMA TEZ., TABAN RAFLI, TEK ÇEKMECELİ	ET HAZIRLIK	ET HAZIRLIK
mus-selinoz-turk-100-250.json	D7	KÖFTE YOĞURMA MAKİNASI	ET HAZIRLIK	ET HAZIRLIK
mus-selinoz-turk-100-250.json	E3	DUVAR DOLABI	HAMUR HAZIRLIK	HAMUR HAZIRLIK
mus-selinoz-turk-100-250.json	E4	HAMUR YOĞURMA MAKİNASI	HAMUR HAZIRLIK	HAMUR HAZIRLIK
mus-selinoz-turk-100-250.json	E5	UN ŞEKER ARABASI, POLYCARBON	HAMUR HAZIRLIK	HAMUR HAZIRLIK
mus-selinoz-turk-100-250.json	G2	SAC TAVA OCAĞI 4'LÜ	SAC TAVA	SAC TAVA
mus-selinoz-turk-100-250.json	G3	SAC TAVA OCAĞI 3'LÜ	SAC TAVA	SAC TAVA
mus-selinoz-turk-100-250.json	G6	4 AÇIK ALEVLİ OCAK, GAZLI, SETÜSTÜ	SAC TAVA	SAC TAVA
mus-selinoz-turk-100-250.json	J2	BASKET RAFI	BULAŞIKHANE	BULAŞIKHANE
mus-selinoz-turk-100-250.json	J3	ÇÖP ARABASI	BULAŞIKHANE	BULAŞIKHANE
mus-selinoz-turk-100-250.json	J5	ÖN YIKAMA DUŞU	BULAŞIKHANE	BULAŞIKHANE
mus-selinoz-turk-100-250.json	J6	BULAŞIK YIKAMA MAKİNASI, GİYOTİN TİP	BULAŞIKHANE	BULAŞIKHANE
mus-selinoz-turk-100-250.json	J9	İSTİF RAFI, DEMONTE, 4 KATLI	BULAŞIKHANE	BULAŞIKHANE
mus-selinoz-turk-100-250.json	Y1	YER IZGARASI	YER IZGARASI	YER IZGARASI
mus-selinoz-turk-100-250.json	Y2	YER IZGARASI	YER IZGARASI	YER IZGARASI
mus-selinoz-turk-100-250.json	Y3	YER IZGARASI	YER IZGARASI	YER IZGARASI
pastane-100-200.json	A1	KURABİYE DOLABI		
pastane-100-200.json	A4	ÇİKOLATA DOLABI		
pastane-100-200.json	A6	ŞERBETLİK		
pastane-100-200.json	A7	KATI MEYVE PRESİ		
pastane-100-200.json	A8	PORTAKAL SIKMA MAKİNASI		
pastane-100-200.json	A16	YER IZGARASI		
pastane-100-200.json	A17	SİNEK ÖLDÜRÜCÜ		
pastane-100-200.json	A1	PLASTİK PALET		
pastane-100-200.json	A2	UN ELEME MAKİNASI		
pastane-100-200.json	A3	YUVARLAMA MAKİNASI		
pastane-100-200.json	B1	PANEL TİP SOĞUK ODA		
pastane-100-200.json	B2	İSTİF RAFI		
pastane-100-200.json	B3	İSTİF RAFI		
pastane-100-200.json	C1	DİZDEN KUMANDALI EL YIKAMA LAVABOSU		
pastane-100-200.json	C3	DUVAR DOLABI		
pastane-100-200.json	C5	UN ŞEKER ARABASI		
pastane-100-200.json	C6	FIRIN ARABASI		
pastane-100-200.json	C7	PLANET MİKSER, DOMINO		
pastane-100-200.json	C8	HAMUR YOĞURMA MAKİNASI		
pastane-100-200.json	C10	DUVAR RAFI		
pastane-100-200.json	D2	KONVEKSİYONLU FIRIN, ELK., SCC 202E		
pastane-100-200.json	D5	2'Lİ OCAK, TABAN RAFLI		
pastane-100-200.json	E2	ÖN YIKAMA DUŞU		
pastane-100-200.json	E3	İSTİF RAFI		
pastane-100-200.json	Y2	YER IZGARASI		
pideci-100-250.json	A1	İSTİF RAFI		
pideci-100-250.json	A2	BLOK KAPAKLI DERİNDONDURUCU		
pideci-100-250.json	B1	PANEL TİP SOĞUK ODA		
pideci-100-250.json	B2	İSTİF RAFI		
pideci-100-250.json	C2	DUVAR RAFI		
pideci-100-250.json	C4	DUVAR RAFI		
pideci-100-250.json	C5	HAMUR YOĞURMA MAKİNASI		
pideci-100-250.json	C6	BIÇAK STERİL DOLABI		
pideci-100-250.json	C8	DUVAR RAFI		
pideci-100-250.json	C10	DUVAR RAFI		
pideci-100-250.json	D1	4 AÇIK ALEVLİ OCAK, GAZLI, SETÜSTÜ		
pideci-100-250.json	D2	SOS BAINMARIE, ELK., SETÜSTÜ		
pideci-100-250.json	D4	LAVTAŞLI IZGARA, GAZLI, SETÜSTÜ		
pideci-100-250.json	D5	FRİTÖZ, ELK., SETÜSTÜ		
pideci-100-250.json	D7	DÖNER OCAĞI, GAZLI		
pideci-100-250.json	E4	MAKE-UP ÜNİTESİ, 3 KAPILI		
pideci-100-250.json	E5	SİNEK ÖLDÜRÜCÜ		
pideci-100-250.json	F1	KASA BANKOSU		
pideci-100-250.json	F6	BUZ MAKİNASI		
pideci-100-250.json	F8	PORTAKAL SIKMA MAKİNASI		
pideci-100-250.json	F9	KATI MEYVE PRESİ		
pideci-100-250.json	F11	ÇAY OTOMATI		
pideci-100-250.json	F12	KUBBELİ PİZZA FIRINI, GAZLI		
pideci-100-250.json	G2	ÇÖP ARABASI		
pideci-100-250.json	G3	BASKET RAFI		
pideci-100-250.json	G4	YAĞ TUTUCU		
pideci-100-250.json	G6	BULAŞIK YIKAMA MAKİNASI, SETALTI, NEO DW53E		
pideci-100-250.json	Y1	YER IZGARASI		
pideci-100-250.json	Y2	YER IZGARASI		
pizzaci-200-500.json	M1	DEPO TİPİ BUZDOLABI, TEK KAPILI, 2. EL	m	m- mutfak
pizzaci-200-500.json	M2	DEPO TİPİ DERİN DONDURUCU, TEK KAPILI, 2. EL	m	m- mutfak
pizzaci-200-500.json	M4	CİHAZALTI BUZDOLABI, ÇİFT SIRA ÇEKMECELİ	m	m- mutfak
pizzaci-200-500.json	M5	4 AÇIK ALEVLİ OCAK, GAZLI, SETÜSTÜ, 2. EL	m	m- mutfak
pizzaci-200-500.json	M7	MAKARNA PİŞİRİCİ, ELK., SETÜSÜ, 2. EL	m	m- mutfak
pizzaci-200-500.json	M8	PLATE IZGARA, GAZLI, SETÜSTÜ, 2. EL	m	m- mutfak
pizzaci-200-500.json	M9	FRİTÖZ, ÇİFT HAZNELİ, ELK., SETÜSTÜİ 2. EL	m	m- mutfak
pizzaci-200-500.json	M10	PATATES DİNLENDİRME ÜNİTESİ, ELK., 2. EL	m	m- mutfak
pizzaci-200-500.json	M11	TAVA RAFI	m	m- mutfak
pizzaci-200-500.json	M19	BULAŞIK YIKAMA MAKİNASI, SETALTI, 2. EL	m	m- mutfak
pizzaci-200-500.json	M20	ÇAY OCAĞI, 2 DEMLİKLİ, DEMLİKLER HARİÇTİR	m	m- mutfak
pizzaci-200-500.json	M25	PORTAKAL SIKMA MAKİNASI	m	m- mutfak
pizzaci-200-500.json	M30A	BUZ MAKİNASI, 2. EL	m	m- mutfak
pizzaci-200-500.json	M31	PİZZA FIRINI, TEK KATLI, ELK.	m	m- mutfak
pizzaci-200-500.json	M33	KUBBELİ PİZZA FIRINI, DÖNER TABANLI, GAZLI, DİJİTAL	m	m- mutfak
pizzaci-200-500.json	M34	DİZDEN KUMANDALI EL YIKAMA LAVABOSU	m	m- mutfak
pizzaci-200-500.json	M35	DEPO TİPİ PİZZA BUZDOLABI, TEK KAPILI	m	m- mutfak
pizzaci-200-500.json	M36	MAKE-UP BUZDOLABI, 3 KAPILI	m	m- mutfak
pizzaci-200-500.json	M36A	POZ M36'YA MERMER İLAVESİ	m	m- mutfak
pizzaci-200-500.json	M37A	POZ M37'YA MERMER İLAVESİ	m	m- mutfak
pizzaci-200-500.json	M38	MAKE-UP BUZDOLABI, İKİ KAPILI	m	m- mutfak
pizzaci-200-500.json	M38A	POZ M36'YA MERMER İLAVESİ	m	m- mutfak
pizzaci-200-500.json	M40	PİZZA TEŞHİR ÜNİTESİ, DEKORASYON HARİÇ	m	m- mutfak
pizzaci-200-500.json	M42	KASA BANKOSU	m	m- mutfak
pizzaci-200-500.json	Y1	YER IZGARASI	y	y- yer ızgarası
pizzaci-200-500.json	Y2	YER IZGARASI	y	y- yer ızgarası
pizzaci-80-200.json	M1	DEPO TİPİ BUZDOLABI, TEK KAPILI, 2. EL	m	m- mutfak
pizzaci-80-200.json	M2	DEPO TİPİ DERİN DONDURUCU, TEK KAPILI, 2. EL	m	m- mutfak
pizzaci-80-200.json	M9	FRİTÖZ, ÇİFT HAZNELİ, ELK., SETÜSTÜİ 2. EL	m	m- mutfak
pizzaci-80-200.json	M10	PATATES DİNLENDİRME ÜNİTESİ, ELK., 2. EL	m	m- mutfak
pizzaci-80-200.json	M19	BULAŞIK YIKAMA MAKİNASI, SETALTI, 2. EL	m	m- mutfak
pizzaci-80-200.json	M31	PİZZA FIRINI, TEK KATLI, ELK.	m	m- mutfak
pizzaci-80-200.json	M33	KUBBELİ PİZZA FIRINI, DÖNER TABANLI, GAZLI, DİJİTAL	m	m- mutfak
pizzaci-80-200.json	M34	DİZDEN KUMANDALI EL YIKAMA LAVABOSU	m	m- mutfak
pizzaci-80-200.json	M35	DEPO TİPİ PİZZA BUZDOLABI, TEK KAPILI	m	m- mutfak
pizzaci-80-200.json	M36	MAKE-UP BUZDOLABI, 3 KAPILI	m	m- mutfak
pizzaci-80-200.json	M38	MAKE-UP BUZDOLABI, İKİ KAPILI	m	m- mutfak
pizzaci-80-200.json	M40	PİZZA TEŞHİR ÜNİTESİ, DEKORASYON HARİÇ	m	m- mutfak
pizzaci-80-200.json	M42	KASA BANKOSU	m	m- mutfak
pizzaci-80-200.json	Y1	YER IZGARASI	y	y- yer ızgarası
pizzaci-80-200.json	Y2	YER IZGARASI	y	y- yer ızgarası
resort-otel-200-500.json	01	Kuzine, 4 açık ocaklı, alt tablalı (fırınsız), d.gazlı	üst-kat-restaourant	ÜST KAT RESTAOURANT
resort-otel-200-500.json	01	Sosbenmari, Perfect 700seri, 1M, elektrikli, setüstü	üst-kat-restaourant	ÜST KAT RESTAOURANT
resort-otel-200-500.json	01	Izgara, Perfect 700seri, 1M, elektrikli, setüstü Düz kızartma yüzeyli	üst-kat-restaourant	ÜST KAT RESTAOURANT
resort-otel-200-500.json	01	Fritöz, Perfect 700seri, 1M, elektrikli, setüstü 2 havuz 4 sepet, 24 lt yağ-30 kg/h patates kpst.	üst-kat-restaourant	ÜST KAT RESTAOURANT
resort-otel-200-500.json	01	Bulaşık toplama arabası, Derin havuzlu	üst-kat-restaourant	ÜST KAT RESTAOURANT
resort-otel-200-500.json	01	Çöp kazanı, 50 lt, kapaklı, 4 tekerlekli	üst-kat-restaourant	ÜST KAT RESTAOURANT
resort-otel-200-500.json	01	Makine giriş eviyesi, 50*40*25 küvetli, sağ, sırt parçası dahil	üst-kat-restaourant	ÜST KAT RESTAOURANT
resort-otel-200-500.json	01	Demonte istif rafı, 4 düz tablalı	üst-kat-restaourant	ÜST KAT RESTAOURANT
resort-otel-200-500.json	01	Demonte istif rafı, 4 düz tablalı	üst-kat-restaourant	ÜST KAT RESTAOURANT
resort-otel-200-500.json	01	Tekerlek, 4 adet (2 frenli+2 frensiz), tablalı Ø 125*32 mm	üst-kat-restaourant	ÜST KAT RESTAOURANT
resort-otel-200-500.json	01	Konveksiyonlu fırın, GN 1/1*40, çift devirli, elektrikli	üst-kat-restaourant	ÜST KAT RESTAOURANT
resort-otel-200-500.json	01	Depo tipi buzdolabı, Çift kapılı, -2/+8`C, poliüretan gövdeli	üst-kat-restaourant	ÜST KAT RESTAOURANT
resort-otel-200-500.json	01	Depo tipi buzdolabı, Tek kapılı,-2/+8`C, poliüretan gövdeli	üst-kat-restaourant	ÜST KAT RESTAOURANT
resort-otel-200-500.json	01	Çöp kazanı, 50 lt, kapaklı, 4 tekerlekli	personel	PERSONEL
resort-otel-200-500.json	01	Makine giriş eviyesi, 50*40*25 küvetli, sağ, sırt parçası dahil	personel	PERSONEL
resort-otel-200-500.json	01	Demonte istif rafı, 4 düz tablalı	personel	PERSONEL
resort-otel-200-500.json	01	Yer ocağı, Çift yanışlı, d.gazlı	personel	PERSONEL
resort-otel-200-500.json	01	Tekerlek, 4 adet (2 frenli+2 frensiz), tablalı Ø 125*32 mm	personel	PERSONEL
resort-otel-200-500.json	01	Tepsi standı, Cr-Ni boru	personel	PERSONEL
resort-otel-200-500.json	01	Tepsi standı, Cr-Ni boru	personel	PERSONEL
resort-otel-200-500.json	01	Kuver rafı, GN 1/4*150 mm 3 ad. kuver kabı	personel	PERSONEL
resort-otel-200-500.json	01	Tepsi standı, Cr-Ni boru	personel	PERSONEL
resort-otel-200-500.json	01	Konveksiyonlu fırın, GN 1/1(veya 40x60)*10, çift devirli, elektrikli	personel	PERSONEL
resort-otel-200-500.json	01	Setüstü konveksiyonlu fırın standı, 6-10 tepsili fırınlar için, 5 sıra raflı	personel	PERSONEL
resort-otel-200-500.json	01	Yer ızgarası, Sığ tip, tavalı, alttan çıkışlı, orta eğimli	personel	PERSONEL
resort-otel-200-500.json	01	Yağ ayırıcı, 1 lt/sn, gömme tip, katı atık tutuculu, manuel 40 lt yağ toplama hacmi	personel	PERSONEL
resort-otel-200-500.json	01	Yağ ayırıcı, 2 lt/sn, gömme tip, katı atık tutuculu, manuel 80 lt yağ toplama hacmi	personel	PERSONEL
restoran-500-1000.json	A1	İSTİF RAFI		
restoran-500-1000.json	A2	İSTİF RAFI		
restoran-500-1000.json	A3	DİZDEN KUMANDALI EL YIKAMA LAVABOSU		
restoran-500-1000.json	A4	SİNEK ÖLDÜRÜCÜ		
restoran-500-1000.json	B1	PANEL TİP SOĞUK ODA		
restoran-500-1000.json	B2	İSTİF RAFI		
restoran-500-1000.json	B3	İSTİF RAFI		
restoran-500-1000.json	C1	PANEL TİP SOĞUK ODA		
restoran-500-1000.json	C2	İSTİF RAFI		
restoran-500-1000.json	D1	PANEL TİP DERİN DONDURUCU DEPO		
restoran-500-1000.json	D2	İSTİF RAFI		
restoran-500-1000.json	D3	İSTİF RAFI		
restoran-500-1000.json	E1	PANEL TİP SOĞUK ODA		
restoran-500-1000.json	E2	TEPSİ TAŞIMA ARABASI		
restoran-500-1000.json	E3	İSTİF RAFI		
restoran-500-1000.json	F2	DUVAR RAFI		
restoran-500-1000.json	F3	DEPO TİPİ BUZDOLABI, TEK KAPILI		
restoran-500-1000.json	F5	BIÇAK STERİL DOLABI		
restoran-500-1000.json	F7	ET KÜTÜĞÜ		
restoran-500-1000.json	F8	ÇÖP ARABASI		
restoran-500-1000.json	G3	ÇÖP ARABASI		
restoran-500-1000.json	G4	BIÇAK STERİL DOLABI		
restoran-500-1000.json	G6	DUVAR RAFI		
restoran-500-1000.json	G7	PATATES SOYMA MAKİNASI		
restoran-500-1000.json	H2	DUVAR RAFI		
restoran-500-1000.json	H3	PLANET MİKSER		
restoran-500-1000.json	H4	HAMUR YOĞURMA MAKİNASI		
restoran-500-1000.json	H6	DUVAR RAFI		
restoran-500-1000.json	H7	TARTI		
restoran-500-1000.json	H8	MİKSER, SETÜSTÜ		
restoran-500-1000.json	H9	BIÇAK STERİL DOLABI		
restoran-500-1000.json	H11	UN ŞEKER ARABASI		
restoran-500-1000.json	H12	DUVAR DOLABI		
restoran-500-1000.json	J2	ÖN YIKAMA DUŞU		
restoran-500-1000.json	J3	YAĞ TUTUCU		
restoran-500-1000.json	J4	İSTİF RAFI		
restoran-500-1000.json	K1	DEPO TİPİ BUZDOLABI, TEK KAPILI		
restoran-500-1000.json	K3	DUVAR RAFI		
restoran-500-1000.json	K5	SEBZE DOĞRAMA MAKİNASI		
restoran-500-1000.json	K6	BIÇAK STERİL DOLABI		
restoran-500-1000.json	K7	MAKE-UP ÜNİTESİ, 3 KAPILI		
restoran-500-1000.json	L1	DEPO TİPİ BUZDOLABI, TEK KAPILI		
restoran-500-1000.json	L3	DUVAR RAFI		
restoran-500-1000.json	L5	DUVAR RAFI		
restoran-500-1000.json	L7	DUVAR RAFI		
restoran-500-1000.json	L9	DUVAR RAFI		
restoran-500-1000.json	L14	FRİTÖZ, ÇİFT SEPETLİ, ELK., SETÜSTÜ		
restoran-500-1000.json	L16	4 AÇIK ALEVLİ OCAK, GAZLI, SETÜSTÜ		
restoran-500-1000.json	L17	2 AÇIK ALEVLİ OCAK, GAZLI, SETÜSTÜ		
restoran-500-1000.json	L18	SETALTI BUZDOLABI, 3 KAPILI		
restoran-500-1000.json	L20	TOST MAKİNASI		
restoran-500-1000.json	L22	FIRIN ARABASI		
restoran-500-1000.json	L23	YEMEKÇİLİK FIRINI, 20 GN 2/1, RATIONAL		
restoran-500-1000.json	L24	KAYNATMA KAZANI, ELK., MARENO NPD98E10		
restoran-500-1000.json	L26	DEVRİLİR TAVA, ELK.		
restoran-500-1000.json	L30	KÖMÜR ARABASI		
restoran-500-1000.json	L31	KÖMÜRLÜ IZGARA		
restoran-500-1000.json	M2	BASKET RAFI		
restoran-500-1000.json	M3	ÇÖP ARABASI		
restoran-500-1000.json	M5	BASKET RAFI		
restoran-500-1000.json	M6	YAĞ TUTUCU		
restoran-500-1000.json	M9	ÖN YIKAMA DUŞU		
restoran-500-1000.json	M10	BULAŞIK YIKAMA MAKİNASI, GİYOTİN TİP		
restoran-500-1000.json	M13	İSTİF RAFI		
restoran-500-1000.json	M14	KONVEYÖRLÜ BULAŞIK YIKAMA MAKİNASI		
restoran-500-1000.json	Y1	YER IZGARASI		
restoran-500-1000.json	Y2	YER IZGARASI		
restoran-500-1000.json	Y3	YER IZGARASI		
sarkuteri-kiosk-kiosk.json	A1	İSTİF RAFI		
sarkuteri-kiosk-kiosk.json	A2	BLOK KAPAKLI DERİN DONDURUCU		
sarkuteri-kiosk-kiosk.json	B1	PANEL TİP SOĞUK ODA	B	B- SOĞUK ODA
sarkuteri-kiosk-kiosk.json	B2	İSTİF RAFI	B	B- SOĞUK ODA
sarkuteri-kiosk-kiosk.json	Y1	YER IZGARASI	Y	Y- YER IZGARASI
sehir-otel-500-2000-kocaeli.json	005	Izgara, Perfect 900seri, 1M, gazlı, setüstü, düz+oluklu	A	A-SICAK MUTFAK
sehir-otel-500-2000-kocaeli.json	009	Fritöz, Perfect 900seri, 1M, elektrikli, setüstü	A	A-SICAK MUTFAK
sehir-otel-500-2000-kocaeli.json	010	Sosbenmari, Perfect 900seri, 1/2M, elektrikli, setüstü	A	A-SICAK MUTFAK
sehir-otel-500-2000-kocaeli.json	011	Kuzine, Perfect 900seri, 1.5M, gazlı, 6 açık ocak, setüstü	A	A-SICAK MUTFAK
sehir-otel-500-2000-kocaeli.json	001	Depo tipi buzdolabı, Tek kapılı, poliüretan gövdeli	B	B-SOĞUK MUTFAK
sehir-otel-500-2000-kocaeli.json	003	Bıçak sterilizatörü, 10 bıçaklık	B	B-SOĞUK MUTFAK
sehir-otel-500-2000-kocaeli.json	006	Salam dilimleme makinesi, ekonomik model,çap: 300 mm	B	B-SOĞUK MUTFAK
sehir-otel-500-2000-kocaeli.json	008	Duvar rafı	B	B-SOĞUK MUTFAK
sehir-otel-500-2000-kocaeli.json	009	Ordövr Tabak toplama arabası (100 tabak)	B	B-SOĞUK MUTFAK
sehir-otel-500-2000-kocaeli.json	001	Kepçe askı borusu, 1000mm	D	D -MUTFAK BULAŞIK
sehir-otel-500-2000-kocaeli.json	006	Tel Raf-4 Katlı- ınox304-61*137*183	D	D -MUTFAK BULAŞIK
sehir-otel-500-2000-kocaeli.json	002	Et kütüğü, Polietilen tablalı	E	E -ET HAZIRLIK
sehir-otel-500-2000-kocaeli.json	003	Çöp kazanı kapaklı Ø400 AISI304, 4 tekerlekli	E	E -ET HAZIRLIK
sehir-otel-500-2000-kocaeli.json	007	Bıçak sterilizatörü, 10 bıçaklık	E	E -ET HAZIRLIK
sehir-otel-500-2000-kocaeli.json	008	Tel Raf-4 Katlı- ınox304-46*152*183	E	E -ET HAZIRLIK
sehir-otel-500-2000-kocaeli.json	009	Tel Raf-4 Katlı- ınox304-46*137*183	E	E -ET HAZIRLIK
sehir-otel-500-2000-kocaeli.json	010	Tel Raf-4 Katlı- ınox304-46*107*183	E	E -ET HAZIRLIK
sehir-otel-500-2000-kocaeli.json	004	Patates soyma makinası, Elektronik, 10Kg/sefer	G	G -SEBZE HAZIRLIK
sehir-otel-500-2000-kocaeli.json	006	Bıçak sterilizatörü, 10 bıçaklık	G	G -SEBZE HAZIRLIK
sehir-otel-500-2000-kocaeli.json	007	Duvar rafı	G	G -SEBZE HAZIRLIK
sehir-otel-500-2000-kocaeli.json	009	Sebze doğrama makinesi, 1 hız, 375 dv/dk, polikarbonat baza	G	G -SEBZE HAZIRLIK
sehir-otel-500-2000-kocaeli.json	009 A	CL 50/52/55/60/R502/R602 disk seti,12 disklik, dilimleme 2-5mm, rendel 2-5 mm,jülyen 3x3-4x4mm, küb 10x10 mm,parmak patates 10 mm,20X20 küp	G	G -SEBZE HAZIRLIK
sehir-otel-500-2000-kocaeli.json	010	Duvar rafı	G	G -SEBZE HAZIRLIK
sehir-otel-500-2000-kocaeli.json	011	Tel Raf-4 Katlı- ınox304-61*152*183	G	G -SEBZE HAZIRLIK
sehir-otel-500-2000-kocaeli.json	012	Tel Raf-4 Katlı- ınox304-61*122*183	G	G -SEBZE HAZIRLIK
sehir-otel-500-2000-kocaeli.json	001	Planet mikser,Kapasite:60lt,Koruma kalkanlı, 380V-50HZ-3PH, 3hızlı	H	H- PATİSERİ
sehir-otel-500-2000-kocaeli.json	002	Hamur yoğurma mak.Spiral 75 lt.kazanlı, çift devirli 380 V 25 kg un kapasiteli	H	H- PATİSERİ
sehir-otel-500-2000-kocaeli.json	004	Çöp kazanı kapaklı Ø400 AISI304, 4 tekerlekli	H	H- PATİSERİ
sehir-otel-500-2000-kocaeli.json	006	Duvar dolabı, Kapılı	H	H- PATİSERİ
sehir-otel-500-2000-kocaeli.json	009	Malzeme (erzak) arabası , Plastik , 102 lt., Beyaz renk	H	H- PATİSERİ
sehir-otel-500-2000-kocaeli.json	010 A	Taban , tavan ilavesi, E modülü için, Fırın siparişlerinde mutlaka bu ilave verilmelidir	H	H- PATİSERİ
sehir-otel-500-2000-kocaeli.json	010 B	Mayalama dolabı, E modülü fırın için, Mayalama dolabı (ısıtma+mayalama), tekerlekli Kapasite: 18 adet 60x40 lık tepsi	H	H- PATİSERİ
sehir-otel-500-2000-kocaeli.json	012	Tel Raf-4 Katlı- ınox304-61*137*183	H	H- PATİSERİ
sehir-otel-500-2000-kocaeli.json	013	Tel Raf-4 Katlı- ınox304-61*122*183	H	H- PATİSERİ
sehir-otel-500-2000-kocaeli.json	001	Soğuk banket arabası +2 / +10, 7 adet GN 2/1 kapasite	L	L -GARSON HOLÜ
sehir-otel-500-2000-kocaeli.json	002	Banket arabası, Isıtmalı, GN1/1 20ad. tepsi kapasiteli	L	L -GARSON HOLÜ
sehir-otel-500-2000-kocaeli.json	004	Modüler buz makinesi, kapasite: 320 kg/gün , paslanmaz çelik	L	L -GARSON HOLÜ
sehir-otel-500-2000-kocaeli.json	004 A	Buz makinesi deposu, kapasite: 252 kg N202-302-402-502M, F120,F200 SF300 VE SF500 ile birlikte kullanılır	L	L -GARSON HOLÜ
sehir-otel-500-2000-kocaeli.json	009	Depo tipi buzdolabı, Çift kapılı, poliüretan gövdeli	L	L -GARSON HOLÜ
sehir-otel-500-2000-kocaeli.json	001	Tel Raf-4 Katlı- ınox304-61*152*183	M	M-DEPOLAR
sehir-otel-500-2000-kocaeli.json	001	Yer ızgarası, tavalı, alttan çıkışlı,orta eğimli, Sığ tip, 300*1826*145 mm DN 70 PVC(Ø75mm)	Y	Y-YER IZGARALARI
sehir-otel-500-2000-kocaeli.json	002	Yer ızgarası, tavalı, alttan çıkışlı,orta eğimli, Sığ tip, 300*1626*145 mm DN 70 PVC(Ø75mm)	Y	Y-YER IZGARALARI
sehir-otel-500-2000-kocaeli.json	003	Yer ızgarası, tavalı, alttan çıkışlı, eğimsiz, 300*300*122 mm DN 70 PVC(Ø75mm), Sığ tip	Y	Y-YER IZGARALARI
sehir-otel-500-2000-kocaeli.json	004	Yer ızgarası, tavalı, alttan çıkışlı,orta eğimli, Sığ tip, 300*1184*145 mm DN 70 PVC(Ø75mm)	Y	Y-YER IZGARALARI
sehir-otel-500-2000-kocaeli.json	005	Yer ızgarası, tavalı, alttan çıkışlı,orta eğimli, Sığ tip, 300*941*145 mm DN 70 PVC(Ø75mm)	Y	Y-YER IZGARALARI
sehir-otel-500-2000-kocaeli.json	006	Yer ızgarası, tavalı, alttan çıkışlı, eğimsiz, 300*300*122 mm DN 70 PVC(Ø75mm), Sığ tip	Y	Y-YER IZGARALARI
sehir-otel-500-2000-kocaeli.json	007	Yer ızgarası, tavalı, alttan çıkışlı, eğimsiz, 300*741*122 mm DN 70 PVC(Ø75mm), Sığ tip	Y	Y-YER IZGARALARI
sehir-otel-500-2000-kocaeli.json	001	Patiseri soğuk depo	Z	Z-SOĞUK ODALAR
sehir-otel-500-2000-kocaeli.json	002	Soğuk mutfak soğuk depo	Z	Z-SOĞUK ODALAR
sehir-otel-500-2000-kocaeli.json	003	Et derin dondurucu	Z	Z-SOĞUK ODALAR
sehir-otel-500-2000-kocaeli.json	004	Et soğuk depo	Z	Z-SOĞUK ODALAR
sehir-otel-500-2000-kocaeli.json	005	Sebze soğuk depo	Z	Z-SOĞUK ODALAR
sehir-otel-500-2000-kocaeli.json	001	Depo tipi buzdolabı, Tek kapılı, poliüretan gövdeli	L	L-GARSON HOLÜ
sehir-otel-500-2000-kocaeli.json	002	Modüler buz makinesi, kapasite: 320 kg/gün , paslanmaz çelik	L	L-GARSON HOLÜ
sehir-otel-500-2000-kocaeli.json	002 A	Buz makinesi deposu, kapasite: 252 kg N202-302-402-502M, F120,F200 SF300 VE SF500 ile birlikte kullanılır	L	L-GARSON HOLÜ
sehir-otel-500-2000-kocaeli.json	003	Tartım baskülü, 300 LCD ekran, 70*80 cm ptatform. otomatik sıfırlama	M	M-DEPOLAR
sehir-otel-500-2000-kocaeli.json	001	Yer ızgarası, tavalı, alttan çıkışlı, eğimsiz, 300*300*122 mm DN 70 PVC(Ø75mm), Sığ tip	Y	Y -YER IZGARALARI
sehir-otel-500-2000-kocaeli.json	002	Yer ızgarası, tavalı, alttan çıkışlı, eğimsiz, 300*300*122 mm DN 70 PVC(Ø75mm), Sığ tip	Y	Y -YER IZGARALARI
sehir-otel-500-2000-kocaeli.json	003	Yer ızgarası, tavalı, alttan çıkışlı,orta eğimli, Sığ tip, 300*1384*145 mm DN 70 PVC(Ø75mm)	Y	Y -YER IZGARALARI
sehir-otel-500-2000-kocaeli.json	004	Yer ızgarası, tavalı, alttan çıkışlı,orta eğimli, Sığ tip, 300*1626*145 mm DN 70 PVC(Ø75mm)	Y	Y -YER IZGARALARI
sehir-otel-500-2000-kocaeli.json	001	Soğuk oda	Z	Z -SOĞUK ODALAR
sehir-otel-500-2000-kocaeli.json	002	Çöp soğuk oda	Z	Z -SOĞUK ODALAR
sehir-otel-500-2000-kocaeli.json	001	Kuver ünitesi, GN1/4*3ad., GN1/1*1ad.	P	P -PERSONEL MUTFAĞI
sehir-otel-500-2000-kocaeli.json	004	Tepsi standı, Cr-Ni boru	P	P -PERSONEL MUTFAĞI
sehir-otel-500-2000-kocaeli.json	006	Tepsi standı, Cr-Ni boru	P	P -PERSONEL MUTFAĞI
sehir-otel-500-2000-kocaeli.json	010	Çay otomatı Master 2000, 23 lt.CC-23	P	P -PERSONEL MUTFAĞI
sehir-otel-500-2000-topkapi.json	A2	DUVAR DOLABI	L	LOUNGE MUTFAK
sehir-otel-500-2000-topkapi.json	A4	DUVAR DOLABI	L	LOUNGE MUTFAK
sehir-otel-500-2000-topkapi.json	A5	MİKRODALGA FIRIN	L	LOUNGE MUTFAK
sehir-otel-500-2000-topkapi.json	A7	CİHAZALTI BUZDOLABI, ÇEKMECELİ	L	LOUNGE MUTFAK
sehir-otel-500-2000-topkapi.json	A8	IZGARA, GAZLI, ETÜSTÜ	L	LOUNGE MUTFAK
sehir-otel-500-2000-topkapi.json	A9	SOS BAINMARIE, ELK., SETÜSTÜ	L	LOUNGE MUTFAK
sehir-otel-500-2000-topkapi.json	A10	2 AÇIK ALEVLİ OCAK, GAZLI, SETÜSTÜ	L	LOUNGE MUTFAK
sehir-otel-500-2000-topkapi.json	A12	TOST MAKİNASI	L	LOUNGE MUTFAK
sehir-otel-500-2000-topkapi.json	A14	TAVA RAFI	L	LOUNGE MUTFAK
sehir-otel-500-2000-topkapi.json	A16	DUVAR RAFI	L	LOUNGE MUTFAK
sehir-otel-500-2000-topkapi.json	A17	BULAŞIK YIKAMA MAKİNASI, SETALTI	L	LOUNGE MUTFAK
sehir-otel-500-2000-topkapi.json	Y1	YER IZGARASI	Y	YER IZGARASI
sehir-otel-500-2000-topkapi.json	B1	PANEL TİP DERİN DONDURUCU ODA	A	ANA MUTFAK DERİN DONDURUCU DEPO
sehir-otel-500-2000-topkapi.json	B2	İSTİF RAFI	A	ANA MUTFAK DERİN DONDURUCU DEPO
sehir-otel-500-2000-topkapi.json	B3	İSTİF RAFI	A	ANA MUTFAK DERİN DONDURUCU DEPO
sehir-otel-500-2000-topkapi.json	B4	İSTİF RAFI	A	ANA MUTFAK DERİN DONDURUCU DEPO
sehir-otel-500-2000-topkapi.json	C1	KUVER ÜNİTESİ	P	PERSONEL YEMEKHANESİ
sehir-otel-500-2000-topkapi.json	C2	BAINMARIE	P	PERSONEL YEMEKHANESİ
sehir-otel-500-2000-topkapi.json	C4	DEPO TİPİ BUZDOLABI, TEK KAPILI	P	PERSONEL YEMEKHANESİ
sehir-otel-500-2000-topkapi.json	C5	BANKET ARABASI	P	PERSONEL YEMEKHANESİ
sehir-otel-500-2000-topkapi.json	C9	ÇAY OTOMATI	P	PERSONEL YEMEKHANESİ
sehir-otel-500-2000-topkapi.json	D2	DUVAR RAFI	P	PERSONEL BULAŞIKHANE
sehir-otel-500-2000-topkapi.json	D3	BULAŞIK YIKAMA MAKİNASI, SETALTI	P	PERSONEL BULAŞIKHANE
sehir-otel-500-2000-topkapi.json	D4	İSTİF RAFI	P	PERSONEL BULAŞIKHANE
sehir-otel-500-2000-topkapi.json	D5	TEPSİ TOPLAMA ARABASI	P	PERSONEL BULAŞIKHANE
sehir-otel-500-2000-topkapi.json	Y1	YER IZGARASI	Y	YER IZGARASI
sehir-otel-500-2000-topkapi.json	E1	DEPO TİPİ BUZDOLABI, TEK KAPILI	R	RESTAURANT MUTFAĞI
sehir-otel-500-2000-topkapi.json	E3	DUVAR RAFI	R	RESTAURANT MUTFAĞI
sehir-otel-500-2000-topkapi.json	E4	PİZZA HAZIRLIK BUZDOLABI, MERMER TABLALI, 2 KAPILI	R	RESTAURANT MUTFAĞI
sehir-otel-500-2000-topkapi.json	E5	HAMUR YOĞURMA MAKİNASI	R	RESTAURANT MUTFAĞI
sehir-otel-500-2000-topkapi.json	E7	PİZZA FIRINI, ÇİFT KATLI	R	RESTAURANT MUTFAĞI
sehir-otel-500-2000-topkapi.json	E10	DUVAR RAFI	R	RESTAURANT MUTFAĞI
sehir-otel-500-2000-topkapi.json	E12	DUVAR RAFI	R	RESTAURANT MUTFAĞI
sehir-otel-500-2000-topkapi.json	E13	DEPO TİPİ BUZDOLABI, TEK KAPILI	R	RESTAURANT MUTFAĞI
sehir-otel-500-2000-topkapi.json	E14	DEPO TİPİ DERİN DONDURUCU, TEK KAPILI	R	RESTAURANT MUTFAĞI
sehir-otel-500-2000-topkapi.json	E16	DUVAR RAFI	R	RESTAURANT MUTFAĞI
sehir-otel-500-2000-topkapi.json	E18	MAKE-UP BUZDOLABI, YÜKSEK BORULU	R	RESTAURANT MUTFAĞI
sehir-otel-500-2000-topkapi.json	E20	COMBI FIRIN	R	RESTAURANT MUTFAĞI
sehir-otel-500-2000-topkapi.json	E21	CİHAZLATI BUZDOLABI, ÇEKMECELİ	R	RESTAURANT MUTFAĞI
sehir-otel-500-2000-topkapi.json	E23	FRİTÖZ, TEK SEPETLİ, ELK., SETÜSTÜ	R	RESTAURANT MUTFAĞI
sehir-otel-500-2000-topkapi.json	E24	4 AÇIK ALEVLİ OCAK, GAZLI, SETÜSTÜ	R	RESTAURANT MUTFAĞI
sehir-otel-500-2000-topkapi.json	E25	DÖKÜM IZGARA, GAZLI, SETÜSTÜ	R	RESTAURANT MUTFAĞI
sehir-otel-500-2000-topkapi.json	E28	MİKRODALGA FIRIN	R	RESTAURANT MUTFAĞI
sehir-otel-500-2000-topkapi.json	E30	TOST MAKİNASI	R	RESTAURANT MUTFAĞI
sehir-otel-500-2000-topkapi.json	E35	INFRARED ISITICI	R	RESTAURANT MUTFAĞI
sehir-otel-500-2000-topkapi.json	E37	INDÜKSİYONLU OCAK, SETÜSTÜ	R	RESTAURANT MUTFAĞI
sehir-otel-500-2000-topkapi.json	F1	ÇALIŞMA TEGAHI	B	BANKET HATTI
sehir-otel-500-2000-topkapi.json	F2	DUVAR RAFI	B	BANKET HATTI
sehir-otel-500-2000-topkapi.json	F3	BANKET ARABASI	B	BANKET HATTI
sehir-otel-500-2000-topkapi.json	H2	BASKET RAFI	B	BULAŞIKHANE
sehir-otel-500-2000-topkapi.json	H3	ÇÖP ARABASI	B	BULAŞIKHANE
sehir-otel-500-2000-topkapi.json	H5	ÖN YIKAMA DUŞU	B	BULAŞIKHANE
sehir-otel-500-2000-topkapi.json	H6	BULAŞIK YIKAMA MAKİNASI, GİYOTİN TİP	B	BULAŞIKHANE
sehir-otel-500-2000-topkapi.json	H9	İSTİF RAFI	B	BULAŞIKHANE
sehir-otel-500-2000-topkapi.json	Y1	YER IZGARASI	Y	YER IZGARASI
sehir-otel-500-2000-topkapi.json	Y2	YER IZGARASI	Y	YER IZGARASI
sehir-otel-500-2000.json	001	Izgara, Perfect 900seri, 1/2M, gazlı, düz, setüstü (OLIS)	A	S I C A K M U T F A K
sehir-otel-500-2000.json	003	Fritöz, Perfect 900seri, 1/2M, elektrikli, setüstü (OLIS)	A	S I C A K M U T F A K
sehir-otel-500-2000.json	005	Kuzine, Perfect 900seri, 1M, gazlı, 4 açık ocak, setüstü (OLIS)	A	S I C A K M U T F A K
sehir-otel-500-2000.json	008	Fırın standı	A	S I C A K M U T F A K
sehir-otel-500-2000.json	002	Duvar rafı	B	S O ı U K M U T F A K
sehir-otel-500-2000.json	003	Salam dilimleme makinesi, ekonomik model, çap: 300 mm	B	S O ı U K M U T F A K
sehir-otel-500-2000.json	006	Depo tipi buzdolabı, Tek kapılı, poliüretan gövdeli (FRENOX)	B	S O ı U K M U T F A K
sehir-otel-500-2000.json	001	Depo tipi buzdolabı, Tek kapılı, poliüretan gövdeli (FRENOX)	G	S E B Z E H A Z I R L I K
sehir-otel-500-2000.json	005	Tel Raf-4 Katl- inox304-46*122*183	G	S E B Z E H A Z I R L I K
sehir-otel-500-2000.json	003	Plastik çöp Konteyneri - 770 LT.- Yeşil, 4 TEKERLEKLİ (UZAY)	D	D E P O L A R
sehir-otel-500-2000.json	004	Plastil çöp Konteyneri , 240 lt. , yeşil, 2 tekerlekli (UZAY)	D	D E P O L A R
sehir-otel-500-2000.json	005	Tel Raf-4 Katl- inox304-53*122*183	D	D E P O L A R
sehir-otel-500-2000.json	001	Yer üzgarası, tavalı,yatay ııkışlı, eğimsiz, 300*300*122 mm DN 70 PVC(Ø75mm), SIKI TİP	Y	YER IZGARALARI
sehir-otel-500-2000.json	002	Yer üzgarası, tavalı, alttan ııkışlı, eğimsiz, 300*300*122 mm DN 70 PVC(Ø75mm), Sıı tip	Y	YER IZGARALARI
sehir-otel-500-2000.json	001	Soğuk Oda, Alarm sistemli (ROTA)	S	Soğuk ODALAR
sehir-otel-500-2000.json	002	çöp Soğuk Oda (ROTA)	S	Soğuk ODALAR
sehir-otel-500-2000.json	002	Duvar rafı	A	S I C A K M U T F A K
sehir-otel-500-2000.json	003	Fırın arabası, 20xGN 2/1 fırın için	A	S I C A K M U T F A K
sehir-otel-500-2000.json	008	Izgara, Perfect 900seri, 1M, gazlı, setüstü, düz+oluklu (OLIS)	A	S I C A K M U T F A K
sehir-otel-500-2000.json	011	Fritöz, Perfect 900seri, 1M, elektrikli, setüstü (OLIS)	A	S I C A K M U T F A K
sehir-otel-500-2000.json	012	Kuzine, Perfect 900seri, 1.5M, gazlı, 6 açık ocak, setüstü (OLIS)	A	S I C A K M U T F A K
sehir-otel-500-2000.json	014	Sosbenmari, Perfect 900seri, 1M, gazlı, setüstü (OLIS)	A	S I C A K M U T F A K
sehir-otel-500-2000.json	019	Duvar rafı	A	S I C A K M U T F A K
sehir-otel-500-2000.json	002	Bıçak sterilizatırı, 10 bıçaklık	B	S O ı U K M U T F A K
sehir-otel-500-2000.json	003	Salam dilimleme makinesi, ekonomik model, çap: 300 mm	B	S O ı U K M U T F A K
sehir-otel-500-2000.json	007	Duvar dolabı, Kapılı	B	S O ı U K M U T F A K
sehir-otel-500-2000.json	008	Ordövr Tabak toplama arabası (100 tabak)	B	S O ı U K M U T F A K
sehir-otel-500-2000.json	004	Kepçe askı borusu, 1000mm	D	M U T F A K BULAŞIK
sehir-otel-500-2000.json	005	Demonte istif rafı, Kazan/tencere	D	M U T F A K BULAŞIK
sehir-otel-500-2000.json	006	Demonte istif rafı, Kazan/tencere	D	M U T F A K BULAŞIK
sehir-otel-500-2000.json	003	Duvar rafı	E	E T H A Z I R L I K
sehir-otel-500-2000.json	006	Et kütüşı, Polietilen tablalı	E	E T H A Z I R L I K
sehir-otel-500-2000.json	007	çöp kazanı kapaklı Ø400 AISI304, 4 tekerlekli	E	E T H A Z I R L I K
sehir-otel-500-2000.json	009	Bıçak sterilizatırı, 10 bıçaklık	E	E T H A Z I R L I K
sehir-otel-500-2000.json	010	Tel Raf-4 Katl- inox304-61*122*183	E	E T H A Z I R L I K
sehir-otel-500-2000.json	011	Tel Raf-4 Katl- inox304-61*152*183	E	E T H A Z I R L I K
sehir-otel-500-2000.json	003	çöp kazanı kapaklı Ø500 AISI304, 4 tekerlekli	G	S E B Z E H A Z I R L I K
sehir-otel-500-2000.json	005	Patates soyma makinası, Elektronik, 10Kg/sefer (BOSFOR)	G	S E B Z E H A Z I R L I K
sehir-otel-500-2000.json	007	Duvar rafı	G	S E B Z E H A Z I R L I K
sehir-otel-500-2000.json	008	Bıçak sterilizatırı, 10 bıçaklık	G	S E B Z E H A Z I R L I K
sehir-otel-500-2000.json	009	Tel Raf-4 Katl- inox304-61*152*183	G	S E B Z E H A Z I R L I K
sehir-otel-500-2000.json	010	Tel Raf-4 Katl- inox304-61*122*183	G	S E B Z E H A Z I R L I K
sehir-otel-500-2000.json	002	Malzeme (erzak) arabası , Plastik , 102 lt., Beyaz renk (UZAY)	H	P A T ı S E R ı
sehir-otel-500-2000.json	004	Duvar dolabı, Kapılı	H	P A T ı S E R ı
sehir-otel-500-2000.json	007	Hamur yoğurma mak.Spiral 75 lt.kazanlı, çift devirli 380 V 25 kg un kapasiteli (BOSFOR)	H	P A T ı S E R ı
sehir-otel-500-2000.json	008	Planet mikser,Kapasite:60lt,Koruma kalkanlı, 380V-50HZ-3PH, 3hızlı (BOSFOR)	H	P A T ı S E R ı
sehir-otel-500-2000.json	009	Tel Raf-4 Katl- inox304-53*137*183	H	P A T ı S E R ı
sehir-otel-500-2000.json	011 01	Taş taban ilavesi, E model fırın için, 67X121,5 (SALVA)	H	P A T ı S E R ı
sehir-otel-500-2000.json	011 02	Mayalama dolabı, E modüllü fırın için, Mayalama dolabı (ısıtma+mayalama), tekerlekli Kapasite: 15 adet 60x40 lık tepsi (SALVA)	H	P A T ı S E R ı
sehir-otel-500-2000.json	001	Soğuk banket arabası +2 / +10, 7 adet GN 2/1 kapasite (FRENOX)	G	G A R S O N H O L ı
sehir-otel-500-2000.json	002	Banket arabası, Isıtmalı, GN1/1 20ad. tepsi kapasiteli	G	G A R S O N H O L ı
sehir-otel-500-2000.json	001	Tartım baskılı, 300 LCD ekran, 70*80 cm ptatform. otomatik süfrlama (TEM)	D	D E P O L A R
sehir-otel-500-2000.json	005	Tel Raf-4 Katl- inox304-61*137*183	D	D E P O L A R
sehir-otel-500-2000.json	006	Plastik çöp Konteyneri - 120 lt. yeşil, 2 tekerlekli (UZAY)	D	D E P O L A R
sehir-otel-500-2000.json	007	Tel Raf-4 Katl- inox304-61*152*183	D	D E P O L A R
sehir-otel-500-2000.json	008	Ordövr Tabak toplama arabası (100 tabak) (ORMEL)	D	D E P O L A R
sehir-otel-500-2000.json	009	Sinek ıldırıcı , Yapışkanlı-Paslanmaz, 50 m2 etkili, 2*40 W. KISA AMPUL (YÜBER)	D	D E P O L A R
sehir-otel-500-2000.json	010	Hijyen Paspas,Tavalı,Aluminyum kasa-55*85 cm., Gri Paspas	D	D E P O L A R
sehir-otel-500-2000.json	001	Yer üzgarası, tavalı, alttan ııkışlı, eğimsiz, 300*300*122 mm DN 70 PVC(Ø75mm), Sıı tip	Y	YER IZGARALARI
sehir-otel-500-2000.json	002	Yer üzgarası, tavalı,yatay ııkışlı, eğimsiz, 300*300*122 mm DN 70 PVC(Ø75mm), SIKI TİP	Y	YER IZGARALARI
sehir-otel-500-2000.json	003	Yer üzgarası, tavalı, yatay ııkışlı,orta eğimli, Sıı tip, 400*1384*145 mm DN 70 PVC(Ø75mm)	Y	YER IZGARALARI
sehir-otel-500-2000.json	004	Yer üzgarası, tavalı, alttan ııkışlı,orta eğimli, Sıı tip, 300*941*145 mm DN 70 PVC(Ø75mm)	Y	YER IZGARALARI
sehir-otel-500-2000.json	005	Yer üzgarası, tavalı, alttan ııkışlı,orta eğimli, Sıı tip, 300*1384*145 mm DN 70 PVC(Ø75mm)	Y	YER IZGARALARI
sehir-otel-500-2000.json	006	Yer üzgarası, tavalı, alttan ııkışlı,orta eğimli, Sıı tip, 300*1626*145 mm DN 70 PVC(Ø75mm)	Y	YER IZGARALARI
sehir-otel-500-2000.json	001	çöp Soğuk Oda, 0-10 m3 arası soğuk oda (ROTA)	S	Soğuk ODALAR
sehir-otel-500-2000.json	002	Patiseri Soğuk Oda, 0-10 m3 arası soğuk oda (ROTA)	S	Soğuk ODALAR
sehir-otel-500-2000.json	003	Soğuk Oda, 0-10 m3 arası soğuk oda (ROTA)	S	Soğuk ODALAR
sehir-otel-500-2000.json	004	Soğuk Oda, 0-10 m3 arası soğuk oda (ROTA)	S	Soğuk ODALAR
sehir-otel-500-2000.json	005	Soğuk Mutfak Soğuk Oda, 0-10 m3 arası soğuk oda (ROTA)	S	Soğuk ODALAR
sehir-otel-500-2000.json	006	Sebze Soğuk Oda, 0-10 m3 arası soğuk oda (ROTA)	S	Soğuk ODALAR
sehir-otel-500-2000.json	007	Et Soğuk Oda, 0-10 m3 arası soğuk oda (ROTA)	S	Soğuk ODALAR
sehir-otel-500-2000.json	001	Kuver ünitesi, GN1/4*3ad., GN1/1*1ad.	B	BANQUET MUTFAıI TOPLAM
sehir-otel-500-2000.json	004	Tepsi standı, Cr-Ni boru	B	BANQUET MUTFAıI TOPLAM
sehir-otel-500-2000.json	006	Tepsi standı, Cr-Ni boru	B	BANQUET MUTFAıI TOPLAM
steakhouse-150-250.json	A1	İSTİF RAFİ		
steakhouse-150-250.json	B1	PANEL TİP SOĞUK ODA		
steakhouse-150-250.json	B2	İSTİF RAFİ		
steakhouse-150-250.json	C1	PANEL TİP SOĞUK ODA		
steakhouse-150-250.json	C2	İSTİF RAFİ		
steakhouse-150-250.json	D2	DUVAR RAFİ		
steakhouse-150-250.json	D3	ÇÖP ARABASI		
steakhouse-150-250.json	D5	BIÇAK STERİL DOLABI		
steakhouse-150-250.json	D8	ET KÜTÜĞÜ		
steakhouse-150-250.json	D10	DUVAR RAFİ		
steakhouse-150-250.json	D11	DİZDEN KUMANDALI EL YIKAMA LAVABOSU		
steakhouse-150-250.json	F1	KOMBİ FIRIN		
steakhouse-150-250.json	F3	4 AÇIK ALEVLİ OCAK, GAZLI		
steakhouse-150-250.json	F4	SOS BAINMARIE, ELK. SETÜSTÜ		
steakhouse-150-250.json	F5	DÖKÜM IZGARA, GAZLI, SETÜSTÜ		
steakhouse-150-250.json	F11	SİNEK ÖLDÜRÜCÜ		
steakhouse-150-250.json	G1	DRY-AGED DOLABI		
steakhouse-150-250.json	G2	ET TEŞHİR REYONU		
steakhouse-150-250.json	G5	KÖMÜRLÜ IZGARA		
steakhouse-150-250.json	G6	PATATES DİNLENDIRME ÜNİTESİ, ELK. SETÜSTÜ		
steakhouse-150-250.json	G7	FRİTÖZ, ÇİFT SEPETLİ, ELK., SETÜSTÜ		
steakhouse-150-250.json	G10	VAKUM MAKİNASI		
steakhouse-150-250.json	G11	STREÇLEME MAKİNESİ		
steakhouse-150-250.json	G12	DİZDEN KUMANDALI EL YIKAMA LAVABOSU		
steakhouse-150-250.json	H1	DEPO TİPİ BUZDOLABI, TEK KAPILI		
steakhouse-150-250.json	H3	DUVAR RAFİ		
steakhouse-150-250.json	H5	DUVAR RAFİ		
steakhouse-150-250.json	H6	MAKE-UP ÜNİTESİ, 3 KAPILI		
steakhouse-150-250.json	J2	BASKET RAFİ		
steakhouse-150-250.json	J3	ÇÖP ARABASI		
steakhouse-150-250.json	J5	ÖN YIKAMA DUŞU		
steakhouse-150-250.json	J6	YAĞ TUTUCU		
steakhouse-150-250.json	J7	BULAŞIK YIKAMA MAKİNESİ, GİYOTİN TİP		
steakhouse-150-250.json	J10	İSTİF RAFİ		
steakhouse-150-250.json	K2	BUZ MAKİNESİ		
steakhouse-150-250.json	K7	ÇAY OTOMATI		
steakhouse-150-250.json	Y1	YER IZGARASI		
steakhouse-150-250.json	Y2	YER IZGARASI		
steakhouse-80-150.json	A1	İSTİF RAFİ		
steakhouse-80-150.json	B1	PANEL TİP SOĞUK ODA		
steakhouse-80-150.json	B2	İSTİF RAFİ		
steakhouse-80-150.json	D2	DUVAR RAFİ		
steakhouse-80-150.json	D3	ÇÖP ARABASI		
steakhouse-80-150.json	D5	BIÇAK STERİL DOLABI		
steakhouse-80-150.json	D8	ET KÜTÜĞÜ		
steakhouse-80-150.json	D10	DUVAR RAFİ		
steakhouse-80-150.json	D11	DİZDEN KUMANDALI EL YIKAMA LAVABOSU		
steakhouse-80-150.json	F1	KONVEKSİYONLU FIRIN, GAZLI		
steakhouse-80-150.json	F3	4 AÇIK ALEVLİ OCAK, GAZLI, SETÜSTÜ		
steakhouse-80-150.json	F4	SOS BAINMARIE, ELK. SETÜSTÜ		
steakhouse-80-150.json	F5	LAVTAŞLI IZGARA, GAZLI, SETÜSTÜ		
steakhouse-80-150.json	F11	SİNEK ÖLDÜRÜCÜ		
steakhouse-80-150.json	G1	DRY-AGED DOLABI		
steakhouse-80-150.json	G2	ET TEŞHİR REYONU		
steakhouse-80-150.json	G5	KÖMÜRLÜ IZGARA, GAZLI SETÜSTÜ		
steakhouse-80-150.json	G7	FRİTÖZ, ÇİFT SEPETLİ, ELK., SETÜSTÜ		
steakhouse-80-150.json	H1	DEPO TİPİ BUZDOLABI, TEK KAPILI		
steakhouse-80-150.json	H3	DUVAR RAFİ		
steakhouse-80-150.json	H5	DUVAR RAFİ		
steakhouse-80-150.json	H6	MAKE-UP ÜNİTESİ, 3 KAPILI		
steakhouse-80-150.json	J2	ÇÖP ARABASI		
steakhouse-80-150.json	J4	BULAŞIK YIKAMA MAKİNESİ, SETALTI		
steakhouse-80-150.json	J5	İSTİF RAFİ		
steakhouse-80-150.json	K2	BUZ MAKİNESİ		
steakhouse-80-150.json	K8	ÇAY OTOMATI		
steakhouse-80-150.json	Y1	YER IZGARASI		
sushi-40-100.json	A1	İSTİF RAFI		
sushi-40-100.json	B1	PANEL TİP SOĞUK ODA	B	B- SOĞUK ODA
sushi-40-100.json	B2	İSTİF RAFI	B	B- SOĞUK ODA
tavukcu-80-150.json	A2	DUVAR RAFI		
tavukcu-80-150.json	A4	DUVAR RAFI		
tavukcu-80-150.json	B1	PANEL TİP SOĞUK ODA	B	B- SOĞUK ODA
tavukcu-80-150.json	B2	İSTİF RAFI	B	B- SOĞUK ODA
tavukcu-80-150.json	B3	İSTİF RAFI	B	B- SOĞUK ODA
tavukcu-80-150.json	Y1	YER IZGARASI	Y	Y- YER IZGARASI
turk-restoran-200-5000.json	1	PANEL TİP SOĞUK ODA	01-hazirlik-ve-depolar	01-HAZIRLIK VE DEPOLAR
turk-restoran-200-5000.json	1.1	SOĞUK ODA CİHAZI	01-hazirlik-ve-depolar	01-HAZIRLIK VE DEPOLAR
turk-restoran-200-5000.json	2	ETEJER,AL.AYAK,4 P.ETİLEN RAF-475X2048MM	01-hazirlik-ve-depolar	01-HAZIRLIK VE DEPOLAR
turk-restoran-200-5000.json	3	ETEJER,AL.AYAK,4 P.ETİLEN RAF-475X1872MM	01-hazirlik-ve-depolar	01-HAZIRLIK VE DEPOLAR
turk-restoran-200-5000.json	4	ETEJER,AL.AYAK,4 P.ETİLEN RAF-475X950MM	01-hazirlik-ve-depolar	01-HAZIRLIK VE DEPOLAR
turk-restoran-200-5000.json	5	ETEJER,AL.AYAK,4 P.ETİLEN RAF-475X1216MM	01-hazirlik-ve-depolar	01-HAZIRLIK VE DEPOLAR
turk-restoran-200-5000.json	1	TAŞ TABANLI FIRIN	02-pi̇de-bölümü	02-PİDE BÖLÜMÜ
turk-restoran-200-5000.json	3	MERMER ÜST TABLA	02-pi̇de-bölümü	02-PİDE BÖLÜMÜ
turk-restoran-200-5000.json	4	GARNİTÜRLÜK ALT RAFI	02-pi̇de-bölümü	02-PİDE BÖLÜMÜ
turk-restoran-200-5000.json	5	SETÜSTÜ SOĞUT.GARNİTÜR ÜNİTESİ-1780MM	02-pi̇de-bölümü	02-PİDE BÖLÜMÜ
turk-restoran-200-5000.json	6	HAMUR YOĞURMA MAKİNAESI	02-pi̇de-bölümü	02-PİDE BÖLÜMÜ
turk-restoran-200-5000.json	1.1	DİRSEK KONTROLLU BATARYA 3/4,TEK GÖVDE	03-hazirlik	03-HAZIRLIK
turk-restoran-200-5000.json	2	DUVAR RAFI	03-hazirlik	03-HAZIRLIK
turk-restoran-200-5000.json	3	DUVAR RAFI	03-hazirlik	03-HAZIRLIK
turk-restoran-200-5000.json	5	ETEJER,AL.AYAK,4 P.ETİLEN RAF-373X1872MM	03-hazirlik	03-HAZIRLIK
turk-restoran-200-5000.json	6	GN D.DONDURUCU,304,1 KAPI-670L-22°C-ECO	03-hazirlik	03-HAZIRLIK
turk-restoran-200-5000.json	7	DUVAR RAFI	03-hazirlik	03-HAZIRLIK
turk-restoran-200-5000.json	9	YER OCAĞI, GAZLI	03-hazirlik	03-HAZIRLIK
turk-restoran-200-5000.json	10	4 OCAKLI (10KW) GAZLI KUZİNE+FIRIN-800MM	03-hazirlik	03-HAZIRLIK
turk-restoran-200-5000.json	4	ŞERBETLİK, AYRANLIK, 2X20 LT	05-bar	05-BAR
turk-restoran-200-5000.json	5	KATI MEYVE SIKACAĞI,100 LT/S-SANTOS	05-bar	05-BAR
turk-restoran-200-5000.json	6	BLENDER,POLİKARBONAT KAPLI,1.4LT-H.BEACH	05-bar	05-BAR
turk-restoran-200-5000.json	7	OTOMATİK PORTAKAL SIKMA MAKİNESİ	05-bar	05-BAR
turk-restoran-200-5000.json	8	T.ALTI BULAŞIK M.540T/S,2 PRG.PD.DP.1PH	05-bar	05-BAR
turk-restoran-200-5000.json	13	2 CAM KAPILI BR BUZDOLABI	05-bar	05-BAR
turk-restoran-200-5000.json	14	DEKORATİF BANKO	05-bar	05-BAR
turk-restoran-200-5000.json	16	6 DEMLİKLİ ÇAY OCAĞI	05-bar	05-BAR
turk-restoran-200-5000.json	17.1	DİRSEK KONTROLLU BATARYA 3/4,TEK GÖVDE	05-bar	05-BAR
turk-restoran-200-5000.json	2	60 L S/S ÇÖP ARABASI-KAPAKLI	06-bulaşikhane	06-BULAŞIKHANE
turk-restoran-200-5000.json	3	DİRSEK KONTROLLU SPREY DUŞ 3/4	06-bulaşikhane	06-BULAŞIKHANE
turk-restoran-200-5000.json	8	GİYOTİN BULAŞIK MAKİNESİ,80 SEPET/S	06-bulaşikhane	06-BULAŞIKHANE
turk-restoran-200-5000.json	9	ETEJER,AL.AYAK,4 P.ETİLEN RAF-475X1037MM	06-bulaşikhane	06-BULAŞIKHANE
turk-restoran-200-5000.json	10	ETEJER,AL.AYAK,4 P.ETİLEN RAF-475X1960MM	06-bulaşikhane	06-BULAŞIKHANE
yerinde-uretim-20-60.json	K1	DEPO TİPİ BUZDOLABI, ÇİFT KAPILI	kuru-depo	KURU DEPO
yerinde-uretim-20-60.json	K2	İSTİF RAFI, 4 KATLI, DEMONTE	kuru-depo	KURU DEPO
yerinde-uretim-20-60.json	K3	İSTİF RAFI, 4 KATLI, DEMONTE	kuru-depo	KURU DEPO
yerinde-uretim-20-60.json	M1	KUVER UNİTESİ, KAYDIRMA STANDLI, MOBİLYASIZ	mutfak	MUTFAK
yerinde-uretim-20-60.json	M5	DUVAR DOLABI, SÜRGÜ KAPILI, 2 KATLI	mutfak	MUTFAK
yerinde-uretim-20-60.json	M6	4 AÇIK ALEVLİ OCAK, KUZİNELİ, GAZLI	mutfak	MUTFAK
yerinde-uretim-20-60.json	M9	ÇAY OCAĞI, GAZLI+ ELEKTRİKLİ	mutfak	MUTFAK
yerinde-uretim-20-60.json	M12	BULAŞIK YIKAMA MAKİNASI, SETALTI	mutfak	MUTFAK
yerinde-uretim-20-60.json	M13	DUVAR DOLABI, SÜRGÜ KAPILI, 2 KATLI	mutfak	MUTFAK
yerinde-uretim-20-60.json	Y1	YER IZGARASI	yer-izgarasi	YER IZGARASI