Tedarikci,Uretici marka,Urun tanimi,Gorsel,Fiyat,SKU,Departman,Kategori
Öztiryakiler Endüstriyel Mutfak,Rational,RATIONAL UltraVent XS yogusturma davlumbazı 60.73.865,,237.474 TL + KDV,5RRX.60738.65,davlumbaz,davlumbazlar
Öztiryakiler Endüstriyel Mutfak,Rational,RATIONAL ULTRAVENT PLUS YOĞUŞTURMA DAVLUMBAZI TİP XS 6-2/3,,368.107 TL + KDV,5RRX.60743.94,davlumbaz,davlumbazlar
Öztiryakiler Endüstriyel Mutfak,Rational,"RATIONAL ULTRAVENT DAVLUMBAZ TİP 6-1/1, 10-1/1",,308.402 TL + KDV,5RRX.60751.34,davlumbaz,davlumbazlar
Öztiryakiler Endüstriyel Mutfak,Rational,RATIONAL ULTRAVENT YOĞUŞTURMA DAVLUMBAZI,,478.050 TL + KDV,5RRX.60751.42,davlumbaz,davlumbazlar
Öztiryakiler Endüstriyel Mutfak,Rational,"RATIONAL ULTRAVENT DAVLUMBAZ TİP 6-2/1, 10-2/1",,382.465 TL + KDV,5RRX.60751.35,davlumbaz,davlumbazlar
Öztiryakiler Endüstriyel Mutfak,Rational,"RATIONAL ULTRAVENT PLUS DAVLUMBAZ TİP 6-2/1, 10-2/1",,592.790 TL + KDV,5RRX.60751.43,davlumbaz,davlumbazlar
Öztiryakiler Endüstriyel Mutfak,Rational,RATIONAL ULTRAVENT DAVLUMBAZ TİP 20-1/1,,382.465 TL + KDV,5RRX.60751.36,davlumbaz,davlumbazlar
Öztiryakiler Endüstriyel Mutfak,Rational,RATIONAL ULTRAVENT DAVLUMBAZ TİP 20-2/1,https://equsto.com/images/catalog/ozti/web/ozti-5rrx-60751-37.jpg,499.604 TL + KDV,5RRX.60751.37,davlumbaz,davlumbazlar
Öztiryakiler Endüstriyel Mutfak,Unox,UNOX DAVLUMBAZ EECH-HC23 CHEFTOP,https://equsto.com/images/catalog/ozti/web/ozti-9885-eechc-00.jpg,94.178 TL + KDV,9885.EECHC.00,davlumbaz,linemiss-linemicro-serisi-firinlar
Öztiryakiler Endüstriyel Mutfak,Unox,UNOX DAVLUMBAZ XEBHC-HCEU BAKERTOP,https://equsto.com/images/catalog/ozti/web/ozti-9885-xebhc-hceu.jpg,103.824 TL + KDV,9885.XEBHC.HCEU,davlumbaz,linemiss-linemicro-serisi-firinlar
Öztiryakiler Endüstriyel Mutfak,Rational,"RATIONAL MOBIL TEPSI STANDI, TİP 20-1/1 STANDART, 20 RAFLI",https://equsto.com/images/catalog/ozti/web/ozti-5rrx-60213-31.jpg,146.718 TL + KDV,5RRX.60213.31,dolap,20-2-1-20-2-2-mobil-tepsi-standlari
Öztiryakiler Endüstriyel Mutfak,Rational,"Rational Mobil tepsi standı, Tip 20-1/1 15 raflı",,146.718 TL + KDV,5RRX.60212.87,dolap,20-2-1-20-2-2-mobil-tepsi-standlari
Öztiryakiler Endüstriyel Mutfak,Rational,"Rational Mobil tepsi standı, Tip 20-1/1 16 raflı",,146.718 TL + KDV,5RRX.60212.88,dolap,20-2-1-20-2-2-mobil-tepsi-standlari
Öztiryakiler Endüstriyel Mutfak,Rational,"Rational Mobil tepsi standı, Tip 20-1/1 17 raflı",,146.718 TL + KDV,5RRX.60212.89,dolap,20-2-1-20-2-2-mobil-tepsi-standlari
Öztiryakiler Endüstriyel Mutfak,Rational,RATIONAL MOBIL TEPSI STANDI TIP 20-2/1  20 RAFLI RAY MESAFESİ 65MM,https://equsto.com/images/catalog/ozti/web/ozti-9999-60224-90.jpg,148.222 TL + KDV,9999.60224.90,dolap,20-2-1-20-2-2-mobil-tepsi-standlari
Öztiryakiler Endüstriyel Mutfak,Rational,"Rational Mobil tepsi standı, Tip 20-2/1 15 raflı",,184.837 TL + KDV,5RRX.60223.94,dolap,20-2-1-20-2-2-mobil-tepsi-standlari
Öztiryakiler Endüstriyel Mutfak,Rational,"Rational Mobil tepsi standı, Tip 20-2/1 17 raflı",,184.837 TL + KDV,5RRX.60223.96,dolap,20-2-1-20-2-2-mobil-tepsi-standlari
Öztiryakiler Endüstriyel Mutfak,Rational,"RATIONAL MOBİL TEPSİ STANDI, TİP 6-1/1 STANDART, 6 RAFLI",https://equsto.com/images/catalog/ozti/web/ozti-5rrx-60614-20.jpg,44.354 TL + KDV,5RRX.60614.20,dolap,6-1-1-6-1-2-10-1-1-10-1-2-mobil-tepsi-standlari
Öztiryakiler Endüstriyel Mutfak,Rational,"MOBIL TEPSİ STANDI, TİP 10-1/1 STANDART, 10 RAFLI",,51.920 TL + KDV,5RRX.60116.00,dolap,6-1-1-6-1-2-10-1-1-10-1-2-mobil-tepsi-standlari
Öztiryakiler Endüstriyel Mutfak,Rational,"RATIONAL MOBIL TEPSI STANDI, TİP 6-2/1 STANDART, 6 RAFLI",,62.102 TL + KDV,5RRX.60621.50,dolap,6-1-1-6-1-2-10-1-1-10-1-2-mobil-tepsi-standlari
Öztiryakiler Endüstriyel Mutfak,Rational,RATIONAL MOBIL TEPSI ASKI RAFI 2/1 10 RAFLI,,75.438 TL + KDV,5RRX.60121.15,dolap,6-1-1-6-1-2-10-1-1-10-1-2-mobil-tepsi-standlari
Öztiryakiler Endüstriyel Mutfak,Rational,RATIONAL MOBIL TABAK RAFI 34 TABAK,,84.072 TL + KDV,5RRX.60620.17,dolap,6-1-1-6-1-2-10-1-1-10-1-2-mobil-tabak-standlari
Öztiryakiler Endüstriyel Mutfak,Rational,RATIONAL MOBIL TABAK RAFI 52 TABAK 10 2/1 GN ICIN,,105.050 TL + KDV,5RRX.60120.22,dolap,6-1-1-6-1-2-10-1-1-10-1-2-mobil-tabak-standlari
Öztiryakiler Endüstriyel Mutfak,Rational,RATIONAL MOBIL TABAK RAFI 42 TABAK,,88.901 TL + KDV,5RRX.60120.62,dolap,6-1-1-6-1-2-10-1-1-10-1-2-mobil-tabak-standlari
Öztiryakiler Endüstriyel Mutfak,Rational,RATIONAL MOBIL TABAK RAFI 20-2/1 60.22.399,,241.631 TL + KDV,5RRX.60223.99,dolap,20-2-1-20-2-2-mobil-tabak-standlari
Öztiryakiler Endüstriyel Mutfak,Vitrifrigo,ÖZTİRYAKİLER SICAK TEŞHİR DOLABI 120 LİTRE 678x568x686 cm RTR-120L,https://equsto.com/images/catalog/ozti/web/ozti-9868-rtr12-0l.jpg,44.179 TL + KDV,9868.RTR12.0L,dolap,teshir-dolaplari
Öztiryakiler Endüstriyel Mutfak,Vitrifrigo,ÖZTİRYAKİLER SICAK TEŞHİR DOLABI 160 LİTRE 856x568x686 cm RTR-160L,https://equsto.com/images/catalog/ozti/web/ozti-9868-rtr16-0l.jpg,48.870 TL + KDV,9868.RTR16.0L,dolap,teshir-dolaplari
Öztiryakiler Endüstriyel Mutfak,Hobart,HOBART MIKSER 20 LT,https://equsto.com/images/catalog/ozti/web/ozti-9810-hl200-21.jpg,513.192 TL + KDV,9810.HL200.21,hazirlik,hobart-mikserler
Öztiryakiler Endüstriyel Mutfak,Robot Coupe,ROBOT COUPE EL BLENDER MİNİ MP 160 V.V.,https://equsto.com/images/catalog/ozti/web/ozti-9860-mp160-vv.jpg,18.109 TL + KDV,9860.MP160.VV,hazirlik,robot-coupe-el-mikserleri
Öztiryakiler Endüstriyel Mutfak,Robot Coupe,ROBOT COUPE EL BLENDER MİNİ MP 190 V.V.,https://equsto.com/images/catalog/ozti/web/ozti-9860-mp190-vv.jpg,22.823 TL + KDV,9860.MP190.VV,hazirlik,robot-coupe-el-mikserleri
Öztiryakiler Endüstriyel Mutfak,Robot Coupe,ROBOT COUPE EL BLENDER MİNİ MP 190 COMBİ,https://equsto.com/images/catalog/ozti/web/ozti-9860-mp190-c0.jpg,32.983 TL + KDV,9860.MP190.C0,hazirlik,robot-coupe-el-mikserleri
Öztiryakiler Endüstriyel Mutfak,Robot Coupe,ROBOT COUPE EL BLENDER MİNİ MP 240 V.V.,https://equsto.com/images/catalog/ozti/web/ozti-9860-mp240-vv.jpg,24.806 TL + KDV,9860.MP240.VV,hazirlik,robot-coupe-el-mikserleri
Öztiryakiler Endüstriyel Mutfak,Robot Coupe,ROBOT COUPE EL BLENDERI CMP250 KOMBI,https://equsto.com/images/catalog/ozti/web/ozti-9860-mp250-c0.jpg,44.036 TL + KDV,9860.MP250.C0,hazirlik,robot-coupe-el-mikserleri
Öztiryakiler Endüstriyel Mutfak,Robot Coupe,ROBOT COUPE EL BLENDERI  MP350 Ultra 230/50/1,https://equsto.com/images/catalog/ozti/web/ozti-9810-mp350-u0.jpg,34.906 TL + KDV,9810.MP350.U0,hazirlik,robot-coupe-el-mikserleri
Öztiryakiler Endüstriyel Mutfak,Robot Coupe,ROBOT COUPE EL BLENDERI MP350 COMBI Ultra 230/50,https://equsto.com/images/catalog/ozti/web/ozti-9810-mp350-cu.jpg,54.163 TL + KDV,9810.MP350.CU,hazirlik,robot-coupe-el-mikserleri
Öztiryakiler Endüstriyel Mutfak,Robot Coupe,ROBOT COUPE EL BLENDERI MP450 ULTRA,https://equsto.com/images/catalog/ozti/web/ozti-9810-mp450-ul.jpg,38.714 TL + KDV,9810.MP450.UL,hazirlik,robot-coupe-el-mikserleri
Öztiryakiler Endüstriyel Mutfak,Robot Coupe,ROBOT COUPE EL BLENDERI IKI KAFALI MP 450 COMBİ ULTRA,https://equsto.com/images/catalog/ozti/web/ozti-9860-mp450-c0.jpg,58.450 TL + KDV,9860.MP450.C0,hazirlik,robot-coupe-el-mikserleri
Öztiryakiler Endüstriyel Mutfak,Robot Coupe,ROBOT COUPE EL BLENDER MP550 ULTRA,https://equsto.com/images/catalog/ozti/web/ozti-9860-mp550-a0.jpg,57.692 TL + KDV,9860.MP550.A0,hazirlik,robot-coupe-el-mikserleri
Öztiryakiler Endüstriyel Mutfak,Robot Coupe,ROBOT COUPE EL BLENDER MP600 ULTRA,https://equsto.com/images/catalog/ozti/web/ozti-9860-mp600-a0.jpg,72.368 TL + KDV,9860.MP600.A0,hazirlik,robot-coupe-el-mikserleri
Öztiryakiler Endüstriyel Mutfak,Robot Coupe,ROBOT COUPE MIKSER  MP800 ULTRA,https://equsto.com/images/catalog/ozti/web/ozti-9810-mp800-ul.jpg,75.887 TL + KDV,9810.MP800.UL,hazirlik,robot-coupe-el-mikserleri
Öztiryakiler Endüstriyel Mutfak,Robot Coupe,ROBOT COUPE SEBZE DOGRAMA MAKINASI CL50 BICAKSIZ,https://equsto.com/images/catalog/ozti/web/ozti-9840-cl50d-00.jpg,112.044 TL + KDV,9840.CL50D.00,hazirlik,sebze-dograma-makineleri
Öztiryakiler Endüstriyel Mutfak,Robot Coupe,ROBOT COUPE 8 BICAKLI  DISK SETI,https://equsto.com/images/catalog/ozti/web/ozti-5r1x-01927-00.jpg,54.857 TL + KDV,5R1X.01927.00,hazirlik,sebze-dograma-makineleri
Öztiryakiler Endüstriyel Mutfak,Robot Coupe,ROBOT COUPE SEBZE DOGRAMA MAKINESI CL52 BICAKSIZ İTME KAFALI,https://equsto.com/images/catalog/ozti/web/ozti-9840-cl52d-00.jpg,179.075 TL + KDV,9840.CL52D.00,hazirlik,sebze-dograma-makineleri
Öztiryakiler Endüstriyel Mutfak,Robot Coupe,ROBOT COUPE SEBZE DOGRAMA MAKINESI CL55 BICAKSIZ İTME KAFALI,https://equsto.com/images/catalog/ozti/web/ozti-9840-cl55d-00.jpg,318.230 TL + KDV,9840.CL55D.00,hazirlik,sebze-dograma-makineleri
Öztiryakiler Endüstriyel Mutfak,Robot Coupe,ROBOT COUPE KAFA,https://equsto.com/images/catalog/ozti/web/ozti-5r1x-28170-00.jpg,95.696 TL + KDV,5R1X.28170.00,hazirlik,sebze-dograma-makineleri
Öztiryakiler Endüstriyel Mutfak,Robot Coupe,ROBOT COUPE SEBZE DOGRAMA MAKINASI CL60 BIÇAKSIZ OTOMATIK KAFALI,https://equsto.com/images/catalog/ozti/web/ozti-9840-cl60d-00.jpg,516.415 TL + KDV,9840.CL60D.00,hazirlik,sebze-dograma-makineleri
Öztiryakiler Endüstriyel Mutfak,Robot Coupe,ROBOT COUPE 12 BICAKLI  DISK SETI,https://equsto.com/images/catalog/ozti/web/ozti-5r1x-01942-00.jpg,90.775 TL + KDV,5R1X.01942.00,hazirlik,sebze-dograma-makineleri
Öztiryakiler Endüstriyel Mutfak,Robot Coupe,ROBOT COUPE CL 60 ICIN İTME KAFA,,98.862 TL + KDV,5R1X.39680.00,hazirlik,sebze-dograma-makineleri
Öztiryakiler Endüstriyel Mutfak,Robot Coupe,ROBOT COUPE CL60 ICIN DÜZ VE EGIK KAFA,https://equsto.com/images/catalog/ozti/web/ozti-5r1x-28157-00.jpg,96.703 TL + KDV,5R1X.28157.00,hazirlik,sebze-dograma-makineleri
Öztiryakiler Endüstriyel Mutfak,Robot Coupe,ROBOT COUPE SEBZE DOĞRAMA VE PARÇALAMA MAKİNESİ R211 XL,https://equsto.com/images/catalog/ozti/web/ozti-9840-r201e-00.jpg,65.927 TL + KDV,9840.R201E.00,hazirlik,sebze-dograma-makineleri
Öztiryakiler Endüstriyel Mutfak,Robot Coupe,ROBOT COUPE R 201/301 SEBZE DOGRAMA KESME DISK TK. (5 ADET),https://equsto.com/images/catalog/ozti/web/ozti-5r1x-01946-00.jpg,20.395 TL + KDV,5R1X.01946.00,hazirlik,sebze-dograma-makineleri
Öztiryakiler Endüstriyel Mutfak,Robot Coupe,ROBOT COUPE SEBZE DOĞRAMA VE PARÇALAMA MAKİNESİ R301,https://equsto.com/images/catalog/ozti/web/ozti-9840-r301c-00.jpg,81.342 TL + KDV,9840.R301C.00,hazirlik,sebze-dograma-makineleri
Öztiryakiler Endüstriyel Mutfak,Robot Coupe,"ROBOT COUPE MUTFAK ROBOTU R2, 2,5 LTR",https://equsto.com/images/catalog/ozti/web/ozti-9860-000r2-00.jpg,68.060 TL + KDV,9860.000R2.00,hazirlik,sebze-dograma-makineleri
Öztiryakiler Endüstriyel Mutfak,Robot Coupe,"ROBOT COUPE MUTFAK ROBOTU R5, 5,5 LTR",https://equsto.com/images/catalog/ozti/web/ozti-9860-000r5-00.jpg,142.060 TL + KDV,9860.000R5.00,hazirlik,sebze-dograma-makineleri
Öztiryakiler Endüstriyel Mutfak,Robot Coupe,ROBOT COUPE KÜP KESME 5X5X5 MM,https://equsto.com/images/catalog/ozti/web/ozti-5r1x-28110-00.jpg,16.506 TL + KDV,5R1X.28110.00,hazirlik,aksesuarlar
Öztiryakiler Endüstriyel Mutfak,Robot Coupe,ROBOT COUPE KESME DISKI 8*8 MM,https://equsto.com/images/catalog/ozti/web/ozti-5r1x-28111-00.jpg,15.130 TL + KDV,5R1X.28111.00,hazirlik,aksesuarlar
Öztiryakiler Endüstriyel Mutfak,Robot Coupe,ROBOT COUPE KUP KESME 10*10 MM,https://equsto.com/images/catalog/ozti/web/ozti-5r1x-28112-00.jpg,15.130 TL + KDV,5R1X.28112.00,hazirlik,aksesuarlar
Öztiryakiler Endüstriyel Mutfak,Robot Coupe,ROBOT COUPE KESME DISKI 14*14 MM,https://equsto.com/images/catalog/ozti/web/ozti-5r1x-28113-00.jpg,15.130 TL + KDV,5R1X.28113.00,hazirlik,aksesuarlar
Öztiryakiler Endüstriyel Mutfak,Robot Coupe,ROBOT COUPE KESME DISKI 20*20 MM,https://equsto.com/images/catalog/ozti/web/ozti-5r1x-28114-00.jpg,15.130 TL + KDV,5R1X.28114.00,hazirlik,aksesuarlar
Öztiryakiler Endüstriyel Mutfak,Robot Coupe,ROBOT COUPE KESME DISKI 25*25 MM,https://equsto.com/images/catalog/ozti/web/ozti-5r1x-28115-00.jpg,15.130 TL + KDV,5R1X.28115.00,hazirlik,aksesuarlar
Öztiryakiler Endüstriyel Mutfak,Robot Coupe,"ROBOT COUPE RENDE 1,5 MM",https://equsto.com/images/catalog/ozti/web/ozti-5r1x-28056-00.jpg,5.502 TL + KDV,5R1X.28056.00,hazirlik,aksesuarlar
Öztiryakiler Endüstriyel Mutfak,Robot Coupe,ROBOT COUPE RENDE 2 MM,https://equsto.com/images/catalog/ozti/web/ozti-5r1x-28057-00.jpg,5.502 TL + KDV,5R1X.28057.00,hazirlik,aksesuarlar
Öztiryakiler Endüstriyel Mutfak,Robot Coupe,ROBOT COUPE RENDE 3 MM,https://equsto.com/images/catalog/ozti/web/ozti-5r1x-28058-00.jpg,5.502 TL + KDV,5R1X.28058.00,hazirlik,aksesuarlar
Öztiryakiler Endüstriyel Mutfak,Robot Coupe,ROBOT COUPE RENDE 4MM,https://equsto.com/images/catalog/ozti/web/ozti-5r1x-28073-00.jpg,5.502 TL + KDV,5R1X.28073.00,hazirlik,aksesuarlar
Öztiryakiler Endüstriyel Mutfak,Robot Coupe,ROBOT COUPE RENDE 5 MM,https://equsto.com/images/catalog/ozti/web/ozti-5r1x-28059-00.jpg,5.502 TL + KDV,5R1X.28059.00,hazirlik,aksesuarlar
Öztiryakiler Endüstriyel Mutfak,Robot Coupe,ROBOT COUPE RENDE 7MM,https://equsto.com/images/catalog/ozti/web/ozti-5r1x-28016-00.jpg,5.502 TL + KDV,5R1X.28016.00,hazirlik,aksesuarlar
Öztiryakiler Endüstriyel Mutfak,Robot Coupe,ROBOT COUPE RG 9 RENDE 9 mm,https://equsto.com/images/catalog/ozti/web/ozti-5r1x-28060-00.jpg,5.502 TL + KDV,5R1X.28060.00,hazirlik,aksesuarlar
Öztiryakiler Endüstriyel Mutfak,Robot Coupe,ROBOT COUPE PARMASAN,https://equsto.com/images/catalog/ozti/web/ozti-5r1x-28061-00.jpg,5.502 TL + KDV,5R1X.28061.00,hazirlik,aksesuarlar
Öztiryakiler Endüstriyel Mutfak,Robot Coupe,"ROBOT COUPE KESME DISKI RADISH 0,7",https://equsto.com/images/catalog/ozti/web/ozti-5r1x-28055-00.jpg,7.051 TL + KDV,5R1X.28055.00,hazirlik,aksesuarlar
Öztiryakiler Endüstriyel Mutfak,Robot Coupe,ROBOT COUPE SERIT KESICI 2*2 MM,https://equsto.com/images/catalog/ozti/web/ozti-5r1x-28051-00.jpg,9.865 TL + KDV,5R1X.28051.00,hazirlik,aksesuarlar
Öztiryakiler Endüstriyel Mutfak,Robot Coupe,ROBOT COUPE SERIT KESICI  J2*4,https://equsto.com/images/catalog/ozti/web/ozti-5r1x-27072-00.jpg,9.865 TL + KDV,5R1X.27072.00,hazirlik,aksesuarlar
Öztiryakiler Endüstriyel Mutfak,Robot Coupe,ROBOT COUPE SERIT KESICI 2*6 MM,https://equsto.com/images/catalog/ozti/web/ozti-5r1x-27066-00.jpg,9.865 TL + KDV,5R1X.27066.00,hazirlik,aksesuarlar
Öztiryakiler Endüstriyel Mutfak,Robot Coupe,ROBOT COUPE KESME ALETI 2*8,https://equsto.com/images/catalog/ozti/web/ozti-5r1x-27067-00.jpg,9.865 TL + KDV,5R1X.27067.00,hazirlik,aksesuarlar
Öztiryakiler Endüstriyel Mutfak,Robot Coupe,ROBOT COUPE SERIT KESICI 3*3 MM,https://equsto.com/images/catalog/ozti/web/ozti-5r1x-28101-00.jpg,9.865 TL + KDV,5R1X.28101.00,hazirlik,aksesuarlar
Öztiryakiler Endüstriyel Mutfak,Robot Coupe,ROBOT COUPE SERIT KESICI 4*4MM,https://equsto.com/images/catalog/ozti/web/ozti-5r1x-28052-00.jpg,9.865 TL + KDV,5R1X.28052.00,hazirlik,aksesuarlar
Öztiryakiler Endüstriyel Mutfak,Robot Coupe,ROBOT COUPE SERIT KESICI 6*6 MM,https://equsto.com/images/catalog/ozti/web/ozti-5r1x-28053-00.jpg,9.865 TL + KDV,5R1X.28053.00,hazirlik,aksesuarlar
Öztiryakiler Endüstriyel Mutfak,Robot Coupe,ROBOT COUPE SERITKESICI 8*8 MM,,9.865 TL + KDV,5R1X.28054.00,hazirlik,aksesuarlar
Öztiryakiler Endüstriyel Mutfak,Robot Coupe,ROBOT COUPE PARMAK PATATES 8 MM,https://equsto.com/images/catalog/ozti/web/ozti-5r1x-28134-00.jpg,15.700 TL + KDV,5R1X.28134.00,hazirlik,aksesuarlar
Öztiryakiler Endüstriyel Mutfak,Robot Coupe,ROBOT COUPE FRENCH FRIES KESME DISKI 10x10 mm,https://equsto.com/images/catalog/ozti/web/ozti-5r1x-28135-00.jpg,15.700 TL + KDV,5R1X.28135.00,hazirlik,aksesuarlar
Öztiryakiler Endüstriyel Mutfak,Robot Coupe,ROBOT COUPE DISC,https://equsto.com/images/catalog/ozti/web/ozti-5r1x-28158-00.jpg,15.700 TL + KDV,5R1X.28158.00,hazirlik,aksesuarlar
Öztiryakiler Endüstriyel Mutfak,Robot Coupe,ROBOT COUPE DILIMLEYICI 0.8 MM,https://equsto.com/images/catalog/ozti/web/ozti-5r1x-28069-00.jpg,7.399 TL + KDV,5R1X.28069.00,hazirlik,aksesuarlar
Öztiryakiler Endüstriyel Mutfak,Robot Coupe,ROBOT COUPE DİLİMLEYİCİ BIÇAK 1MM,https://equsto.com/images/catalog/ozti/web/ozti-5r1x-28062-00.jpg,7.399 TL + KDV,5R1X.28062.00,hazirlik,aksesuarlar
Öztiryakiler Endüstriyel Mutfak,Robot Coupe,ROBOT COUPE KESME DISKI 2 MM,https://equsto.com/images/catalog/ozti/web/ozti-5r1x-28063-00.jpg,7.399 TL + KDV,5R1X.28063.00,hazirlik,aksesuarlar
Öztiryakiler Endüstriyel Mutfak,Robot Coupe,ROBOT COUPE KESME ALETI 3 MM,https://equsto.com/images/catalog/ozti/web/ozti-5r1x-28064-00.jpg,7.399 TL + KDV,5R1X.28064.00,hazirlik,aksesuarlar
Öztiryakiler Endüstriyel Mutfak,Robot Coupe,ROBOT COUPE BIÇAK 4MM,https://equsto.com/images/catalog/ozti/web/ozti-5r1x-28004-00.jpg,7.399 TL + KDV,5R1X.28004.00,hazirlik,aksesuarlar
Öztiryakiler Endüstriyel Mutfak,Robot Coupe,ROBOT COUPE İNCE DİLİMLEYİCİ 5 mm,https://equsto.com/images/catalog/ozti/web/ozti-5r1x-28065-00.jpg,7.399 TL + KDV,5R1X.28065.00,hazirlik,aksesuarlar
Öztiryakiler Endüstriyel Mutfak,Robot Coupe,ROBOT COUPE KESME ALETI 8 MM,https://equsto.com/images/catalog/ozti/web/ozti-5r1x-28066-00.jpg,7.399 TL + KDV,5R1X.28066.00,hazirlik,aksesuarlar
Öztiryakiler Endüstriyel Mutfak,Robot Coupe,ROBOT COUPE KESME DISKI 10 MM,https://equsto.com/images/catalog/ozti/web/ozti-5r1x-28067-00.jpg,7.399 TL + KDV,5R1X.28067.00,hazirlik,aksesuarlar
Öztiryakiler Endüstriyel Mutfak,Robot Coupe,ROBOT COUPE BIÇAK 14mm,https://equsto.com/images/catalog/ozti/web/ozti-5r1x-28068-00.jpg,7.399 TL + KDV,5R1X.28068.00,hazirlik,aksesuarlar
Öztiryakiler Endüstriyel Mutfak,Robot Coupe,ROBOT COUPE ÇİFT BIÇAK DİLİMLEYİCİ 2 MM,https://equsto.com/images/catalog/ozti/web/ozti-5r1x-27068-00.jpg,8.917 TL + KDV,5R1X.27068.00,hazirlik,aksesuarlar
Öztiryakiler Endüstriyel Mutfak,Robot Coupe,ROBOT COUPE CIPS KESME DISKI 3 MM,https://equsto.com/images/catalog/ozti/web/ozti-5r1x-27069-00.jpg,8.917 TL + KDV,5R1X.27069.00,hazirlik,aksesuarlar
Öztiryakiler Endüstriyel Mutfak,Robot Coupe,ROBOT COUPE KESME DISKI TIRTILLI,https://equsto.com/images/catalog/ozti/web/ozti-5r1x-27070-00.jpg,8.917 TL + KDV,5R1X.27070.00,hazirlik,aksesuarlar
Öztiryakiler Endüstriyel Mutfak,Ateşe,OZTIRYAKILER ATS CAPPADOCIA CAY KAZANI DIGITAL STATIK SIYAH BOYALI 2 DEMLIKLI ELEKTRIKLI CDE2,https://equsto.com/images/catalog/ozti/web/ozti-8573-cde2s.jpg,98.159 TL + KDV,8573.CDE2S,icecek,cay-kazanlari
Öztiryakiler Endüstriyel Mutfak,Ateşe,OZTIRYAKILER ATS CAPPADOCIA CAY KAZANI DIGITAL STATIK SIYAH BOYALI 3 DEMLIKLI ELEKTRIKLI CDE3,https://equsto.com/images/catalog/ozti/web/ozti-8573-cde3s.jpg,79.638 TL + KDV,8573.CDE3S,icecek,cay-kazanlari
Öztiryakiler Endüstriyel Mutfak,Ateşe,OZTIRYAKILER ATS CAPPADOCIA CAY KAZANI DIGITAL STATIK SIYAH BOYALI 4 DEMLIKLI ELEKTRIKLI CDE4S,https://equsto.com/images/catalog/ozti/web/ozti-8573-cde4s.jpg,116.678 TL + KDV,8573.CDE4S,icecek,cay-kazanlari
Öztiryakiler Endüstriyel Mutfak,Ateşe,OZTIRYAKILER ATS CAPPADOCIA CAY KAZANI DIGITAL STATIK SIYAH BOYALI 5 DEMLIKLI ELEKTRIKLI CDE5S,https://equsto.com/images/catalog/ozti/web/ozti-8573-cde5s.jpg,159.894 TL + KDV,8573.CDE5S,icecek,cay-kazanlari
Öztiryakiler Endüstriyel Mutfak,Ateşe,OZTIRYAKILER ATS CAPPADOCIA CAY KAZANI DIGITAL STATIK BOYALI 3 DEMLIKLI ELEK+GAZLI,https://equsto.com/images/catalog/ozti/web/ozti-8573-cdge3s.jpg,98.159 TL + KDV,8573.CDGE3S,icecek,cay-kazanlari
Öztiryakiler Endüstriyel Mutfak,Ateşe,OZTIRYAKILER ATS CAPPADOCIA CAY KAZANI DIGITAL GAZLI+ELEKTRIKLI SIYAH STATIK BOYALI 4 DEMLIKLI CDGE4,https://equsto.com/images/catalog/ozti/web/ozti-8573-cdge4s.jpg,135.199 TL + KDV,8573.CDGE4S,icecek,cay-kazanlari
Öztiryakiler Endüstriyel Mutfak,Ateşe,OZTIRYAKILER ATS CAPPADOCIA CAY KAZANI SMART  STATIK BOYALI 4 DEMLIKLI ELEK+GAZLI,https://equsto.com/images/catalog/ozti/web/ozti-8573-csge4s.jpg,147.547 TL + KDV,8573.CSGE4S,icecek,cay-kazanlari
Öztiryakiler Endüstriyel Mutfak,Ateşe,OZTIRYAKILER ATS CAPPADOCIA CAY KAZANI DIGITAL   STATIK BOYALI 5 DEMLIKLI ELEK+GAZLI,https://equsto.com/images/catalog/ozti/web/ozti-8573-cdge5.jpg,135.199 TL + KDV,8573.CDGE5,icecek,cay-kazanlari
Öztiryakiler Endüstriyel Mutfak,Ateşe,OZTIRYAKILER ATS CAPPADOCIA CAY KAZANI SMART  STATIK BOYALI 5 DEMLIKLI ELEK+GAZLI,https://equsto.com/images/catalog/ozti/web/ozti-8573-csge5s.jpg,147.547 TL + KDV,8573.CSGE5S,icecek,cay-kazanlari
Öztiryakiler Endüstriyel Mutfak,Ateşe,OZTIRYAKILER ATS CAPPADOCIA CAY KAZANI DIGITAL GAZLI+ELEKTRIKLI SIYAH STATIK BOYALI 6 DEMLIKLI CDGE6,https://equsto.com/images/catalog/ozti/web/ozti-8573-cdge6s.jpg,135.199 TL + KDV,8573.CDGE6S,icecek,cay-kazanlari
Öztiryakiler Endüstriyel Mutfak,Ateşe,OZTIRYAKILER ATS EFES CAY KAZANI DIGITAL STATIK SIYAH BOYALI  2 DEMLIKLI ELEKTRIKLI EDE2,https://equsto.com/images/catalog/ozti/web/ozti-8573-ede2s.jpg,61.117 TL + KDV,8573.EDE2S,icecek,cay-kazanlari
Öztiryakiler Endüstriyel Mutfak,Ateşe,OZTIRYAKILER ATS EFES CAY KAZANI  DIGITAL STATIK SIYAH BOYALI  3 DEMLIKLI ELEKTRIKLI EDE3,https://equsto.com/images/catalog/ozti/web/ozti-8573-ede3s.jpg,61.117 TL + KDV,8573.EDE3S,icecek,cay-kazanlari
Öztiryakiler Endüstriyel Mutfak,Ateşe,OZTIRYAKILER ATS  EFES CAY KAZANI   SMART STATIK  SIYAH BOYALI  2 DEMLIKLI ELEKTRIKLI ESE2,https://equsto.com/images/catalog/ozti/web/ozti-8573-ese2s.jpg,73.465 TL + KDV,8573.ESE2S,icecek,cay-kazanlari
Öztiryakiler Endüstriyel Mutfak,Ateşe,OZTIRYAKILER ATS  EFES CAY KAZANI   SMART STATIK  SIYAH BOYALI  3 DEMLIKLI ELEKTRIKLI ESE3,https://equsto.com/images/catalog/ozti/web/ozti-8573-ese3s.jpg,73.465 TL + KDV,8573.ESE3S,icecek,cay-kazanlari
Öztiryakiler Endüstriyel Mutfak,Ateşe,ÖZTİRYAKİLER ATS EFES CAY KAZANI SMART ELEKTRIKLI RETO BAKIR MODEL 3 DEMLIKLI,https://equsto.com/images/catalog/ozti/web/ozti-8573-ese3r-00.jpg,91.985 TL + KDV,8573.ESE3R.00,icecek,cay-kazanlari
Öztiryakiler Endüstriyel Mutfak,Vitrifrigo,VITRIFRIGO SUT SOĞUTUCU VE BARDAK ISITICI,https://equsto.com/images/catalog/ozti/web/ozti-9868-fg10i-dgt.jpg,71.233 TL + KDV,9868.FG10I.DGT,icecek,icecek-bardaklari
Öztiryakiler Endüstriyel Mutfak,Vitrifrigo,"VITRIFRIGO SUT SOĞUTUCU 4,5 lt DIGITAL",https://equsto.com/images/catalog/ozti/web/ozti-9868-0fg10-dgt.jpg,54.425 TL + KDV,9868.0FG10.DGT,icecek,kahve-sunum
Öztiryakiler Endüstriyel Mutfak,Vitrifrigo,"VITRIFRIGO SUT SOĞUTUCU 4,5 LİTRE",https://equsto.com/images/catalog/ozti/web/ozti-9868-fg10i-00.jpg,50.366 TL + KDV,9868.FG10I.00,icecek,kahve-sunum
Öztiryakiler Endüstriyel Mutfak,WMF,"WMF 1100S BASIC MILK 1 GR+1 CHOC ,OTO. SUT KOP.,OTO. TEM 4 LT. SU TANKLI ,220V",https://equsto.com/images/catalog/ozti/web/ozti-9580-1100s-00.jpg,345.140 TL + KDV,9580.1100S.00,kahve,wmf-kahve-makinalari
Öztiryakiler Endüstriyel Mutfak,WMF,WMF 1100S VE 1300S İÇİN ŞEBEKE BAĞLANTI KİTİ 03.1198.6001,https://equsto.com/images/catalog/ozti/web/ozti-9868-11986-6001.jpg,16.031 TL + KDV,9868.11986.6001,kahve,wmf-kahve-makinalari
Öztiryakiler Endüstriyel Mutfak,WMF,WMF 1300S SMART MILK  1 GRINDER + 1 ÇİKOLATA SU TANKLI KAHVE MAKİNESİ,https://equsto.com/images/catalog/ozti/web/ozti-9580-1300s-00.jpg,524.617 TL + KDV,9580.1300S.00,kahve,wmf-kahve-makinalari
Öztiryakiler Endüstriyel Mutfak,WMF,WMF 1300S BASIC MILK  1 GRINDER + 1 ÇİKOLATA SU TANKLI KAHVE MAKİNESİ,https://equsto.com/images/catalog/ozti/web/ozti-9580-1300s-bm.jpg,488.411 TL + KDV,9580.1300S.BM,kahve,wmf-kahve-makinalari
Öztiryakiler Endüstriyel Mutfak,WMF,"WMF 1500S + DYNAMIC MILK 1 GR + 1 CHOC,SU BAĞLANTILI KAHVE MAKİNESİ",https://equsto.com/images/catalog/ozti/web/ozti-9580-1500s-plus.jpg,704.556 TL + KDV,9580.1500S.PLUS,kahve,wmf-kahve-makinalari
Öztiryakiler Endüstriyel Mutfak,WMF,"WMF 1500S + EASY MILK 1 GR+ 1 CHOC,SU BAĞLANTILI KAHVE MAKINESI,COFFEE CONNECT",https://equsto.com/images/catalog/ozti/web/ozti-9580-1500s-pbp.jpg,691.604 TL + KDV,9580.1500S.PBP,kahve,wmf-kahve-makinalari
Öztiryakiler Endüstriyel Mutfak,WMF,"WMF 1500S + EASY MILK 1 GR + 1 CHOC,SU BAĞLANTILI KAHVE MAKİNESİ COFFEE CONNECT HARİÇ",https://equsto.com/images/catalog/ozti/web/ozti-9580-1500s-pb2.jpg,648.865 TL + KDV,9580.1500S.PB2,kahve,wmf-kahve-makinalari
Öztiryakiler Endüstriyel Mutfak,WMF,"WMF 1500S + DYNAMIC MILK 2 GR + 1 CHOC,SU BAĞLANTILI KAHVE MAKİNESİ,COFFEE CONNECT",https://equsto.com/images/catalog/ozti/web/ozti-9580-1500s-p2gc.jpg,740.273 TL + KDV,9580.1500S.P2GC,kahve,wmf-kahve-makinalari
Öztiryakiler Endüstriyel Mutfak,WMF,"WMF 5000S+ DYNAMİC MILK,1 GR+1 CHOC, LED, SU BAGLANTILI 3,5 KW",https://equsto.com/images/catalog/ozti/web/ozti-9580-5000s-00.jpg,860.375 TL + KDV,9580.5000S.00,kahve,wmf-kahve-makinalari
Öztiryakiler Endüstriyel Mutfak,WMF,"ÖZTİRYAKİLER FULL OTOMATİK KAHVE MAKİNESİ 1 KG DEĞİRMEN KAPASİTELİ 100 BARDAK/GÜN, ŞEBEKE BAĞLANTILI K95L",https://equsto.com/images/catalog/ozti/web/ozti-9580-k95l0-00.jpg,118.002 TL + KDV,9580.K95L0.00,kahve,wmf-kahve-makinalari
Öztiryakiler Endüstriyel Mutfak,Nuova Simonelli,NUOSI APPIA LIFE 3 GRUPLU KAHVE MAKİNASI DOZAJ AYARLI,https://equsto.com/images/catalog/ozti/web/ozti-9580-appia-3v.jpg,323.785 TL + KDV,9580.APPIA.3V,kahve,wmf-kahve-makinalari
Öztiryakiler Endüstriyel Mutfak,Nuova Simonelli,NUOSI APPIA LIFE 3 GRUPLU KAHVE MAKİNASI MANUEL,https://equsto.com/images/catalog/ozti/web/ozti-9580-appia-3s.jpg,269.389 TL + KDV,9580.APPIA.3S,kahve,wmf-kahve-makinalari
Öztiryakiler Endüstriyel Mutfak,Nuova Simonelli,NUOVA SIMONELLI APPIA LIFE II YÜKSEK KAŞIKLI KAHVE MAKİNASI,https://equsto.com/images/catalog/ozti/web/ozti-9580-appia-2vt.jpg,222.188 TL + KDV,9580.APPIA.2VT,kahve,wmf-kahve-makinalari
Öztiryakiler Endüstriyel Mutfak,Nuova Simonelli,NUOVA SIMONELLI APPIA LIFE II COMPACT YÜKSEK KAŞIKLI KAHVE MAKİNASI,https://equsto.com/images/catalog/ozti/web/ozti-9580-appia-cvg.jpg,190.471 TL + KDV,9580.APPIA.CVG,kahve,wmf-kahve-makinalari
Öztiryakiler Endüstriyel Mutfak,Nuova Simonelli,"NUOSI KAHVE MAKINASI OSCAR TEK GRUP, DOZAJ AYARLI",https://equsto.com/images/catalog/ozti/web/ozti-9580-oscar-10.jpg,53.532 TL + KDV,9580.OSCAR.10,kahve,wmf-kahve-makinalari
Öztiryakiler Endüstriyel Mutfak,Bravilor Bonamat,"BRAVILOR FILTRE KAHVE MAKINESI 20 LT, 400W,  B10HW  4.213.101.110",https://equsto.com/images/catalog/ozti/web/ozti-9574-b10hw-00.jpg,300.403 TL + KDV,9574.B10HW.00,kahve,filtre-kahve-makineleri
Öztiryakiler Endüstriyel Mutfak,Bravilor Bonamat,"BRAVILOR FILTRE KAHVE MAKINESI B20HW 40 LT. , 400W,  B20HW  4.323.001.110",https://equsto.com/images/catalog/ozti/web/ozti-9574-b20hw-00.jpg,362.431 TL + KDV,9574.B20HW.00,kahve,filtre-kahve-makineleri
Öztiryakiler Endüstriyel Mutfak,Nuova Simonelli,NUOVA SIMONELLI MDX ( ON DEMAND ) KAHVE DEĞİRMENİ OTOMATİK 230 V SİYAH AMXS 602230,https://equsto.com/images/catalog/ozti/web/ozti-9584-00mdx-00.jpg,49.733 TL + KDV,9584.00MDX.00,kahve,espresso-makinesi
Öztiryakiler Endüstriyel Mutfak,Rational,RATIONAL ELEKTRİKLİ FIRIN 6*1/1 GN   İcombi Pro,https://equsto.com/images/catalog/ozti/web/ozti-9890-icpro61-e0.jpg,626.368 TL + KDV,9890.ICPRO61.E0,pisirme,rational-self-cooking-center
Öztiryakiler Endüstriyel Mutfak,Rational,RATIONAL GAZLI FIRIN 6*1/1 GN   İcombi Pro,https://equsto.com/images/catalog/ozti/web/ozti-9890-icpro61-0g.jpg,747.088 TL + KDV,9890.ICPRO61.0G,pisirme,rational-self-cooking-center
Öztiryakiler Endüstriyel Mutfak,Rational,RATIONAL ELEKTRİKLİ FIRIN 10*1/1 GN   İcombi Pro,https://equsto.com/images/catalog/ozti/web/ozti-9890-icpro10-1e.jpg,847.340 TL + KDV,9890.ICPRO10.1E,pisirme,rational-self-cooking-center
Öztiryakiler Endüstriyel Mutfak,Rational,RATIONAL GAZLI FIRIN 10*1/1 GN   İcombi Pro,https://equsto.com/images/catalog/ozti/web/ozti-9890-icpro10-1g.jpg,964.159 TL + KDV,9890.ICPRO10.1G,pisirme,rational-self-cooking-center
Öztiryakiler Endüstriyel Mutfak,Rational,RATIONAL ELEKTRİKLİ FIRIN 6*2/1 GN  İcombi Pro,https://equsto.com/images/catalog/ozti/web/ozti-9890-icpro62-e0.jpg,913.601 TL + KDV,9890.ICPRO62.E0,pisirme,rational-self-cooking-center
Öztiryakiler Endüstriyel Mutfak,Rational,RATIONAL GAZLI FIRIN 6*2/1 GN  İcombi Pro,https://equsto.com/images/catalog/ozti/web/ozti-9890-icpro62-g0.jpg,1.072.502 TL + KDV,9890.ICPRO62.G0,pisirme,rational-self-cooking-center
Öztiryakiler Endüstriyel Mutfak,Rational,RATIONAL ELEKTRİKLİ FIRIN 10*2/1 GN   İcombi Pro,https://equsto.com/images/catalog/ozti/web/ozti-9890-icpro10-2e.jpg,1.201.153 TL + KDV,9890.ICPRO10.2E,pisirme,rational-self-cooking-center
Öztiryakiler Endüstriyel Mutfak,Rational,RATIONAL GAZLI FIRIN 10*2/1 GN   İcombi Pro,https://equsto.com/images/catalog/ozti/web/ozti-9890-icpro10-2g.jpg,1.394.113 TL + KDV,9890.ICPRO10.2G,pisirme,rational-self-cooking-center
Öztiryakiler Endüstriyel Mutfak,Rational,RATIONAL ELEKTRİKLİ FIRIN 20*1/1 GN  İcombi Pro,https://equsto.com/images/catalog/ozti/web/ozti-9890-icpro20-1e.jpg,1.409.431 TL + KDV,9890.ICPRO20.1E,pisirme,rational-self-cooking-center
Öztiryakiler Endüstriyel Mutfak,Rational,RATIONAL GAZLI FIRIN 20*1/1 GN   İcombi Pro,https://equsto.com/images/catalog/ozti/web/ozti-9890-icpro20-1g.jpg,1.589.887 TL + KDV,9890.ICPRO20.1G,pisirme,rational-self-cooking-center
Öztiryakiler Endüstriyel Mutfak,Rational,RATIONAL ELEKTRİKLİ FIRIN 20*2/1 GN  İcombi Pro,https://equsto.com/images/catalog/ozti/web/ozti-9890-icpro20-2e.jpg,2.016.484 TL + KDV,9890.ICPRO20.2E,pisirme,rational-self-cooking-center
Öztiryakiler Endüstriyel Mutfak,Rational,RATIONAL GAZLI FIRIN 20*2/1 GN  İcombi Pro,https://equsto.com/images/catalog/ozti/web/ozti-9890-icpro20-2g.jpg,2.269.756 TL + KDV,9890.ICPRO20.2G,pisirme,rational-self-cooking-center
Öztiryakiler Endüstriyel Mutfak,Rational,RATIONAL BUHAR KONVEKSİYONLU ELEKTRİKLİ FIRIN 6*1/1 GN  İcombi Classic,https://equsto.com/images/catalog/ozti/web/ozti-9890-iccls61-e0.jpg,477.986 TL + KDV,9890.ICCLS61.E0,pisirme,rational-combi-master-plus
Öztiryakiler Endüstriyel Mutfak,Rational,RATIONAL BUHAR KONVEKSIYONLU GAZLI FIRIN İcombi Classic,https://equsto.com/images/catalog/ozti/web/ozti-9890-iccls61-0g.jpg,570.022 TL + KDV,9890.ICCLS61.0G,pisirme,rational-combi-master-plus
Öztiryakiler Endüstriyel Mutfak,Rational,RATIONAL BUHAR KONVEKSİYONLU ELEKTRİKLİ FIRIN 10*1/1 GN İcombi Classic,https://equsto.com/images/catalog/ozti/web/ozti-9890-iccls10-1e.jpg,672.034 TL + KDV,9890.ICCLS10.1E,pisirme,rational-combi-master-plus
Öztiryakiler Endüstriyel Mutfak,Rational,RATIONAL BUHAR KONVEKSİYONLU GAZLI FIRIN 10*1/1 GN  İcombi Classic,https://equsto.com/images/catalog/ozti/web/ozti-9890-iccls10-1g.jpg,772.990 TL + KDV,9890.ICCLS10.1G,pisirme,rational-combi-master-plus
Öztiryakiler Endüstriyel Mutfak,Rational,RATIONAL BUHAR KONVEKSİYONLU ELEKTRİKLİ FIRIN 6*2/1 GN  İcombi Classic,https://equsto.com/images/catalog/ozti/web/ozti-9890-iccls62-e0.jpg,730.170 TL + KDV,9890.ICCLS62.E0,pisirme,rational-combi-master-plus
Öztiryakiler Endüstriyel Mutfak,Rational,RATIONAL BUHAR KONVEKSİYONLU GAZLI FIRIN 6*2/1 GN  İcombi Classic,https://equsto.com/images/catalog/ozti/web/ozti-9890-iccls62-g0.jpg,852.457 TL + KDV,9890.ICCLS62.G0,pisirme,rational-combi-master-plus
Öztiryakiler Endüstriyel Mutfak,Rational,RATIONAL BUHAR KONVEKSİYONLU ELEKTRİKLİ FIRIN 10*2/1 GN  İcombi Classic,https://equsto.com/images/catalog/ozti/web/ozti-9890-iccls10-2e.jpg,1.000.168 TL + KDV,9890.ICCLS10.2E,pisirme,rational-combi-master-plus
Öztiryakiler Endüstriyel Mutfak,Rational,RATIONAL BUHAR KONVEKSİYONLU GAZLI FIRIN 10*2/1 GN  İcombi Classic,https://equsto.com/images/catalog/ozti/web/ozti-9890-iccls10-2g.jpg,1.186.955 TL + KDV,9890.ICCLS10.2G,pisirme,rational-combi-master-plus
Öztiryakiler Endüstriyel Mutfak,Rational,RATIONAL  BUHAR KONVEKSİYONLU ELEKTRİKLİ FIRIN 20*1/1 GN  İcombi Classic,https://equsto.com/images/catalog/ozti/web/ozti-9890-iccls20-1e.jpg,1.253.215 TL + KDV,9890.ICCLS20.1E,pisirme,rational-combi-master-plus
Öztiryakiler Endüstriyel Mutfak,Rational,RATIONAL BUHAR KONVEKSİYONLU GAZLI FIRIN 20*1/1 GN İcombi Classic,https://equsto.com/images/catalog/ozti/web/ozti-9890-iccls20-1g.jpg,1.384.519 TL + KDV,9890.ICCLS20.1G,pisirme,rational-combi-master-plus
Öztiryakiler Endüstriyel Mutfak,Rational,RATIONAL BUHAR KONVEKSİYONLU ELEKTRİKLİ FIRIN 20*2/1 GN İcombi Classic,https://equsto.com/images/catalog/ozti/web/ozti-9890-iccls20-2e.jpg,1.753.778 TL + KDV,9890.ICCLS20.2E,pisirme,rational-combi-master-plus
Öztiryakiler Endüstriyel Mutfak,Rational,RATIONAL BUHAR KONVEKSİYONLU GAZLI FIRIN 20*2/1 GN İcombi Classic,https://equsto.com/images/catalog/ozti/web/ozti-9890-iccls20-2g.jpg,1.973.728 TL + KDV,9890.ICCLS20.2G,pisirme,rational-combi-master-plus
Öztiryakiler Endüstriyel Mutfak,Rational,RATIONAL ELEKTRİKLİ FIRIN 6x2/3 GN  İcombi Pro,https://equsto.com/images/catalog/ozti/web/ozti-9890-icproxs-00.jpg,480.864 TL + KDV,9890.ICPROXS.00,pisirme,rational-self-cooking-center
Öztiryakiler Endüstriyel Mutfak,Rational,RATIONAL 1/2 GN FIRIN TEPSISI 20 MM,https://equsto.com/images/catalog/ozti/web/ozti-5rrx-60141-202.jpg,4.765 TL + KDV,5RRX.60141.202,pisirme,muffin-ve-timbal-kaliplari
Öztiryakiler Endüstriyel Mutfak,Rational,RATIONAL 1/2 GN FIRIN TEPSISI 40 MM,https://equsto.com/images/catalog/ozti/web/ozti-5rrx-60141-204.jpg,5.244 TL + KDV,5RRX.60141.204,pisirme,muffin-ve-timbal-kaliplari
Öztiryakiler Endüstriyel Mutfak,Rational,RATIONAL 1/2 GN FIRIN TEPSISI 60 MM,https://equsto.com/images/catalog/ozti/web/ozti-5rrx-60141-206.jpg,6.492 TL + KDV,5RRX.60141.206,pisirme,muffin-ve-timbal-kaliplari
Öztiryakiler Endüstriyel Mutfak,Rational,RATIONAL 1/1 GN FIRIN TEPSISI 20 MM,https://equsto.com/images/catalog/ozti/web/ozti-5rrx-60141-102.jpg,6.364 TL + KDV,5RRX.60141.102,pisirme,muffin-ve-timbal-kaliplari
Öztiryakiler Endüstriyel Mutfak,Rational,RATIONAL 1/1 GN FIRIN TEPSISI 40 MM,https://equsto.com/images/catalog/ozti/web/ozti-5rrx-60141-104.jpg,7.036 TL + KDV,5RRX.60141.104,pisirme,muffin-ve-timbal-kaliplari
Öztiryakiler Endüstriyel Mutfak,Rational,RATIONAL 1/1 GN FIRIN TEPSISI 60 MM,https://equsto.com/images/catalog/ozti/web/ozti-5rrx-60141-106.jpg,8.634 TL + KDV,5RRX.60141.106,pisirme,muffin-ve-timbal-kaliplari
Öztiryakiler Endüstriyel Mutfak,Rational,RATIONAL FIRIN TEPSIS 2/1 GN 20 MM,https://equsto.com/images/catalog/ozti/web/ozti-5rrx-60142-102.jpg,9.466 TL + KDV,5RRX.60142.102,pisirme,muffin-ve-timbal-kaliplari
Öztiryakiler Endüstriyel Mutfak,Rational,RATIONAL FIRIN TEPSIS 2/1 GN 40 MM,https://equsto.com/images/catalog/ozti/web/ozti-5rrx-60142-104.jpg,10.361 TL + KDV,5RRX.60142.104,pisirme,muffin-ve-timbal-kaliplari
Öztiryakiler Endüstriyel Mutfak,Rational,RATIONAL FIRIN TEPSISI 2/1 GN 60 MM,https://equsto.com/images/catalog/ozti/web/ozti-5rrx-60142-106.jpg,12.792 TL + KDV,5RRX.60142.106,pisirme,muffin-ve-timbal-kaliplari
Öztiryakiler Endüstriyel Mutfak,Rational,RATIONAL FIRIN GRILL VE PIZZA TEPSISI,https://equsto.com/images/catalog/ozti/web/ozti-5rrx-60709-43.jpg,12.568 TL + KDV,5RRX.60709.43,pisirme,izgara-ve-pizza-tepsisi
Öztiryakiler Endüstriyel Mutfak,Rational,RATIONAL PATATES PISIRME UNITESI,https://equsto.com/images/catalog/ozti/web/ozti-5rrx-60351-019.jpg,9.178 TL + KDV,5RRX.60351.019,pisirme,patates-firinlama-teli
Öztiryakiler Endüstriyel Mutfak,Rational,RATIONAL FIRIN TEPSISI COMBI GRILL,https://equsto.com/images/catalog/ozti/web/ozti-5rrx-60351-017.jpg,10.297 TL + KDV,5RRX.60351.017,pisirme,yukleme-izgarali-combigrill-izgara
Öztiryakiler Endüstriyel Mutfak,Rational,UNOX  SPEEDPRO HIZLI PISIRME FIRINI,https://equsto.com/images/catalog/ozti/web/ozti-9890-xesw03-hs.jpg,431.180 TL + KDV,9890.XESW03.HS,pisirme,linemiss-linemicro-serisi-firinlar
Öztiryakiler Endüstriyel Mutfak,Rational,UNOX 4*460*330 TEPSILI ANNA MODEL ELK. FIRIN,https://equsto.com/images/catalog/ozti/web/ozti-9890-xf023-00.jpg,42.551 TL + KDV,9890.XF023.00,pisirme,linemiss-linemicro-serisi-firinlar
Öztiryakiler Endüstriyel Mutfak,Rational,UNOX ARIANNA MODEL FIRIN 4 TEPSI 460X330,https://equsto.com/images/catalog/ozti/web/ozti-9890-xft04-hs.jpg,86.237 TL + KDV,9890.XFT04.HS,pisirme,linemiss-linemicro-serisi-firinlar
Öztiryakiler Endüstriyel Mutfak,Rational,UNOX BAKERLUX SHOP.PRO 10 TEPSİ 40*60 ELEKTRİKLİ FIRIN  XEFT-10EU-ELRV,https://equsto.com/images/catalog/ozti/web/ozti-9890-xeft10-eu.jpg,295.018 TL + KDV,9890.XEFT10.EU,pisirme,linemiss-linemicro-serisi-firinlar
Öztiryakiler Endüstriyel Mutfak,Rational,UNOX BAKERTOP 10 TEPSI 600*400 KOMBI FIRIN ELEKTRIKLI ONE MODEL + KURULUM KITI GIRILMELI,https://equsto.com/images/catalog/ozti/web/ozti-9890-xbc10-e1.jpg,482.242 TL + KDV,9890.XBC10.E1,pisirme,linemiss-linemicro-serisi-firinlar
Öztiryakiler Endüstriyel Mutfak,Rational,UNOX BAKERTOP 10 TEPSI 600*400 KOMBI FIRIN ELEKTRIKLI PLUS MODEL + KURULUM KITI GIRILMELI,https://equsto.com/images/catalog/ozti/web/ozti-9890-xbc10-ep.jpg,646.771 TL + KDV,9890.XBC10.EP,pisirme,linemiss-linemicro-serisi-firinlar
Öztiryakiler Endüstriyel Mutfak,Rational,UNOX BAKERTOP 10 TEPSI 600*400 KOMBI FIRIN GAZLI PLUS MODEL + KURULUM KITI GIRILMELI,https://equsto.com/images/catalog/ozti/web/ozti-9890-xbc10-gp.jpg,680.812 TL + KDV,9890.XBC10.GP,pisirme,linemiss-linemicro-serisi-firinlar
Öztiryakiler Endüstriyel Mutfak,Rational,UNOX BAKERTOP 16 TEPSI 600*400 KOMBI FIRIN ELEKTRIKLI ONE MODEL,https://equsto.com/images/catalog/ozti/web/ozti-9890-xbc16-e1.jpg,822.647 TL + KDV,9890.XBC16.E1,pisirme,linemiss-linemicro-serisi-firinlar
Öztiryakiler Endüstriyel Mutfak,Rational,UNOX BAKERTOP 16 TEPSI 600*400 KOMBI FIRIN ELEKTRIKLI PLUS MODEL,https://equsto.com/images/catalog/ozti/web/ozti-9890-xbc16-ep.jpg,1.134.685 TL + KDV,9890.XBC16.EP,pisirme,linemiss-linemicro-serisi-firinlar
Öztiryakiler Endüstriyel Mutfak,Rational,UNOX BAKERTOP 16 TEPSI 600*400 KOMBI FIRIN GAZLI PLUS MODEL,https://equsto.com/images/catalog/ozti/web/ozti-9890-xbc16-gp.jpg,1.287.869 TL + KDV,9890.XBC16.GP,pisirme,linemiss-linemicro-serisi-firinlar
Öztiryakiler Endüstriyel Mutfak,Rational,UNOX BAKERTOP 4 TEPSI 600*400 FIRIN ELEKTRIKLI ONE MODEL + KURULUM KITI GIRILMELI,https://equsto.com/images/catalog/ozti/web/ozti-9890-xbc04-e1.jpg,266.651 TL + KDV,9890.XBC04.E1,pisirme,linemiss-linemicro-serisi-firinlar
Öztiryakiler Endüstriyel Mutfak,Rational,UNOX BAKERTOP 4 TEPSI 600*400 KOMBI FIRIN ELEKTRIKLI PLUS MODEL + KURULUM KITI GIRILMELI,https://equsto.com/images/catalog/ozti/web/ozti-9890-xbc04-ep.jpg,323.386 TL + KDV,9890.XBC04.EP,pisirme,linemiss-linemicro-serisi-firinlar
Öztiryakiler Endüstriyel Mutfak,Rational,UNOX BAKERTOP 6 TEPSI 600*400 KOMBI FIRIN ELEKTRIKLI ONE MODEL +  KURULUM KITI GIRILMELI,https://equsto.com/images/catalog/ozti/web/ozti-9890-xbc06-e1.jpg,331.896 TL + KDV,9890.XBC06.E1,pisirme,linemiss-linemicro-serisi-firinlar
Öztiryakiler Endüstriyel Mutfak,Rational,UNOX BAKERTOP 6 TEPSI 600*400 KOMBI FIRIN ELEKTRIKLI PLUS MODEL + KURULUM KITI GIRILMELI,https://equsto.com/images/catalog/ozti/web/ozti-9890-xbc06-ep.jpg,453.875 TL + KDV,9890.XBC06.EP,pisirme,linemiss-linemicro-serisi-firinlar
Öztiryakiler Endüstriyel Mutfak,Rational,UNOX BAKERTOP 6 TEPSI 600*400 KOMBI FIRIN GAZLI PLUS MODEL + KURULUM KITI GIRILMELI,https://equsto.com/images/catalog/ozti/web/ozti-9890-xbc06-gp.jpg,493.588 TL + KDV,9890.XBC06.GP,pisirme,linemiss-linemicro-serisi-firinlar
Öztiryakiler Endüstriyel Mutfak,Rational,UNOX BAKERTOP FIRIN ICIN TEPSI ARABASI,https://equsto.com/images/catalog/ozti/web/ozti-9890-xbc16-eu.jpg,88.506 TL + KDV,9890.XBC16.EU,pisirme,linemiss-linemicro-serisi-firinlar
Öztiryakiler Endüstriyel Mutfak,Rational,UNOX CHEF TOP 10 GN 1/1 FIRIN DIK MODEL  ELEKTRIKLI  PLUS MODEL + KURULUM KITI GIRILMELI,https://equsto.com/images/catalog/ozti/cafemarkt/ozti-9890-xcc10-13.jpg,646.771 TL + KDV,9890.XCC10.13,pisirme,linemiss-linemicro-serisi-firinlar
Öztiryakiler Endüstriyel Mutfak,Rational,UNOX CHEF TOP 10 GN 1/1 KOMBI FIRIN  ELEKTRIKLI  ONE MODEL + KURULUM KITI GIRILMELI,https://equsto.com/images/catalog/ozti/web/ozti-9890-x1011-e1.jpg,431.180 TL + KDV,9890.X1011.E1,pisirme,linemiss-linemicro-serisi-firinlar
Öztiryakiler Endüstriyel Mutfak,Rational,UNOX CHEF TOP 10 GN 1/1 KOMBI FIRIN  ELEKTRIKLI  PLUS MODEL + KURULUM KITI GIRILMELI,https://equsto.com/images/catalog/ozti/web/ozti-9890-x1011-ep.jpg,601.384 TL + KDV,9890.X1011.EP,pisirme,linemiss-linemicro-serisi-firinlar
Öztiryakiler Endüstriyel Mutfak,Rational,UNOX CHEF TOP 10 GN 1/1 KOMBI FIRIN  GAZLI PLUS MODEL + KURULUM KITI GIRILMELI,https://equsto.com/images/catalog/ozti/web/ozti-9890-x1011-eg.jpg,660.954 TL + KDV,9890.X1011.EG,pisirme,linemiss-linemicro-serisi-firinlar
Öztiryakiler Endüstriyel Mutfak,Rational,UNOX CHEF TOP 10 GN 2/1 KOMBI FIRIN  ELEKTRIKLI  PLUS MODEL + KURULUM KITI GIRILMELI,https://equsto.com/images/catalog/ozti/web/ozti-9890-x1021-ep.jpg,890.728 TL + KDV,9890.X1021.EP,pisirme,linemiss-linemicro-serisi-firinlar
Öztiryakiler Endüstriyel Mutfak,Rational,UNOX CHEF TOP 10 GN 2/1 KOMBI FIRIN  GAZLI PLUS MODEL + KURULUM KITI GIRILMELI,https://equsto.com/images/catalog/ozti/web/ozti-9890-x1021-eg.jpg,975.829 TL + KDV,9890.X1021.EG,pisirme,linemiss-linemicro-serisi-firinlar
Öztiryakiler Endüstriyel Mutfak,Rational,UNOX CHEF TOP 20 GN 1/1  KOMBI FIRIN  ELEKTRIKLI  ONE MODEL,https://equsto.com/images/catalog/ozti/web/ozti-9890-x2011-e1.jpg,805.627 TL + KDV,9890.X2011.E1,pisirme,linemiss-linemicro-serisi-firinlar
Öztiryakiler Endüstriyel Mutfak,Rational,UNOX CHEF TOP 20 GN 1/1 KOMBI FIRIN  ELEKTRIKLI  PLUS MODEL,https://equsto.com/images/catalog/ozti/web/ozti-9890-x2011-ep.jpg,1.123.339 TL + KDV,9890.X2011.EP,pisirme,linemiss-linemicro-serisi-firinlar
Öztiryakiler Endüstriyel Mutfak,Rational,UNOX CHEF TOP 20 GN 2/1 KOMBI FIRIN  ELEKTRIKLI  PLUS MODEL,https://equsto.com/images/catalog/ozti/web/ozti-9890-x2021-ep.jpg,1.509.132 TL + KDV,9890.X2021.EP,pisirme,linemiss-linemicro-serisi-firinlar
Öztiryakiler Endüstriyel Mutfak,Rational,UNOX CHEF TOP 20 GN 2/1 KOMBI FIRIN  GAZLI PLUS MODEL,https://equsto.com/images/catalog/ozti/web/ozti-9890-x2021-eg.jpg,1.699.192 TL + KDV,9890.X2021.EG,pisirme,linemiss-linemicro-serisi-firinlar
Öztiryakiler Endüstriyel Mutfak,Rational,UNOX CHEF TOP 5 GN 1/1 KOMBI FIRIN  ELEKTRIKLI  ONE MODEL + KURULUM KITI GIRILMELI,https://equsto.com/images/catalog/ozti/web/ozti-9890-x0511-e1.jpg,260.978 TL + KDV,9890.X0511.E1,pisirme,linemiss-linemicro-serisi-firinlar
Öztiryakiler Endüstriyel Mutfak,Rational,UNOX CHEF TOP 5 GN 1/1 KOMBI FIRIN  ELEKTRIKLI  PLUS MODEL + KURULUM KITI GIRILMELI,https://equsto.com/images/catalog/ozti/web/ozti-9890-x0511-ep.jpg,317.712 TL + KDV,9890.X0511.EP,pisirme,linemiss-linemicro-serisi-firinlar
Öztiryakiler Endüstriyel Mutfak,Rational,UNOX CHEF TOP 5 GN 1/1 KOMBI FIRIN  GAZLI PLUS MODEL + KURULUM KITI GIRILMELI,https://equsto.com/images/catalog/ozti/web/ozti-9890-x0511-eg.jpg,377.284 TL + KDV,9890.X0511.EG,pisirme,linemiss-linemicro-serisi-firinlar
Öztiryakiler Endüstriyel Mutfak,Rational,UNOX CHEF TOP 7 GN 1/1 KOMBI FIRIN  ELEKTRIKLI  ONE MODEL + KURULUM KITI GIRILMELI,https://equsto.com/images/catalog/ozti/web/ozti-9890-x0711-e1.jpg,340.405 TL + KDV,9890.X0711.E1,pisirme,linemiss-linemicro-serisi-firinlar
Öztiryakiler Endüstriyel Mutfak,Rational,UNOX CHEF TOP 7 GN 1/1 KOMBI FIRIN  ELEKTRIKLI  PLUS MODEL + KURULUM KITI GIRILMELI,https://equsto.com/images/catalog/ozti/web/ozti-9890-x0711-ep.jpg,451.038 TL + KDV,9890.X0711.EP,pisirme,linemiss-linemicro-serisi-firinlar
Öztiryakiler Endüstriyel Mutfak,Rational,UNOX CHEF TOP 7 GN 1/1 KOMBI FIRIN  GAZLI PLUS MODEL + KURULUM KITI GIRILMELI,https://equsto.com/images/catalog/ozti/web/ozti-9890-x0711-eg.jpg,487.915 TL + KDV,9890.X0711.EG,pisirme,linemiss-linemicro-serisi-firinlar
Öztiryakiler Endüstriyel Mutfak,Rational,UNOX DECKTOP COMBİ FIRIN 1 TEPSİ 40*60,https://equsto.com/images/catalog/ozti/web/ozti-9890-xebdc-01.jpg,158.856 TL + KDV,9890.XEBDC.01,pisirme,linemiss-linemicro-serisi-firinlar
Öztiryakiler Endüstriyel Mutfak,Rational,UNOX FIRIN 5 GN 2/3 XECC-0523-EPR,https://equsto.com/images/catalog/ozti/cafemarkt/ozti-9890-xecc0-523epr.jpg,303.528 TL + KDV,9890.XECC0.523EPR,pisirme,linemiss-linemicro-serisi-firinlar
Öztiryakiler Endüstriyel Mutfak,Rational,UNOX MAYALAMA 10 TEPSİ  600*400 XEKPT-10EU-C,https://equsto.com/images/catalog/ozti/web/ozti-9890-xekpt1-0euc.jpg,81.697 TL + KDV,9890.XEKPT1.0EUC,pisirme,linemiss-linemicro-serisi-firinlar
Öztiryakiler Endüstriyel Mutfak,Rational,UNOX MAYALAMA DOLABI 8 TEPSILI,https://equsto.com/images/catalog/ozti/web/ozti-9890-xekpt-8euc.jpg,74.890 TL + KDV,9890.XEKPT.8EUC,pisirme,linemiss-linemicro-serisi-firinlar
Öztiryakiler Endüstriyel Mutfak,Rational,UNOX MAYALAMA DOLABI BAKERTOP MODELINE UYUMLU (12 TEPSI),https://equsto.com/images/catalog/ozti/web/ozti-9890-xbc12-eu.jpg,124.816 TL + KDV,9890.XBC12.EU,pisirme,linemiss-linemicro-serisi-firinlar
Öztiryakiler Endüstriyel Mutfak,Rational,UNOX MAYALAMA DOLABI BAKERTOP MODELINE UYUMLU (8 TEPSI),https://equsto.com/images/catalog/ozti/web/ozti-9890-xbc08-eu.jpg,119.142 TL + KDV,9890.XBC08.EU,pisirme,linemiss-linemicro-serisi-firinlar
Öztiryakiler Endüstriyel Mutfak,Rational,UNOX ELEKTRIKLI 6 GN 600X400 TEPSI KAPASITELI,https://equsto.com/images/catalog/ozti/web/ozti-9890-xeft06-eu.jpg,209.917 TL + KDV,9890.XEFT06.EU,pisirme,linemiss-linemicro-serisi-firinlar
Öztiryakiler Endüstriyel Mutfak,Rational,UNOX ROBERTA FIRIN 3 TEPSİ 342X242,https://equsto.com/images/catalog/ozti/cafemarkt/ozti-9890-xf003-00.jpg,36.877 TL + KDV,9890.XF003.00,pisirme,linemiss-linemicro-serisi-firinlar
Öztiryakiler Endüstriyel Mutfak,Rational,UNOX ROSSELLA FIRIN LED KONTROL,https://equsto.com/images/catalog/ozti/web/ozti-9890-xft04-eu.jpg,140.134 TL + KDV,9890.XFT04.EU,pisirme,linemiss-linemicro-serisi-firinlar
Öztiryakiler Endüstriyel Mutfak,Rational,UNOX TAŞ TABANLI FIRIN 1 TEPSİ 40X60,https://equsto.com/images/catalog/ozti/cafemarkt/ozti-9890-xbc01-eu.jpg,190.060 TL + KDV,9890.XBC01.EU,pisirme,linemiss-linemicro-serisi-firinlar
Öztiryakiler Endüstriyel Mutfak,Rational,UNOX TAŞ TABANLI FIRIN 2 TEPSİ 40X60,https://equsto.com/images/catalog/ozti/web/ozti-9890-xbc02-eu.jpg,209.917 TL + KDV,9890.XBC02.EU,pisirme,linemiss-linemicro-serisi-firinlar
Öztiryakiler Endüstriyel Mutfak,Rational,OZTIRYAKILER MIKRODALGA FIRIN,https://equsto.com/images/catalog/ozti/web/ozti-9890-d90d2-30.jpg,20.981 TL + KDV,9890.D90D2.30,pisirme,mikrodalga-firin
Öztiryakiler Endüstriyel Mutfak,Vitrifrigo,ÖZTİRYAKİLER İNDİKSÜYONLU ISITICI-PİŞİRİCİ SETÜSTÜ 500-3500 W  33.9x42.8x11.7 CM,https://equsto.com/images/catalog/ozti/web/ozti-9868-bt350-kct.jpg,20.866 TL + KDV,9868.BT350.KCT,pisirme,induksiyonlu-ocaklar
Öztiryakiler Endüstriyel Mutfak,Vitrifrigo,ÖZTİRYAKİLER İNDİKSÜYONLU ISITICI-PİŞİRİCİ GÖMME 500-3500 W  36X38X12 CM,https://equsto.com/images/catalog/ozti/web/ozti-9868-bt350-t0.jpg,20.866 TL + KDV,9868.BT350.T0,pisirme,induksiyonlu-ocaklar
Öztiryakiler Endüstriyel Mutfak,Vitrifrigo,"ÖZTİRYAKİLER İNDİKSÜYONLU PİŞİRİCİ GÖMME 7000W  69,8 X 34,9 X 9,4 CM DİKEY",https://equsto.com/images/catalog/ozti/web/ozti-9868-et700-a0.jpg,37.789 TL + KDV,9868.ET700.A0,pisirme,induksiyonlu-ocaklar
Öztiryakiler Endüstriyel Mutfak,Rational,"Rational Mobile oven rack, Type 20-2/1 , 16 rack",,184.837 TL + KDV,5RRX.60223.95,set-ustu-mutfak,20-2-1-20-2-2-mobil-tepsi-standlari
Öztiryakiler Endüstriyel Mutfak,Rational,"RATIONAL MOBIL TABAK STANDI TİP 6-1/1, 20 TABAK",https://equsto.com/images/catalog/ozti/web/ozti-5rrx-60617-02.jpg,59.257 TL + KDV,5RRX.60617.02,set-ustu-mutfak,6-1-1-6-1-2-10-1-1-10-1-2-mobil-tabak-standlari
Öztiryakiler Endüstriyel Mutfak,Rational,"RATIONAL MOBIL TABAK STANDI TİP 6-1/1, 15 TABAK",,53.884 TL + KDV,5RRX.60617.01,set-ustu-mutfak,6-1-1-6-1-2-10-1-1-10-1-2-mobil-tabak-standlari
Öztiryakiler Endüstriyel Mutfak,Rational,"RATIONAL MOBIL TABAK STANDI TİP 10-1/1, 32 TABAK",,71.089 TL + KDV,5RRX.60115.81,set-ustu-mutfak,6-1-1-6-1-2-10-1-1-10-1-2-mobil-tabak-standlari
Öztiryakiler Endüstriyel Mutfak,Rational,"RATIONAL MOBIL TABAK STANDI TİP 10-1/1, 26 TABAK",,64.661 TL + KDV,5RRX.60116.02,set-ustu-mutfak,6-1-1-6-1-2-10-1-1-10-1-2-mobil-tabak-standlari
Öztiryakiler Endüstriyel Mutfak,Rational,"RATIONAL MOBIL TABAK STANDI TİP 20-1/1, 60 TABAK",https://equsto.com/images/catalog/ozti/web/ozti-5rrx-60212-93.jpg,171.853 TL + KDV,5RRX.60212.93,set-ustu-mutfak,20-2-1-20-2-2-mobil-tabak-standlari
Öztiryakiler Endüstriyel Mutfak,Rational,"RATIONAL MOBIL TABAK STANDI TİP 20-1/1, 60 TABAK",,156.248 TL + KDV,5RRX.60212.94,set-ustu-mutfak,20-2-1-20-2-2-mobil-tabak-standlari
Öztiryakiler Endüstriyel Mutfak,Rational,"RATIONAL MOBIL TABAK STANDI TİP 20-2/1, 120 TABAK",,252.120 TL + KDV,5RRX.60224.00,set-ustu-mutfak,20-2-1-20-2-2-mobil-tabak-standlari
Öztiryakiler Endüstriyel Mutfak,Rational,RATIONAL MUFFIN VETIMBAL KALIPLARI (1/1  GN),https://equsto.com/images/catalog/ozti/web/ozti-5rrx-60171-002.jpg,6.492 TL + KDV,5RRX.60171.002,set-ustu-mutfak,muffin-ve-timbal-kaliplari
Öztiryakiler Endüstriyel Mutfak,Rational,RATIONAL MUFFIN VETIMBAL KALIPLARI (2/1  GN),https://equsto.com/images/catalog/ozti/web/ozti-5rrx-60171-001.jpg,11.960 TL + KDV,5RRX.60171.001,set-ustu-mutfak,muffin-ve-timbal-kaliplari
Öztiryakiler Endüstriyel Mutfak,Rational,RATIONAL YAG DAMLAMA KABI 1/1 GN,https://equsto.com/images/catalog/ozti/web/ozti-5rrx-87101-135.jpg,26.798 TL + KDV,5RRX.87101.135,set-ustu-mutfak,yag-damlama-kaplari
Öztiryakiler Endüstriyel Mutfak,Rational,RATIONAL YAG TOPLAMA KABI,,39.654 TL + KDV,5RRX.60707.76,set-ustu-mutfak,yag-damlama-kaplari
Öztiryakiler Endüstriyel Mutfak,Rational,RATIONAL KUZU CEVIRME SISI MODEL 101/102/201/202 (1/1GN),https://equsto.com/images/catalog/ozti/web/ozti-5rrx-60708-19.jpg,11.544 TL + KDV,5RRX.60708.19,set-ustu-mutfak,kuzu-cevirme-sisi
Öztiryakiler Endüstriyel Mutfak,Rational,RATIONAL KUZU CEVIRME STANDI,,38.759 TL + KDV,5RRX.60351.003,set-ustu-mutfak,kuzu-cevirme-sisi
Öztiryakiler Endüstriyel Mutfak,Rational,RATIONAL KUZU CEVIRME SISI MODEL 202 (DESTEKLI SIS ILE),,40.549 TL + KDV,5RRX.60351.002,set-ustu-mutfak,kuzu-cevirme-sisi
Öztiryakiler Endüstriyel Mutfak,Rational,RATIONAL TAVUK KIZARTMA TELI H 4,https://equsto.com/images/catalog/ozti/web/ozti-5rrx-60351-015.jpg,3.454 TL + KDV,5RRX.60351.015,set-ustu-mutfak,kizartma-telleri
Öztiryakiler Endüstriyel Mutfak,Rational,RATIONAL TAVUK KIZARTMA TELI H 6,https://equsto.com/images/catalog/ozti/web/ozti-5rrx-60351-016.jpg,4.157 TL + KDV,5RRX.60351.016,set-ustu-mutfak,kizartma-telleri
Öztiryakiler Endüstriyel Mutfak,Rational,RATIONAL TAVUK KIZARTMA TELI H 8,https://equsto.com/images/catalog/ozti/web/ozti-5rrx-60351-006.jpg,4.573 TL + KDV,5RRX.60351.006,set-ustu-mutfak,kizartma-telleri
Öztiryakiler Endüstriyel Mutfak,Rational,RATIONAL TAVUK KIZARTMA TELI H 10,https://equsto.com/images/catalog/ozti/web/ozti-5rrx-60351-010.jpg,5.244 TL + KDV,5RRX.60351.010,set-ustu-mutfak,kizartma-telleri
Öztiryakiler Endüstriyel Mutfak,Rational,RATIONAL ORDEK KIZARTMA TELI E 8,https://equsto.com/images/catalog/ozti/web/ozti-5rrx-60351-009.jpg,8.219 TL + KDV,5RRX.60351.009,set-ustu-mutfak,kizartma-telleri
Öztiryakiler Endüstriyel Mutfak,Rational,RATIONAL ET PISIRME UNITESI,https://equsto.com/images/catalog/ozti/web/ozti-5rrx-60351-018.jpg,9.178 TL + KDV,5RRX.60351.018,set-ustu-mutfak,kaburga-izfarasi
Öztiryakiler Endüstriyel Mutfak,Rational,RATIONAL PIZZA TAVASI,https://equsto.com/images/catalog/ozti/web/ozti-5rrx-60711-58.jpg,1.790 TL + KDV,5RRX.60711.58,set-ustu-mutfak,pizza-tavasi
Öztiryakiler Endüstriyel Mutfak,Rational,RATIONAL PATATES KIZARTMA SEPETI 1/1 GN 50 MM,https://equsto.com/images/catalog/ozti/web/ozti-5rrx-60191-150.jpg,7.739 TL + KDV,5RRX.60191.150,set-ustu-mutfak,combifry
Öztiryakiler Endüstriyel Mutfak,Rational,RATIONAL PATATES KIZARTMA SEPETI 1/2 GN 50 MM,https://equsto.com/images/catalog/ozti/web/ozti-5rrx-60191-250.jpg,5.788 TL + KDV,5RRX.60191.250,set-ustu-mutfak,combifry
Öztiryakiler Endüstriyel Mutfak,Rational,RATIONAL YUMURTA PSIRME KALIBI,https://equsto.com/images/catalog/ozti/web/ozti-5rrx-60711-57.jpg,7.610 TL + KDV,5RRX.60711.57,set-ustu-mutfak,multubaker
Öztiryakiler Endüstriyel Mutfak,FAC,FAC GIDA DILIMLEME MAKINASI S AF220 AF,https://equsto.com/images/catalog/ozti/web/ozti-9830-s220a-f0.jpg,29.011 TL + KDV,9830.S220A.F0,set-ustu-mutfak,fac-gida-dilimleme-makinesi
Öztiryakiler Endüstriyel Mutfak,FAC,FAC GIDA DILIMLEME MAKINASI F 250 R,https://equsto.com/images/catalog/ozti/web/ozti-9830-f250e-00.jpg,35.027 TL + KDV,9830.F250E.00,set-ustu-mutfak,fac-gida-dilimleme-makinesi
Öztiryakiler Endüstriyel Mutfak,FAC,FAC GIDA DILIMLEME MAKINASI F 275 E,https://equsto.com/images/catalog/ozti/web/ozti-9830-f275e-00.jpg,35.027 TL + KDV,9830.F275E.00,set-ustu-mutfak,fac-gida-dilimleme-makinesi
Öztiryakiler Endüstriyel Mutfak,FAC,FAC GIDA DILIMLEME MAKINASI F 300 R,https://equsto.com/images/catalog/ozti/web/ozti-9830-f300e-00.jpg,49.302 TL + KDV,9830.F300E.00,set-ustu-mutfak,fac-gida-dilimleme-makinesi
Öztiryakiler Endüstriyel Mutfak,FAC,BERKEL RED LINE 22 CM KIRMIZI GIDA DİLİMLEME,https://equsto.com/images/catalog/ozti/web/ozti-9830-rl220-rd.jpg,68.009 TL + KDV,9830.RL220.RD,set-ustu-mutfak,berkel-gida-dilimlemleme-makineleri
Öztiryakiler Endüstriyel Mutfak,FAC,BERKEL RED LINE 25 CM KIRMIZI GIDA DİLİMLEME,https://equsto.com/images/catalog/ozti/web/ozti-9830-rl250-rd.jpg,70.628 TL + KDV,9830.RL250.RD,set-ustu-mutfak,berkel-gida-dilimlemleme-makineleri
Öztiryakiler Endüstriyel Mutfak,FAC,BERKEL RED LINE 30 CM KIRMIZI GIDA DİLİMLEME,https://equsto.com/images/catalog/ozti/web/ozti-9830-rl300-rd.jpg,108.590 TL + KDV,9830.RL300.RD,set-ustu-mutfak,berkel-gida-dilimlemleme-makineleri
Öztiryakiler Endüstriyel Mutfak,FAC,BERKEL PRO LINE 25 CM ÇELİK GIDA DİLİMLEME,https://equsto.com/images/catalog/ozti/web/ozti-9830-0xs25-00.jpg,65.390 TL + KDV,9830.0XS25.00,set-ustu-mutfak,berkel-gida-dilimlemleme-makineleri
Öztiryakiler Endüstriyel Mutfak,Vitrifrigo,GURMEAID GN /SICAK KAP TUTUCU,https://equsto.com/images/catalog/ozti/web/ozti-9868-0ppgp-00.jpg,170 TL + KDV,9868.0PPGP.00,set-ustu-mutfak,servis-gerecleri
Öztiryakiler Endüstriyel Mutfak,Bartscher,"BARTSCHER GN 1/1 8,5 LT CHAFING DISH İNDÜKSİYONLU ISITICI UYUMLU",https://equsto.com/images/catalog/ozti/web/ozti-9450-50050-70.jpg,39.372 TL + KDV,9450.50050.70,set-ustu-mutfak,chafing-dishler
Öztiryakiler Endüstriyel Mutfak,Nuova Simonelli,NUOVA SİMONELLİ GRİNTA KAHVE DEĞİRMENİ,https://equsto.com/images/catalog/ozti/web/ozti-9584-amm50-12.jpg,16.319 TL + KDV,9584.AMM50.12,set-ustu-mutfak,degirmen-bar-blenderleri
Öztiryakiler Endüstriyel Mutfak,Robot Coupe,ROBOT COUPE KATI MEYVE PRESİ J80,https://equsto.com/images/catalog/ozti/web/ozti-9860-00j80-00.jpg,91.064 TL + KDV,9860.00J80.00,set-ustu-mutfak,portakal-sikma-makineleri
Öztiryakiler Endüstriyel Mutfak,Santos,SANTOS PORTAKAL SIKMA MAKINASI NO 11,https://equsto.com/images/catalog/ozti/web/ozti-9860-00011-00.jpg,29.414 TL + KDV,9860.00011.00,set-ustu-mutfak,portakal-sikma-makineleri
Öztiryakiler Endüstriyel Mutfak,Santos,SANTOS BUZ KIRICI NO 53,https://equsto.com/images/catalog/ozti/web/ozti-9535-00053-00.jpg,69.276 TL + KDV,9535.00053.00,set-ustu-mutfak,portakal-sikma-makineleri
Öztiryakiler Endüstriyel Mutfak,Hoshizaki,HOSHIZAKI BUZ MAKINESI IM-30CNE-HC 30KG,https://equsto.com/images/catalog/ozti/web/ozti-9805-im30cn-ehc.jpg,137.444 TL + KDV,9805.IM30CN.EHC,sogutma,buz-makineleri
Öztiryakiler Endüstriyel Mutfak,Hoshizaki,HOSHIZAKI BUZ MAKINESI IM-45NE-HC 46 KG,https://equsto.com/images/catalog/ozti/web/ozti-9805-im45n-ehc.jpg,177.642 TL + KDV,9805.IM45N.EHC,sogutma,buz-makineleri
Öztiryakiler Endüstriyel Mutfak,Hoshizaki,HOSHIZAKI BUZ MAKINESI IM-65NE-HC 62 KG,https://equsto.com/images/catalog/ozti/web/ozti-9805-im65n-ehc.jpg,209.717 TL + KDV,9805.IM65N.EHC,sogutma,buz-makineleri
Öztiryakiler Endüstriyel Mutfak,Hoshizaki,HOSHIZAKI BUZ MAKINESI IM-240DNE-HC 210KG,https://oztiryakiler.com.tr/ax-images/images/9805.IM240X.NHC.jpg,381.922 TL + KDV,9805.IM240D.NHC,sogutma,buz-makineleri
Öztiryakiler Endüstriyel Mutfak,Hoshizaki,HOSHIZAKI BUZ MAKINESI IM-240XNE-HC 210KG,https://equsto.com/images/catalog/ozti/web/ozti-9805-im240x-nhc.jpg,381.922 TL + KDV,9805.IM240X.NHC,sogutma,buz-makineleri
Öztiryakiler Endüstriyel Mutfak,Hoshizaki,HOSHIZAKI BUZ MAKINESI IM-240ANE-HC 210KG,https://equsto.com/images/catalog/ozti/web/ozti-9805-im240a-neh.jpg,402.581 TL + KDV,9805.IM240A.NEH,sogutma,buz-makineleri
Öztiryakiler Endüstriyel Mutfak,Hoshizaki,HOSHIZAKI BUZ HAZNESI 140KG B-140SA,https://equsto.com/images/catalog/ozti/web/ozti-9805-0b140-sa.jpg,112.469 TL + KDV,9805.0B140.SA,sogutma,buz-makineleri
Öztiryakiler Endüstriyel Mutfak,Hoshizaki,HOSHIZAKI BUZ HAZNESI 340KG B-340SA,https://equsto.com/images/catalog/ozti/web/ozti-9805-0b340-sa.jpg,178.186 TL + KDV,9805.0B340.SA,sogutma,buz-makineleri
Öztiryakiler Endüstriyel Mutfak,Hoshizaki,HOSHIZAKI BUZ MAKINESI BAGLANTI KITI TK-IMD2,https://oztiryakiler.com.tr/ax-images/images/9805.IM45N.EHC.jpg,17.045 TL + KDV,9805.00IMD.00,sogutma,buz-makineleri
Öztiryakiler Endüstriyel Mutfak,Hoshizaki,SIMAG BUZ MAKİNASI SDE18 18 Kg/gün,https://oztiryakiler.com.tr/ax-images/images/9805.SDE18.00.jpg,55.489 TL + KDV,9805.SDE18.00,sogutma,buz-makineleri
Öztiryakiler Endüstriyel Mutfak,Hoshizaki,SIMAG BUZ MAKİNASI SDE24  24 Kg/gün,https://equsto.com/images/catalog/ozti/web/ozti-9805-sde24-00.jpg,63.059 TL + KDV,9805.SDE24.00,sogutma,buz-makineleri
Öztiryakiler Endüstriyel Mutfak,Hoshizaki,SIMAG BUZ MAKİNASI  SDE30 30 kg/gün,https://equsto.com/images/catalog/ozti/web/ozti-9805-sde30-00.jpg,71.405 TL + KDV,9805.SDE30.00,sogutma,buz-makineleri
Öztiryakiler Endüstriyel Mutfak,Hoshizaki,SIMAG BUZ MAKİNASI SDE40  38 Kg/gün,https://equsto.com/images/catalog/ozti/web/ozti-9805-sde40-00.jpg,88.962 TL + KDV,9805.SDE40.00,sogutma,buz-makineleri
Öztiryakiler Endüstriyel Mutfak,Hoshizaki,SIMAG BUZ MAKINASI SDE50 47 kg/gün,https://equsto.com/images/catalog/ozti/web/ozti-9805-sde50-00.jpg,96.215 TL + KDV,9805.SDE50.00,sogutma,buz-makineleri
Öztiryakiler Endüstriyel Mutfak,Hoshizaki,SIMAG BUZ MAKINASI SDE64 63 kg/gün,https://equsto.com/images/catalog/ozti/web/ozti-9805-sde64-00.jpg,113.886 TL + KDV,9805.SDE64.00,sogutma,buz-makineleri
Öztiryakiler Endüstriyel Mutfak,Hoshizaki,SIMAG BUZ MAKINASI SDE84 82 kg/gün,https://equsto.com/images/catalog/ozti/web/ozti-9805-sde84-00.jpg,138.119 TL + KDV,9805.SDE84.00,sogutma,buz-makineleri
Öztiryakiler Endüstriyel Mutfak,Hoshizaki,SIMAG BUZ MAKINASI 192 LTR,https://equsto.com/images/catalog/ozti/web/ozti-9805-sv145-00.jpg,204.229 TL + KDV,9805.SV145.00,sogutma,buz-makineleri
Öztiryakiler Endüstriyel Mutfak,Hoshizaki,SIMAG BUZ MAKINASI 215 LTR,https://equsto.com/images/catalog/ozti/web/ozti-9805-sv225-00.jpg,227.081 TL + KDV,9805.SV225.00,sogutma,buz-makineleri
Öztiryakiler Endüstriyel Mutfak,Hoshizaki,SIMAG BUZ MAKINASI 530 LTR SVD503,https://equsto.com/images/catalog/ozti/web/ozti-9805-sv545-00.jpg,398.442 TL + KDV,9805.SV545.00,sogutma,buz-makineleri
Öztiryakiler Endüstriyel Mutfak,Hoshizaki,SIMAG BUZ MAKINASI 315 LTR,https://equsto.com/images/catalog/ozti/web/ozti-9805-sv325-00.jpg,258.510 TL + KDV,9805.SV325.00,sogutma,buz-makineleri
Öztiryakiler Endüstriyel Mutfak,Hoshizaki,"SIMAG KAR BUZ MAKINASI SP125, 120KG/GUN",https://equsto.com/images/catalog/ozti/web/ozti-9805-spn12-50.jpg,200.459 TL + KDV,9805.SPN12.50,sogutma,buz-makineleri
Öztiryakiler Endüstriyel Mutfak,Hoshizaki,"SIMAG KAR BUZ MAKINASI SP255 AS-F, 200KG/GUN",https://equsto.com/images/catalog/ozti/web/ozti-9805-spn25-50.jpg,230.506 TL + KDV,9805.SPN25.50,sogutma,buz-makineleri
Öztiryakiler Endüstriyel Mutfak,Hoshizaki,SIMAG KAR BUZ MAKINASI SP,https://equsto.com/images/catalog/ozti/web/ozti-9805-spn40-50.jpg,343.960 TL + KDV,9805.SPN40.50,sogutma,buz-makineleri
Öztiryakiler Endüstriyel Mutfak,Hoshizaki,OZTI BUZ MAKINESI OKB22A 22KG/GUN HAZNE 4 KG FULL CUBE,https://equsto.com/images/catalog/ozti/web/ozti-9805-okb22-a0.jpg,56.411 TL + KDV,9805.OKB22.A0,sogutma,buz-makineleri
Öztiryakiler Endüstriyel Mutfak,Hoshizaki,OZTI BUZ MAKINESI OKB22A 25KG/GUN HAZNE 6 KG FULL CUBE,https://equsto.com/images/catalog/ozti/web/ozti-9805-okb25-a0.jpg,63.318 TL + KDV,9805.OKB25.A0,sogutma,buz-makineleri
Öztiryakiler Endüstriyel Mutfak,Hoshizaki,OZTI BUZ MAKINESI OKB37A 37KG/GUN HAZNE 16 KG FULL CUBE,https://equsto.com/images/catalog/ozti/web/ozti-9805-okb37-a0.jpg,77.824 TL + KDV,9805.OKB37.A0,sogutma,buz-makineleri
Öztiryakiler Endüstriyel Mutfak,Hoshizaki,OZTI BUZ MAKINESI OKB46A 46KG/GUN HAZNE 16 KG FULL CUBE,https://equsto.com/images/catalog/ozti/web/ozti-9805-okb46-a0.jpg,81.191 TL + KDV,9805.OKB46.A0,sogutma,buz-makineleri
Öztiryakiler Endüstriyel Mutfak,Hoshizaki,OZTI BUZ MAKINESI OKB68A 68KG/GUN HAZNE 40 KG FULL CUBE,https://equsto.com/images/catalog/ozti/web/ozti-9805-okb68-a0.jpg,119.210 TL + KDV,9805.OKB68.A0,sogutma,buz-makineleri
Öztiryakiler Endüstriyel Mutfak,Hoshizaki,OZTI BUZ MAKINESI OKB88A 88KG/GUN HAZNE 40 KG FULL CUBE,https://equsto.com/images/catalog/ozti/web/ozti-9805-okb88-a0.jpg,125.455 TL + KDV,9805.OKB88.A0,sogutma,buz-makineleri
Öztiryakiler Endüstriyel Mutfak,Hoshizaki,OZTI BUZ MAKINESI OFB100A 100KG/GUN HAZNE 20 KG FLAKE,https://equsto.com/images/catalog/ozti/web/ozti-9805-ofb10-0a.jpg,149.747 TL + KDV,9805.OFB10.0A,sogutma,buz-makineleri
Öztiryakiler Endüstriyel Mutfak,Hoshizaki,OZTI BUZ MAKINESI ODB140A 140KG/GUN FLAT ICE CUBE,https://equsto.com/images/catalog/ozti/web/ozti-9805-odb14-0a.jpg,151.013 TL + KDV,9805.ODB14.0A,sogutma,buz-makineleri
Öztiryakiler Endüstriyel Mutfak,Hoshizaki,OZTI BUZ MAKINESI ODB200A 200KG/GUN FLAT ICE CUBE,https://equsto.com/images/catalog/ozti/web/ozti-9805-odb20-0a.jpg,186.558 TL + KDV,9805.ODB20.0A,sogutma,buz-makineleri
Öztiryakiler Endüstriyel Mutfak,Hoshizaki,OZTI BUZ MAKINESI ODB414A 414KG/GUN FLAT ICE CUBE,https://equsto.com/images/catalog/ozti/web/ozti-9805-odb41-4a.jpg,249.329 TL + KDV,9805.ODB41.4A,sogutma,buz-makineleri
Öztiryakiler Endüstriyel Mutfak,Hoshizaki,OZTI BUZ MAKINESI OFB165A 165KG/GUN FLAKE,https://equsto.com/images/catalog/ozti/web/ozti-9805-ofb16-5a.jpg,176.023 TL + KDV,9805.OFB16.5A,sogutma,buz-makineleri
Öztiryakiler Endüstriyel Mutfak,Hoshizaki,OZTI BUZ MAKINESI OFB320A 320KG/GUN FLAKE,https://equsto.com/images/catalog/ozti/web/ozti-9805-ofb32-0a.jpg,241.788 TL + KDV,9805.OFB32.0A,sogutma,buz-makineleri
Öztiryakiler Endüstriyel Mutfak,Rational,OZTI RATINAL BANKETLER  IÇIN MODEL 101 26 TABAKLIK,,—,5RRX.60708.01,tasima,rational-banket
Öztiryakiler Endüstriyel Mutfak,Rational,RATIONAL MOBIL TEPSI STANDI IÇIN TAŞIMA ARABASI TİP 6-1/1 VE 10-1/1,https://equsto.com/images/catalog/ozti/web/ozti-5rrx-60740-00.jpg,62.519 TL + KDV,5RRX.60740.00,tasima,6-1-1-6-1-2-10-1-1-10-1-2-mobil-tepsi-standi-tasima-arabalari
Öztiryakiler Endüstriyel Mutfak,Rational,"RATIONAL MOBIL TEPSI STANDI IÇIN TAŞIMA ARABASI, TİP 6-2/1 VE 10-2/1",,81.226 TL + KDV,5RRX.60739.99,tasima,6-1-1-6-1-2-10-1-1-10-1-2-mobil-tepsi-standi-tasima-arabalari
Öztiryakiler Endüstriyel Mutfak,Rational,"RATIONAL BANKET IÇIN FINISHING SISTEMLERI TİP 6-1/1, 20 TABAK",,135.654 TL + KDV,5RRX.60617.41,tasima,6-1-1-6-1-2-10-1-1-10-1-2-finishing-sistemleri
Öztiryakiler Endüstriyel Mutfak,Rational,"Rational Banket için Finishing sistemleri Tip 10-1/1, 32 tabak",https://equsto.com/images/catalog/ozti/web/ozti-5rrx-60116-28.jpg,155.353 TL + KDV,5RRX.60116.28,tasima,6-1-1-6-1-2-10-1-1-10-1-2-finishing-sistemleri
Öztiryakiler Endüstriyel Mutfak,Rational,"RATIONAL BANKET IÇIN FINISHING TİP 6-2/1, 34 TABAK",,185.540 TL + KDV,5RRX.60621.96,tasima,6-1-1-6-1-2-10-1-1-10-1-2-finishing-sistemleri
Öztiryakiler Endüstriyel Mutfak,Rational,"Rational Banket için Finishing sistemleri Tip 10-2/1, 42 tabak",,199.291 TL + KDV,5RRX.60121.54,tasima,6-1-1-6-1-2-10-1-1-10-1-2-finishing-sistemleri
Öztiryakiler Endüstriyel Mutfak,Rational,"RATIONAL BANKET IÇIN FINISHING SISTEMLERI TİP 20-1/1, 60 TABAK",,223.243 TL + KDV,5RRX.60213.32,tasima,20-2-1-20-2-2-finishing-sistemleri
Öztiryakiler Endüstriyel Mutfak,Rational,"RATIONAL BANKET IÇIN FINISHING SISTEMLERI TİP 20-1/1, 50 TABAK",https://equsto.com/images/catalog/ozti/web/ozti-5rrx-60213-33.jpg,209.972 TL + KDV,5RRX.60213.33,tasima,20-2-1-20-2-2-finishing-sistemleri
Öztiryakiler Endüstriyel Mutfak,Rational,RATIONAL FINISHING SISTEM BANKET ARABASI 120 TABAK 20-2/1,https://equsto.com/images/catalog/ozti/web/ozti-9890-60224-93.jpg,270.221 TL + KDV,9890.60224.93,tasima,banket-arabalari
Öztiryakiler Endüstriyel Mutfak,Rational,RATIONAL FINISHING SISTEM BANKET ARABASI 20-2/1 60.22.492,,311.537 TL + KDV,5RRX.60224.92,tasima,banket-arabalari